flammula_20190925_male_left-image.logs_fiddlercrab_rhabdoms_without_elastic_deformation_lightning_logs_version_3_checkpoints_last_x_3_y_3_z_3_average_threshold_0.5_prediction_peak_min_val_0_5_method_max_filter,./analysis_output/flammula_20190925_male_left-image.logs_fiddlercrab_rhabdoms_without_elastic_deformation_lightning_logs_version_3_checkpoints_last_x_3_y_3_z_3_average_threshold_0.5_prediction_peak_min_val_0_5_method_max_filter.resampled_space_peaks_results.pickle
flammula_20190925_male_left-image.logs_fiddlercrab_corneas_random_affine_prop_1_lightning_logs_version_0_checkpoints_last_x_3_y_3_z_3_average_threshold_0.5_prediction_peak_min_val_0_25_method_max_filter,./analysis_output/flammula_20190925_male_left-image.logs_fiddlercrab_corneas_random_affine_prop_1_lightning_logs_version_0_checkpoints_last_x_3_y_3_z_3_average_threshold_0.5_prediction_peak_min_val_0_25_method_max_filter.resampled_space_peaks_results.pickle
flammula_20190925_male_left-image.logs_fiddlercrab_rhabdoms_with_target_heatmap_masking_lightning_logs_version_2_checkpoints_last_x_3_y_3_z_3_average_threshold_0.25_prediction_peak_min_val_0_5_method_center_of_mass,./analysis_output/flammula_20190925_male_left-image.logs_fiddlercrab_rhabdoms_with_target_heatmap_masking_lightning_logs_version_2_checkpoints_last_x_3_y_3_z_3_average_threshold_0.25_prediction_peak_min_val_0_5_method_center_of_mass.resampled_space_peaks_results.pickle
FEG200205_108_crop-image.logs_paraphronima_rhabdoms_without_elastic_deformation_lightning_logs_version_2_checkpoints_last_x_3_y_3_z_3_average_threshold_0.25_prediction_peak_min_val_0_25_method_max_filter,./analysis_output/FEG200205_108_crop-image.logs_paraphronima_rhabdoms_without_elastic_deformation_lightning_logs_version_2_checkpoints_last_x_3_y_3_z_3_average_threshold_0.25_prediction_peak_min_val_0_25_method_max_filter.resampled_space_peaks_results.pickle
flammula_20190925_male_left-image.logs_fiddlercrab_corneas_lightning_logs_version_26_checkpoints_last_x_3_y_3_z_3_average_threshold_None_prediction_peak_min_val_0_5_method_max_filter,./analysis_output/flammula_20190925_male_left-image.logs_fiddlercrab_corneas_lightning_logs_version_26_checkpoints_last_x_3_y_3_z_3_average_threshold_None_prediction_peak_min_val_0_5_method_max_filter.resampled_space_peaks_results.pickle
P_crassipes_FEG200129_099-image.logs_paraphronima_rhabdoms_without_elastic_deformation_lightning_logs_version_2_checkpoints_last_x_3_y_3_z_3_average_threshold_None_prediction_peak_min_val_0_25_method_max_filter,./analysis_output/P_crassipes_FEG200129_099-image.logs_paraphronima_rhabdoms_without_elastic_deformation_lightning_logs_version_2_checkpoints_last_x_3_y_3_z_3_average_threshold_None_prediction_peak_min_val_0_25_method_max_filter.resampled_space_peaks_results.pickle
P_crassipes_FEG191022_077A-image.logs_paraphronima_rhabdoms_without_target_heatmap_masking_lightning_logs_version_1_checkpoints_last_x_3_y_3_z_3_average_threshold_0.25_prediction_peak_min_val_0_5_method_center_of_mass,./analysis_output/P_crassipes_FEG191022_077A-image.logs_paraphronima_rhabdoms_without_target_heatmap_masking_lightning_logs_version_1_checkpoints_last_x_3_y_3_z_3_average_threshold_0.25_prediction_peak_min_val_0_5_method_center_of_mass.resampled_space_peaks_results.pickle
P_crassipes_FEG191022_077A-image.logs_paraphronima_rhabdoms_lightning_logs_version_23_checkpoints_last_x_3_y_3_z_3_average_threshold_None_prediction_peak_min_val_0_5_method_center_of_mass,./analysis_output/P_crassipes_FEG191022_077A-image.logs_paraphronima_rhabdoms_lightning_logs_version_23_checkpoints_last_x_3_y_3_z_3_average_threshold_None_prediction_peak_min_val_0_5_method_center_of_mass.resampled_space_peaks_results.pickle
FEG200205_108_crop-image.logs_paraphronima_rhabdoms_lightning_logs_version_23_checkpoints_last_x_3_y_3_z_3_average_threshold_0.25_prediction_peak_min_val_0_5_method_center_of_mass,./analysis_output/FEG200205_108_crop-image.logs_paraphronima_rhabdoms_lightning_logs_version_23_checkpoints_last_x_3_y_3_z_3_average_threshold_0.25_prediction_peak_min_val_0_5_method_center_of_mass.resampled_space_peaks_results.pickle
dampieri_male_16-image.logs_fiddlercrab_rhabdoms_hist_std_lightning_logs_version_0_checkpoints_last_x_3_y_3_z_3_average_threshold_0.5_prediction_peak_min_val_0_5_method_max_filter,./analysis_output/dampieri_male_16-image.logs_fiddlercrab_rhabdoms_hist_std_lightning_logs_version_0_checkpoints_last_x_3_y_3_z_3_average_threshold_0.5_prediction_peak_min_val_0_5_method_max_filter.resampled_space_peaks_results.pickle
flammula_20190925_male_left-image.logs_fiddlercrab_corneas_hist_std_z_norm_lightning_logs_version_0_checkpoints_last_x_3_y_3_z_3_average_threshold_0.25_prediction_peak_min_val_0_5_method_center_of_mass,./analysis_output/flammula_20190925_male_left-image.logs_fiddlercrab_corneas_hist_std_z_norm_lightning_logs_version_0_checkpoints_last_x_3_y_3_z_3_average_threshold_0.25_prediction_peak_min_val_0_5_method_center_of_mass.resampled_space_peaks_results.pickle
dampieri_male_16-image.logs_fiddlercrab_rhabdoms_without_random_rotation_lightning_logs_version_0_checkpoints_last_x_3_y_3_z_3_average_threshold_None_prediction_peak_min_val_0_5_method_center_of_mass,./analysis_output/dampieri_male_16-image.logs_fiddlercrab_rhabdoms_without_random_rotation_lightning_logs_version_0_checkpoints_last_x_3_y_3_z_3_average_threshold_None_prediction_peak_min_val_0_5_method_center_of_mass.resampled_space_peaks_results.pickle
flammula_20190925_male_left-image.logs_fiddlercrab_corneas_hist_std_lightning_logs_version_0_checkpoints_last_x_3_y_3_z_3_average_threshold_0.5_prediction_peak_min_val_0_5_method_center_of_mass,./analysis_output/flammula_20190925_male_left-image.logs_fiddlercrab_corneas_hist_std_lightning_logs_version_0_checkpoints_last_x_3_y_3_z_3_average_threshold_0.5_prediction_peak_min_val_0_5_method_center_of_mass.resampled_space_peaks_results.pickle
flammula_20190925_male_left-image.logs_fiddlercrab_rhabdoms_without_random_rotation_lightning_logs_version_0_checkpoints_last_x_3_y_3_z_3_average_threshold_None_prediction_peak_min_val_0_5_method_center_of_mass,./analysis_output/flammula_20190925_male_left-image.logs_fiddlercrab_rhabdoms_without_random_rotation_lightning_logs_version_0_checkpoints_last_x_3_y_3_z_3_average_threshold_None_prediction_peak_min_val_0_5_method_center_of_mass.resampled_space_peaks_results.pickle
dampieri_male_16-image.logs_fiddlercrab_rhabdoms_lightning_logs_version_10_checkpoints_last_x_3_y_3_z_3_average_threshold_None_prediction_peak_min_val_0_25_method_max_filter,./analysis_output/dampieri_male_16-image.logs_fiddlercrab_rhabdoms_lightning_logs_version_10_checkpoints_last_x_3_y_3_z_3_average_threshold_None_prediction_peak_min_val_0_25_method_max_filter.resampled_space_peaks_results.pickle
FEG200205_108_crop-image.logs_paraphronima_rhabdoms_without_elastic_deformation_lightning_logs_version_2_checkpoints_last_x_3_y_3_z_3_average_threshold_0.5_prediction_peak_min_val_0_5_method_center_of_mass,./analysis_output/FEG200205_108_crop-image.logs_paraphronima_rhabdoms_without_elastic_deformation_lightning_logs_version_2_checkpoints_last_x_3_y_3_z_3_average_threshold_0.5_prediction_peak_min_val_0_5_method_center_of_mass.resampled_space_peaks_results.pickle
FEG200205_108_crop-image.logs_paraphronima_rhabdoms_lightning_logs_version_23_checkpoints_last_x_3_y_3_z_3_average_threshold_None_prediction_peak_min_val_0_5_method_center_of_mass,./analysis_output/FEG200205_108_crop-image.logs_paraphronima_rhabdoms_lightning_logs_version_23_checkpoints_last_x_3_y_3_z_3_average_threshold_None_prediction_peak_min_val_0_5_method_center_of_mass.resampled_space_peaks_results.pickle
flammula_20190925_male_left-image.logs_fiddlercrab_rhabdoms_without_random_rotation_lightning_logs_version_0_checkpoints_last_x_3_y_3_z_3_average_threshold_None_prediction_peak_min_val_0_5_method_max_filter,./analysis_output/flammula_20190925_male_left-image.logs_fiddlercrab_rhabdoms_without_random_rotation_lightning_logs_version_0_checkpoints_last_x_3_y_3_z_3_average_threshold_None_prediction_peak_min_val_0_5_method_max_filter.resampled_space_peaks_results.pickle
flammula_20190925_male_left-image.logs_fiddlercrab_rhabdoms_with_target_heatmap_masking_lightning_logs_version_2_checkpoints_last_x_3_y_3_z_3_average_threshold_None_prediction_peak_min_val_0_5_method_max_filter,./analysis_output/flammula_20190925_male_left-image.logs_fiddlercrab_rhabdoms_with_target_heatmap_masking_lightning_logs_version_2_checkpoints_last_x_3_y_3_z_3_average_threshold_None_prediction_peak_min_val_0_5_method_max_filter.resampled_space_peaks_results.pickle
dampieri_male_16-image.logs_fiddlercrab_rhabdoms_without_random_scale_lightning_logs_version_3_checkpoints_last_x_3_y_3_z_3_average_threshold_0.5_prediction_peak_min_val_0_25_method_max_filter,./analysis_output/dampieri_male_16-image.logs_fiddlercrab_rhabdoms_without_random_scale_lightning_logs_version_3_checkpoints_last_x_3_y_3_z_3_average_threshold_0.5_prediction_peak_min_val_0_25_method_max_filter.resampled_space_peaks_results.pickle
dampieri_male_16-image.logs_fiddlercrab_corneas_lightning_logs_version_26_checkpoints_last_x_3_y_3_z_3_average_threshold_0.5_prediction_peak_min_val_0_25_method_center_of_mass,./analysis_output/dampieri_male_16-image.logs_fiddlercrab_corneas_lightning_logs_version_26_checkpoints_last_x_3_y_3_z_3_average_threshold_0.5_prediction_peak_min_val_0_25_method_center_of_mass.resampled_space_peaks_results.pickle
flammula_20190925_male_left-image.logs_fiddlercrab_rhabdoms_without_random_rotation_lightning_logs_version_0_checkpoints_last_x_3_y_3_z_3_average_threshold_None_prediction_peak_min_val_0_25_method_center_of_mass,./analysis_output/flammula_20190925_male_left-image.logs_fiddlercrab_rhabdoms_without_random_rotation_lightning_logs_version_0_checkpoints_last_x_3_y_3_z_3_average_threshold_None_prediction_peak_min_val_0_25_method_center_of_mass.resampled_space_peaks_results.pickle
FEG200205_108_crop-image.logs_paraphronima_rhabdoms_without_random_scale_lightning_logs_version_3_checkpoints_last_x_3_y_3_z_3_average_threshold_0.5_prediction_peak_min_val_0_5_method_center_of_mass,./analysis_output/FEG200205_108_crop-image.logs_paraphronima_rhabdoms_without_random_scale_lightning_logs_version_3_checkpoints_last_x_3_y_3_z_3_average_threshold_0.5_prediction_peak_min_val_0_5_method_center_of_mass.resampled_space_peaks_results.pickle
FEG200205_108_crop-image.logs_paraphronima_rhabdoms_without_target_heatmap_masking_lightning_logs_version_1_checkpoints_last_x_3_y_3_z_3_average_threshold_None_prediction_peak_min_val_0_25_method_center_of_mass,./analysis_output/FEG200205_108_crop-image.logs_paraphronima_rhabdoms_without_target_heatmap_masking_lightning_logs_version_1_checkpoints_last_x_3_y_3_z_3_average_threshold_None_prediction_peak_min_val_0_25_method_center_of_mass.resampled_space_peaks_results.pickle
flammula_20190925_male_left-image.logs_fiddlercrab_rhabdoms_with_target_heatmap_masking_lightning_logs_version_2_checkpoints_last_x_3_y_3_z_3_average_threshold_None_prediction_peak_min_val_0_5_method_center_of_mass,./analysis_output/flammula_20190925_male_left-image.logs_fiddlercrab_rhabdoms_with_target_heatmap_masking_lightning_logs_version_2_checkpoints_last_x_3_y_3_z_3_average_threshold_None_prediction_peak_min_val_0_5_method_center_of_mass.resampled_space_peaks_results.pickle
P_crassipes_FEG200129_099-image.logs_paraphronima_rhabdoms_without_random_scale_lightning_logs_version_3_checkpoints_last_x_3_y_3_z_3_average_threshold_None_prediction_peak_min_val_0_5_method_center_of_mass,./analysis_output/P_crassipes_FEG200129_099-image.logs_paraphronima_rhabdoms_without_random_scale_lightning_logs_version_3_checkpoints_last_x_3_y_3_z_3_average_threshold_None_prediction_peak_min_val_0_5_method_center_of_mass.resampled_space_peaks_results.pickle
P_crassipes_FEG200129_099-image.logs_paraphronima_rhabdoms_without_random_scale_lightning_logs_version_3_checkpoints_last_x_3_y_3_z_3_average_threshold_None_prediction_peak_min_val_0_25_method_center_of_mass,./analysis_output/P_crassipes_FEG200129_099-image.logs_paraphronima_rhabdoms_without_random_scale_lightning_logs_version_3_checkpoints_last_x_3_y_3_z_3_average_threshold_None_prediction_peak_min_val_0_25_method_center_of_mass.resampled_space_peaks_results.pickle
dampieri_male_16-image.logs_fiddlercrab_corneas_random_affine_prop_1_lightning_logs_version_0_checkpoints_last_x_3_y_3_z_3_average_threshold_0.5_prediction_peak_min_val_0_25_method_center_of_mass,./analysis_output/dampieri_male_16-image.logs_fiddlercrab_corneas_random_affine_prop_1_lightning_logs_version_0_checkpoints_last_x_3_y_3_z_3_average_threshold_0.5_prediction_peak_min_val_0_25_method_center_of_mass.resampled_space_peaks_results.pickle
P_crassipes_FEG190213_003b_02_head-image.logs_paraphronima_corneas_lightning_logs_version_11_checkpoints_last_x_3_y_3_z_3_average_threshold_None_prediction_peak_min_val_0_5_method_max_filter,./analysis_output/P_crassipes_FEG190213_003b_02_head-image.logs_paraphronima_corneas_lightning_logs_version_11_checkpoints_last_x_3_y_3_z_3_average_threshold_None_prediction_peak_min_val_0_5_method_max_filter.resampled_space_peaks_results.pickle
dampieri_male_16-image.logs_fiddlercrab_rhabdoms_with_target_heatmap_masking_lightning_logs_version_2_checkpoints_last_x_3_y_3_z_3_average_threshold_0.25_prediction_peak_min_val_0_5_method_max_filter,./analysis_output/dampieri_male_16-image.logs_fiddlercrab_rhabdoms_with_target_heatmap_masking_lightning_logs_version_2_checkpoints_last_x_3_y_3_z_3_average_threshold_0.25_prediction_peak_min_val_0_5_method_max_filter.resampled_space_peaks_results.pickle
flammula_20190925_male_left-image.logs_fiddlercrab_corneas_random_affine_prop_1_lightning_logs_version_0_checkpoints_last_x_3_y_3_z_3_average_threshold_0.25_prediction_peak_min_val_0_25_method_center_of_mass,./analysis_output/flammula_20190925_male_left-image.logs_fiddlercrab_corneas_random_affine_prop_1_lightning_logs_version_0_checkpoints_last_x_3_y_3_z_3_average_threshold_0.25_prediction_peak_min_val_0_25_method_center_of_mass.resampled_space_peaks_results.pickle
dampieri_male_16-image.logs_fiddlercrab_corneas_random_affine_prop_1_lightning_logs_version_0_checkpoints_last_x_3_y_3_z_3_average_threshold_None_prediction_peak_min_val_0_5_method_center_of_mass,./analysis_output/dampieri_male_16-image.logs_fiddlercrab_corneas_random_affine_prop_1_lightning_logs_version_0_checkpoints_last_x_3_y_3_z_3_average_threshold_None_prediction_peak_min_val_0_5_method_center_of_mass.resampled_space_peaks_results.pickle
FEG200205_108_crop-image.logs_paraphronima_rhabdoms_without_random_scale_lightning_logs_version_3_checkpoints_last_x_3_y_3_z_3_average_threshold_None_prediction_peak_min_val_0_5_method_max_filter,./analysis_output/FEG200205_108_crop-image.logs_paraphronima_rhabdoms_without_random_scale_lightning_logs_version_3_checkpoints_last_x_3_y_3_z_3_average_threshold_None_prediction_peak_min_val_0_5_method_max_filter.resampled_space_peaks_results.pickle
P_crassipes_FEG200129_099-image.logs_paraphronima_rhabdoms_without_random_scale_lightning_logs_version_3_checkpoints_last_x_3_y_3_z_3_average_threshold_0.5_prediction_peak_min_val_0_25_method_center_of_mass,./analysis_output/P_crassipes_FEG200129_099-image.logs_paraphronima_rhabdoms_without_random_scale_lightning_logs_version_3_checkpoints_last_x_3_y_3_z_3_average_threshold_0.5_prediction_peak_min_val_0_25_method_center_of_mass.resampled_space_peaks_results.pickle
dampieri_male_16-image.logs_fiddlercrab_corneas_random_affine_prop_1_lightning_logs_version_0_checkpoints_last_x_3_y_3_z_3_average_threshold_0.25_prediction_peak_min_val_0_25_method_max_filter,./analysis_output/dampieri_male_16-image.logs_fiddlercrab_corneas_random_affine_prop_1_lightning_logs_version_0_checkpoints_last_x_3_y_3_z_3_average_threshold_0.25_prediction_peak_min_val_0_25_method_max_filter.resampled_space_peaks_results.pickle
P_crassipes_FEG200129_099-image.logs_paraphronima_rhabdoms_without_random_rotation_lightning_logs_version_2_checkpoints_last_x_3_y_3_z_3_average_threshold_0.25_prediction_peak_min_val_0_5_method_center_of_mass,./analysis_output/P_crassipes_FEG200129_099-image.logs_paraphronima_rhabdoms_without_random_rotation_lightning_logs_version_2_checkpoints_last_x_3_y_3_z_3_average_threshold_0.25_prediction_peak_min_val_0_5_method_center_of_mass.resampled_space_peaks_results.pickle
P_crassipes_FEG191022_077A-image.logs_paraphronima_rhabdoms_without_random_scale_lightning_logs_version_3_checkpoints_last_x_3_y_3_z_3_average_threshold_0.25_prediction_peak_min_val_0_5_method_max_filter,./analysis_output/P_crassipes_FEG191022_077A-image.logs_paraphronima_rhabdoms_without_random_scale_lightning_logs_version_3_checkpoints_last_x_3_y_3_z_3_average_threshold_0.25_prediction_peak_min_val_0_5_method_max_filter.resampled_space_peaks_results.pickle
flammula_20190925_male_left-image.logs_fiddlercrab_corneas_lightning_logs_version_26_checkpoints_last_x_3_y_3_z_3_average_threshold_0.5_prediction_peak_min_val_0_25_method_max_filter,./analysis_output/flammula_20190925_male_left-image.logs_fiddlercrab_corneas_lightning_logs_version_26_checkpoints_last_x_3_y_3_z_3_average_threshold_0.5_prediction_peak_min_val_0_25_method_max_filter.resampled_space_peaks_results.pickle
P_crassipes_FEG191022_077A-image.logs_paraphronima_rhabdoms_without_random_scale_lightning_logs_version_3_checkpoints_last_x_3_y_3_z_3_average_threshold_0.25_prediction_peak_min_val_0_25_method_center_of_mass,./analysis_output/P_crassipes_FEG191022_077A-image.logs_paraphronima_rhabdoms_without_random_scale_lightning_logs_version_3_checkpoints_last_x_3_y_3_z_3_average_threshold_0.25_prediction_peak_min_val_0_25_method_center_of_mass.resampled_space_peaks_results.pickle
FEG200205_108_crop-image.logs_paraphronima_rhabdoms_lightning_logs_version_23_checkpoints_last_x_3_y_3_z_3_average_threshold_0.25_prediction_peak_min_val_0_5_method_max_filter,./analysis_output/FEG200205_108_crop-image.logs_paraphronima_rhabdoms_lightning_logs_version_23_checkpoints_last_x_3_y_3_z_3_average_threshold_0.25_prediction_peak_min_val_0_5_method_max_filter.resampled_space_peaks_results.pickle
P_crassipes_FEG191022_077A-image.logs_paraphronima_rhabdoms_without_elastic_deformation_lightning_logs_version_2_checkpoints_last_x_3_y_3_z_3_average_threshold_None_prediction_peak_min_val_0_5_method_max_filter,./analysis_output/P_crassipes_FEG191022_077A-image.logs_paraphronima_rhabdoms_without_elastic_deformation_lightning_logs_version_2_checkpoints_last_x_3_y_3_z_3_average_threshold_None_prediction_peak_min_val_0_5_method_max_filter.resampled_space_peaks_results.pickle
P_crassipes_FEG190213_003b_02_head-image.logs_paraphronima_corneas_without_random_rotation_lightning_logs_version_1_checkpoints_last_x_3_y_3_z_3_average_threshold_0.5_prediction_peak_min_val_0_25_method_center_of_mass,./analysis_output/P_crassipes_FEG190213_003b_02_head-image.logs_paraphronima_corneas_without_random_rotation_lightning_logs_version_1_checkpoints_last_x_3_y_3_z_3_average_threshold_0.5_prediction_peak_min_val_0_25_method_center_of_mass.resampled_space_peaks_results.pickle
P_crassipes_FEG200129_099-image.logs_paraphronima_rhabdoms_without_random_rotation_lightning_logs_version_2_checkpoints_last_x_3_y_3_z_3_average_threshold_None_prediction_peak_min_val_0_5_method_max_filter,./analysis_output/P_crassipes_FEG200129_099-image.logs_paraphronima_rhabdoms_without_random_rotation_lightning_logs_version_2_checkpoints_last_x_3_y_3_z_3_average_threshold_None_prediction_peak_min_val_0_5_method_max_filter.resampled_space_peaks_results.pickle
dampieri_male_16-image.logs_fiddlercrab_rhabdoms_hist_std_lightning_logs_version_0_checkpoints_last_x_3_y_3_z_3_average_threshold_None_prediction_peak_min_val_0_5_method_center_of_mass,./analysis_output/dampieri_male_16-image.logs_fiddlercrab_rhabdoms_hist_std_lightning_logs_version_0_checkpoints_last_x_3_y_3_z_3_average_threshold_None_prediction_peak_min_val_0_5_method_center_of_mass.resampled_space_peaks_results.pickle
dampieri_male_16-image.logs_fiddlercrab_corneas_hist_std_lightning_logs_version_0_checkpoints_last_x_3_y_3_z_3_average_threshold_0.5_prediction_peak_min_val_0_5_method_max_filter,./analysis_output/dampieri_male_16-image.logs_fiddlercrab_corneas_hist_std_lightning_logs_version_0_checkpoints_last_x_3_y_3_z_3_average_threshold_0.5_prediction_peak_min_val_0_5_method_max_filter.resampled_space_peaks_results.pickle
dampieri_male_16-image.logs_fiddlercrab_rhabdoms_without_elastic_deformation_lightning_logs_version_3_checkpoints_last_x_3_y_3_z_3_average_threshold_0.5_prediction_peak_min_val_0_5_method_center_of_mass,./analysis_output/dampieri_male_16-image.logs_fiddlercrab_rhabdoms_without_elastic_deformation_lightning_logs_version_3_checkpoints_last_x_3_y_3_z_3_average_threshold_0.5_prediction_peak_min_val_0_5_method_center_of_mass.resampled_space_peaks_results.pickle
flammula_20190925_male_left-image.logs_fiddlercrab_rhabdoms_without_random_scale_lightning_logs_version_3_checkpoints_last_x_3_y_3_z_3_average_threshold_None_prediction_peak_min_val_0_25_method_max_filter,./analysis_output/flammula_20190925_male_left-image.logs_fiddlercrab_rhabdoms_without_random_scale_lightning_logs_version_3_checkpoints_last_x_3_y_3_z_3_average_threshold_None_prediction_peak_min_val_0_25_method_max_filter.resampled_space_peaks_results.pickle
dampieri_male_16-image.logs_fiddlercrab_corneas_hist_std_lightning_logs_version_0_checkpoints_last_x_3_y_3_z_3_average_threshold_0.25_prediction_peak_min_val_0_25_method_center_of_mass,./analysis_output/dampieri_male_16-image.logs_fiddlercrab_corneas_hist_std_lightning_logs_version_0_checkpoints_last_x_3_y_3_z_3_average_threshold_0.25_prediction_peak_min_val_0_25_method_center_of_mass.resampled_space_peaks_results.pickle
FEG200205_108_crop-image.logs_paraphronima_rhabdoms_without_target_heatmap_masking_lightning_logs_version_1_checkpoints_last_x_3_y_3_z_3_average_threshold_0.25_prediction_peak_min_val_0_25_method_center_of_mass,./analysis_output/FEG200205_108_crop-image.logs_paraphronima_rhabdoms_without_target_heatmap_masking_lightning_logs_version_1_checkpoints_last_x_3_y_3_z_3_average_threshold_0.25_prediction_peak_min_val_0_25_method_center_of_mass.resampled_space_peaks_results.pickle
flammula_20190925_male_left-image.logs_fiddlercrab_rhabdoms_hist_std_z_norm_lightning_logs_version_0_checkpoints_last_x_3_y_3_z_3_average_threshold_0.25_prediction_peak_min_val_0_25_method_max_filter,./analysis_output/flammula_20190925_male_left-image.logs_fiddlercrab_rhabdoms_hist_std_z_norm_lightning_logs_version_0_checkpoints_last_x_3_y_3_z_3_average_threshold_0.25_prediction_peak_min_val_0_25_method_max_filter.resampled_space_peaks_results.pickle
dampieri_male_16-image.logs_fiddlercrab_corneas_lightning_logs_version_26_checkpoints_last_x_3_y_3_z_3_average_threshold_0.25_prediction_peak_min_val_0_5_method_center_of_mass,./analysis_output/dampieri_male_16-image.logs_fiddlercrab_corneas_lightning_logs_version_26_checkpoints_last_x_3_y_3_z_3_average_threshold_0.25_prediction_peak_min_val_0_5_method_center_of_mass.resampled_space_peaks_results.pickle
dampieri_male_16-image.logs_fiddlercrab_rhabdoms_with_target_heatmap_masking_lightning_logs_version_2_checkpoints_last_x_3_y_3_z_3_average_threshold_0.5_prediction_peak_min_val_0_25_method_max_filter,./analysis_output/dampieri_male_16-image.logs_fiddlercrab_rhabdoms_with_target_heatmap_masking_lightning_logs_version_2_checkpoints_last_x_3_y_3_z_3_average_threshold_0.5_prediction_peak_min_val_0_25_method_max_filter.resampled_space_peaks_results.pickle
P_crassipes_FEG200129_099-image.logs_paraphronima_rhabdoms_without_random_scale_lightning_logs_version_3_checkpoints_last_x_3_y_3_z_3_average_threshold_0.25_prediction_peak_min_val_0_25_method_center_of_mass,./analysis_output/P_crassipes_FEG200129_099-image.logs_paraphronima_rhabdoms_without_random_scale_lightning_logs_version_3_checkpoints_last_x_3_y_3_z_3_average_threshold_0.25_prediction_peak_min_val_0_25_method_center_of_mass.resampled_space_peaks_results.pickle
FEG200205_108_crop-image.logs_paraphronima_rhabdoms_without_elastic_deformation_lightning_logs_version_2_checkpoints_last_x_3_y_3_z_3_average_threshold_0.5_prediction_peak_min_val_0_25_method_center_of_mass,./analysis_output/FEG200205_108_crop-image.logs_paraphronima_rhabdoms_without_elastic_deformation_lightning_logs_version_2_checkpoints_last_x_3_y_3_z_3_average_threshold_0.5_prediction_peak_min_val_0_25_method_center_of_mass.resampled_space_peaks_results.pickle
dampieri_male_16-image.logs_fiddlercrab_corneas_without_elastic_deformation_lightning_logs_version_2_checkpoints_last_x_3_y_3_z_3_average_threshold_0.25_prediction_peak_min_val_0_25_method_max_filter,./analysis_output/dampieri_male_16-image.logs_fiddlercrab_corneas_without_elastic_deformation_lightning_logs_version_2_checkpoints_last_x_3_y_3_z_3_average_threshold_0.25_prediction_peak_min_val_0_25_method_max_filter.resampled_space_peaks_results.pickle
flammula_20190925_male_left-image.logs_fiddlercrab_corneas_without_random_rotation_lightning_logs_version_2_checkpoints_last_x_3_y_3_z_3_average_threshold_0.25_prediction_peak_min_val_0_25_method_center_of_mass,./analysis_output/flammula_20190925_male_left-image.logs_fiddlercrab_corneas_without_random_rotation_lightning_logs_version_2_checkpoints_last_x_3_y_3_z_3_average_threshold_0.25_prediction_peak_min_val_0_25_method_center_of_mass.resampled_space_peaks_results.pickle
dampieri_male_16-image.logs_fiddlercrab_rhabdoms_without_random_scale_lightning_logs_version_3_checkpoints_last_x_3_y_3_z_3_average_threshold_0.25_prediction_peak_min_val_0_5_method_max_filter,./analysis_output/dampieri_male_16-image.logs_fiddlercrab_rhabdoms_without_random_scale_lightning_logs_version_3_checkpoints_last_x_3_y_3_z_3_average_threshold_0.25_prediction_peak_min_val_0_5_method_max_filter.resampled_space_peaks_results.pickle
flammula_20190925_male_left-image.logs_fiddlercrab_corneas_without_elastic_deformation_lightning_logs_version_2_checkpoints_last_x_3_y_3_z_3_average_threshold_0.25_prediction_peak_min_val_0_25_method_max_filter,./analysis_output/flammula_20190925_male_left-image.logs_fiddlercrab_corneas_without_elastic_deformation_lightning_logs_version_2_checkpoints_last_x_3_y_3_z_3_average_threshold_0.25_prediction_peak_min_val_0_25_method_max_filter.resampled_space_peaks_results.pickle
flammula_20190925_male_left-image.logs_fiddlercrab_corneas_without_random_rotation_lightning_logs_version_2_checkpoints_last_x_3_y_3_z_3_average_threshold_0.5_prediction_peak_min_val_0_5_method_max_filter,./analysis_output/flammula_20190925_male_left-image.logs_fiddlercrab_corneas_without_random_rotation_lightning_logs_version_2_checkpoints_last_x_3_y_3_z_3_average_threshold_0.5_prediction_peak_min_val_0_5_method_max_filter.resampled_space_peaks_results.pickle
P_crassipes_FEG200129_099-image.logs_paraphronima_rhabdoms_lightning_logs_version_23_checkpoints_last_x_3_y_3_z_3_average_threshold_None_prediction_peak_min_val_0_25_method_center_of_mass,./analysis_output/P_crassipes_FEG200129_099-image.logs_paraphronima_rhabdoms_lightning_logs_version_23_checkpoints_last_x_3_y_3_z_3_average_threshold_None_prediction_peak_min_val_0_25_method_center_of_mass.resampled_space_peaks_results.pickle
P_crassipes_FEG190213_003b_02_head-image.logs_paraphronima_corneas_lightning_logs_version_11_checkpoints_last_x_3_y_3_z_3_average_threshold_0.5_prediction_peak_min_val_0_5_method_max_filter,./analysis_output/P_crassipes_FEG190213_003b_02_head-image.logs_paraphronima_corneas_lightning_logs_version_11_checkpoints_last_x_3_y_3_z_3_average_threshold_0.5_prediction_peak_min_val_0_5_method_max_filter.resampled_space_peaks_results.pickle
FEG200205_108_crop-image.logs_paraphronima_rhabdoms_without_elastic_deformation_lightning_logs_version_2_checkpoints_last_x_3_y_3_z_3_average_threshold_0.5_prediction_peak_min_val_0_25_method_max_filter,./analysis_output/FEG200205_108_crop-image.logs_paraphronima_rhabdoms_without_elastic_deformation_lightning_logs_version_2_checkpoints_last_x_3_y_3_z_3_average_threshold_0.5_prediction_peak_min_val_0_25_method_max_filter.resampled_space_peaks_results.pickle
flammula_20190925_male_left-image.logs_fiddlercrab_rhabdoms_hist_std_z_norm_lightning_logs_version_0_checkpoints_last_x_3_y_3_z_3_average_threshold_0.25_prediction_peak_min_val_0_5_method_center_of_mass,./analysis_output/flammula_20190925_male_left-image.logs_fiddlercrab_rhabdoms_hist_std_z_norm_lightning_logs_version_0_checkpoints_last_x_3_y_3_z_3_average_threshold_0.25_prediction_peak_min_val_0_5_method_center_of_mass.resampled_space_peaks_results.pickle
P_crassipes_FEG191022_077A-image.logs_paraphronima_rhabdoms_without_random_scale_lightning_logs_version_3_checkpoints_last_x_3_y_3_z_3_average_threshold_0.5_prediction_peak_min_val_0_25_method_center_of_mass,./analysis_output/P_crassipes_FEG191022_077A-image.logs_paraphronima_rhabdoms_without_random_scale_lightning_logs_version_3_checkpoints_last_x_3_y_3_z_3_average_threshold_0.5_prediction_peak_min_val_0_25_method_center_of_mass.resampled_space_peaks_results.pickle
flammula_20190925_male_left-image.logs_fiddlercrab_corneas_hist_std_z_norm_lightning_logs_version_0_checkpoints_last_x_3_y_3_z_3_average_threshold_None_prediction_peak_min_val_0_25_method_max_filter,./analysis_output/flammula_20190925_male_left-image.logs_fiddlercrab_corneas_hist_std_z_norm_lightning_logs_version_0_checkpoints_last_x_3_y_3_z_3_average_threshold_None_prediction_peak_min_val_0_25_method_max_filter.resampled_space_peaks_results.pickle
dampieri_male_16-image.logs_fiddlercrab_rhabdoms_with_target_heatmap_masking_lightning_logs_version_2_checkpoints_last_x_3_y_3_z_3_average_threshold_None_prediction_peak_min_val_0_25_method_center_of_mass,./analysis_output/dampieri_male_16-image.logs_fiddlercrab_rhabdoms_with_target_heatmap_masking_lightning_logs_version_2_checkpoints_last_x_3_y_3_z_3_average_threshold_None_prediction_peak_min_val_0_25_method_center_of_mass.resampled_space_peaks_results.pickle
dampieri_male_16-image.logs_fiddlercrab_rhabdoms_hist_std_z_norm_lightning_logs_version_0_checkpoints_last_x_3_y_3_z_3_average_threshold_0.25_prediction_peak_min_val_0_25_method_center_of_mass,./analysis_output/dampieri_male_16-image.logs_fiddlercrab_rhabdoms_hist_std_z_norm_lightning_logs_version_0_checkpoints_last_x_3_y_3_z_3_average_threshold_0.25_prediction_peak_min_val_0_25_method_center_of_mass.resampled_space_peaks_results.pickle
dampieri_male_16-image.logs_fiddlercrab_rhabdoms_without_random_scale_lightning_logs_version_3_checkpoints_last_x_3_y_3_z_3_average_threshold_0.25_prediction_peak_min_val_0_5_method_center_of_mass,./analysis_output/dampieri_male_16-image.logs_fiddlercrab_rhabdoms_without_random_scale_lightning_logs_version_3_checkpoints_last_x_3_y_3_z_3_average_threshold_0.25_prediction_peak_min_val_0_5_method_center_of_mass.resampled_space_peaks_results.pickle
flammula_20190925_male_left-image.logs_fiddlercrab_corneas_lightning_logs_version_26_checkpoints_last_x_3_y_3_z_3_average_threshold_None_prediction_peak_min_val_0_25_method_max_filter,./analysis_output/flammula_20190925_male_left-image.logs_fiddlercrab_corneas_lightning_logs_version_26_checkpoints_last_x_3_y_3_z_3_average_threshold_None_prediction_peak_min_val_0_25_method_max_filter.resampled_space_peaks_results.pickle
dampieri_male_16-image.logs_fiddlercrab_rhabdoms_without_random_scale_lightning_logs_version_3_checkpoints_last_x_3_y_3_z_3_average_threshold_None_prediction_peak_min_val_0_25_method_center_of_mass,./analysis_output/dampieri_male_16-image.logs_fiddlercrab_rhabdoms_without_random_scale_lightning_logs_version_3_checkpoints_last_x_3_y_3_z_3_average_threshold_None_prediction_peak_min_val_0_25_method_center_of_mass.resampled_space_peaks_results.pickle
flammula_20190925_male_left-image.logs_fiddlercrab_corneas_without_elastic_deformation_lightning_logs_version_2_checkpoints_last_x_3_y_3_z_3_average_threshold_0.25_prediction_peak_min_val_0_5_method_max_filter,./analysis_output/flammula_20190925_male_left-image.logs_fiddlercrab_corneas_without_elastic_deformation_lightning_logs_version_2_checkpoints_last_x_3_y_3_z_3_average_threshold_0.25_prediction_peak_min_val_0_5_method_max_filter.resampled_space_peaks_results.pickle
flammula_20190925_male_left-image.logs_fiddlercrab_rhabdoms_lightning_logs_version_10_checkpoints_last_x_3_y_3_z_3_average_threshold_0.25_prediction_peak_min_val_0_5_method_center_of_mass,./analysis_output/flammula_20190925_male_left-image.logs_fiddlercrab_rhabdoms_lightning_logs_version_10_checkpoints_last_x_3_y_3_z_3_average_threshold_0.25_prediction_peak_min_val_0_5_method_center_of_mass.resampled_space_peaks_results.pickle
flammula_20190925_male_left-image.logs_fiddlercrab_rhabdoms_hist_std_lightning_logs_version_0_checkpoints_last_x_3_y_3_z_3_average_threshold_None_prediction_peak_min_val_0_5_method_center_of_mass,./analysis_output/flammula_20190925_male_left-image.logs_fiddlercrab_rhabdoms_hist_std_lightning_logs_version_0_checkpoints_last_x_3_y_3_z_3_average_threshold_None_prediction_peak_min_val_0_5_method_center_of_mass.resampled_space_peaks_results.pickle
P_crassipes_FEG200129_099-image.logs_paraphronima_rhabdoms_lightning_logs_version_23_checkpoints_last_x_3_y_3_z_3_average_threshold_0.5_prediction_peak_min_val_0_25_method_center_of_mass,./analysis_output/P_crassipes_FEG200129_099-image.logs_paraphronima_rhabdoms_lightning_logs_version_23_checkpoints_last_x_3_y_3_z_3_average_threshold_0.5_prediction_peak_min_val_0_25_method_center_of_mass.resampled_space_peaks_results.pickle
dampieri_male_16-image.logs_fiddlercrab_corneas_hist_std_z_norm_lightning_logs_version_0_checkpoints_last_x_3_y_3_z_3_average_threshold_0.5_prediction_peak_min_val_0_25_method_center_of_mass,./analysis_output/dampieri_male_16-image.logs_fiddlercrab_corneas_hist_std_z_norm_lightning_logs_version_0_checkpoints_last_x_3_y_3_z_3_average_threshold_0.5_prediction_peak_min_val_0_25_method_center_of_mass.resampled_space_peaks_results.pickle
dampieri_male_16-image.logs_fiddlercrab_corneas_random_affine_prop_1_lightning_logs_version_0_checkpoints_last_x_3_y_3_z_3_average_threshold_None_prediction_peak_min_val_0_5_method_max_filter,./analysis_output/dampieri_male_16-image.logs_fiddlercrab_corneas_random_affine_prop_1_lightning_logs_version_0_checkpoints_last_x_3_y_3_z_3_average_threshold_None_prediction_peak_min_val_0_5_method_max_filter.resampled_space_peaks_results.pickle
dampieri_male_16-image.logs_fiddlercrab_corneas_without_random_rotation_lightning_logs_version_2_checkpoints_last_x_3_y_3_z_3_average_threshold_None_prediction_peak_min_val_0_5_method_center_of_mass,./analysis_output/dampieri_male_16-image.logs_fiddlercrab_corneas_without_random_rotation_lightning_logs_version_2_checkpoints_last_x_3_y_3_z_3_average_threshold_None_prediction_peak_min_val_0_5_method_center_of_mass.resampled_space_peaks_results.pickle
P_crassipes_FEG190213_003b_02_head-image.logs_paraphronima_corneas_without_random_scale_lightning_logs_version_3_checkpoints_last_x_3_y_3_z_3_average_threshold_0.25_prediction_peak_min_val_0_5_method_max_filter,./analysis_output/P_crassipes_FEG190213_003b_02_head-image.logs_paraphronima_corneas_without_random_scale_lightning_logs_version_3_checkpoints_last_x_3_y_3_z_3_average_threshold_0.25_prediction_peak_min_val_0_5_method_max_filter.resampled_space_peaks_results.pickle
dampieri_male_16-image.logs_fiddlercrab_rhabdoms_with_target_heatmap_masking_lightning_logs_version_2_checkpoints_last_x_3_y_3_z_3_average_threshold_0.25_prediction_peak_min_val_0_25_method_center_of_mass,./analysis_output/dampieri_male_16-image.logs_fiddlercrab_rhabdoms_with_target_heatmap_masking_lightning_logs_version_2_checkpoints_last_x_3_y_3_z_3_average_threshold_0.25_prediction_peak_min_val_0_25_method_center_of_mass.resampled_space_peaks_results.pickle
FEG200205_108_crop-image.logs_paraphronima_rhabdoms_without_elastic_deformation_lightning_logs_version_2_checkpoints_last_x_3_y_3_z_3_average_threshold_None_prediction_peak_min_val_0_25_method_center_of_mass,./analysis_output/FEG200205_108_crop-image.logs_paraphronima_rhabdoms_without_elastic_deformation_lightning_logs_version_2_checkpoints_last_x_3_y_3_z_3_average_threshold_None_prediction_peak_min_val_0_25_method_center_of_mass.resampled_space_peaks_results.pickle
flammula_20190925_male_left-image.logs_fiddlercrab_rhabdoms_without_elastic_deformation_lightning_logs_version_3_checkpoints_last_x_3_y_3_z_3_average_threshold_None_prediction_peak_min_val_0_5_method_center_of_mass,./analysis_output/flammula_20190925_male_left-image.logs_fiddlercrab_rhabdoms_without_elastic_deformation_lightning_logs_version_3_checkpoints_last_x_3_y_3_z_3_average_threshold_None_prediction_peak_min_val_0_5_method_center_of_mass.resampled_space_peaks_results.pickle
flammula_20190925_male_left-image.logs_fiddlercrab_corneas_lightning_logs_version_26_checkpoints_last_x_3_y_3_z_3_average_threshold_0.25_prediction_peak_min_val_0_25_method_center_of_mass,./analysis_output/flammula_20190925_male_left-image.logs_fiddlercrab_corneas_lightning_logs_version_26_checkpoints_last_x_3_y_3_z_3_average_threshold_0.25_prediction_peak_min_val_0_25_method_center_of_mass.resampled_space_peaks_results.pickle
dampieri_male_16-image.logs_fiddlercrab_rhabdoms_hist_std_z_norm_lightning_logs_version_0_checkpoints_last_x_3_y_3_z_3_average_threshold_None_prediction_peak_min_val_0_25_method_center_of_mass,./analysis_output/dampieri_male_16-image.logs_fiddlercrab_rhabdoms_hist_std_z_norm_lightning_logs_version_0_checkpoints_last_x_3_y_3_z_3_average_threshold_None_prediction_peak_min_val_0_25_method_center_of_mass.resampled_space_peaks_results.pickle
dampieri_male_16-image.logs_fiddlercrab_rhabdoms_hist_std_lightning_logs_version_0_checkpoints_last_x_3_y_3_z_3_average_threshold_None_prediction_peak_min_val_0_25_method_max_filter,./analysis_output/dampieri_male_16-image.logs_fiddlercrab_rhabdoms_hist_std_lightning_logs_version_0_checkpoints_last_x_3_y_3_z_3_average_threshold_None_prediction_peak_min_val_0_25_method_max_filter.resampled_space_peaks_results.pickle
flammula_20190925_male_left-image.logs_fiddlercrab_rhabdoms_without_elastic_deformation_lightning_logs_version_3_checkpoints_last_x_3_y_3_z_3_average_threshold_0.5_prediction_peak_min_val_0_25_method_max_filter,./analysis_output/flammula_20190925_male_left-image.logs_fiddlercrab_rhabdoms_without_elastic_deformation_lightning_logs_version_3_checkpoints_last_x_3_y_3_z_3_average_threshold_0.5_prediction_peak_min_val_0_25_method_max_filter.resampled_space_peaks_results.pickle
P_crassipes_FEG190213_003b_02_head-image.logs_paraphronima_corneas_lightning_logs_version_11_checkpoints_last_x_3_y_3_z_3_average_threshold_0.25_prediction_peak_min_val_0_25_method_center_of_mass,./analysis_output/P_crassipes_FEG190213_003b_02_head-image.logs_paraphronima_corneas_lightning_logs_version_11_checkpoints_last_x_3_y_3_z_3_average_threshold_0.25_prediction_peak_min_val_0_25_method_center_of_mass.resampled_space_peaks_results.pickle
P_crassipes_FEG190213_003b_02_head-image.logs_paraphronima_corneas_without_elastic_deformation_lightning_logs_version_2_ckpts_last_x_3_y_3_z_3_average_threshold_None_prediction_peak_min_val_0_25_method_center_of_mass,./analysis_output/P_crassipes_FEG190213_003b_02_head-image.logs_paraphronima_corneas_without_elastic_deformation_lightning_logs_version_2_ckpts_last_x_3_y_3_z_3_average_threshold_None_prediction_peak_min_val_0_25_method_center_of_mass.resampled_space_peaks_results.pickle
FEG200205_108_crop-image.logs_paraphronima_rhabdoms_without_random_rotation_lightning_logs_version_2_checkpoints_last_x_3_y_3_z_3_average_threshold_0.25_prediction_peak_min_val_0_25_method_max_filter,./analysis_output/FEG200205_108_crop-image.logs_paraphronima_rhabdoms_without_random_rotation_lightning_logs_version_2_checkpoints_last_x_3_y_3_z_3_average_threshold_0.25_prediction_peak_min_val_0_25_method_max_filter.resampled_space_peaks_results.pickle
P_crassipes_FEG200129_099-image.logs_paraphronima_rhabdoms_without_target_heatmap_masking_lightning_logs_version_1_checkpoints_last_x_3_y_3_z_3_average_threshold_None_prediction_peak_min_val_0_25_method_max_filter,./analysis_output/P_crassipes_FEG200129_099-image.logs_paraphronima_rhabdoms_without_target_heatmap_masking_lightning_logs_version_1_checkpoints_last_x_3_y_3_z_3_average_threshold_None_prediction_peak_min_val_0_25_method_max_filter.resampled_space_peaks_results.pickle
flammula_20190925_male_left-image.logs_fiddlercrab_corneas_hist_std_lightning_logs_version_0_checkpoints_last_x_3_y_3_z_3_average_threshold_0.25_prediction_peak_min_val_0_5_method_center_of_mass,./analysis_output/flammula_20190925_male_left-image.logs_fiddlercrab_corneas_hist_std_lightning_logs_version_0_checkpoints_last_x_3_y_3_z_3_average_threshold_0.25_prediction_peak_min_val_0_5_method_center_of_mass.resampled_space_peaks_results.pickle
P_crassipes_FEG190213_003b_02_head-image.logs_paraphronima_corneas_without_random_scale_lightning_logs_version_3_checkpoints_last_x_3_y_3_z_3_average_threshold_None_prediction_peak_min_val_0_25_method_center_of_mass,./analysis_output/P_crassipes_FEG190213_003b_02_head-image.logs_paraphronima_corneas_without_random_scale_lightning_logs_version_3_checkpoints_last_x_3_y_3_z_3_average_threshold_None_prediction_peak_min_val_0_25_method_center_of_mass.resampled_space_peaks_results.pickle
P_crassipes_FEG191022_077A-image.logs_paraphronima_rhabdoms_without_elastic_deformation_lightning_logs_version_2_checkpoints_last_x_3_y_3_z_3_average_threshold_0.25_prediction_peak_min_val_0_5_method_center_of_mass,./analysis_output/P_crassipes_FEG191022_077A-image.logs_paraphronima_rhabdoms_without_elastic_deformation_lightning_logs_version_2_checkpoints_last_x_3_y_3_z_3_average_threshold_0.25_prediction_peak_min_val_0_5_method_center_of_mass.resampled_space_peaks_results.pickle
flammula_20190925_male_left-image.logs_fiddlercrab_rhabdoms_lightning_logs_version_10_checkpoints_last_x_3_y_3_z_3_average_threshold_0.25_prediction_peak_min_val_0_5_method_max_filter,./analysis_output/flammula_20190925_male_left-image.logs_fiddlercrab_rhabdoms_lightning_logs_version_10_checkpoints_last_x_3_y_3_z_3_average_threshold_0.25_prediction_peak_min_val_0_5_method_max_filter.resampled_space_peaks_results.pickle
flammula_20190925_male_left-image.logs_fiddlercrab_corneas_hist_std_z_norm_lightning_logs_version_0_checkpoints_last_x_3_y_3_z_3_average_threshold_0.25_prediction_peak_min_val_0_25_method_center_of_mass,./analysis_output/flammula_20190925_male_left-image.logs_fiddlercrab_corneas_hist_std_z_norm_lightning_logs_version_0_checkpoints_last_x_3_y_3_z_3_average_threshold_0.25_prediction_peak_min_val_0_25_method_center_of_mass.resampled_space_peaks_results.pickle
P_crassipes_FEG200129_099-image.logs_paraphronima_rhabdoms_without_elastic_deformation_lightning_logs_version_2_checkpoints_last_x_3_y_3_z_3_average_threshold_0.25_prediction_peak_min_val_0_25_method_max_filter,./analysis_output/P_crassipes_FEG200129_099-image.logs_paraphronima_rhabdoms_without_elastic_deformation_lightning_logs_version_2_checkpoints_last_x_3_y_3_z_3_average_threshold_0.25_prediction_peak_min_val_0_25_method_max_filter.resampled_space_peaks_results.pickle
P_crassipes_FEG191022_077A-image.logs_paraphronima_rhabdoms_without_target_heatmap_masking_lightning_logs_version_1_checkpoints_last_x_3_y_3_z_3_average_threshold_None_prediction_peak_min_val_0_5_method_max_filter,./analysis_output/P_crassipes_FEG191022_077A-image.logs_paraphronima_rhabdoms_without_target_heatmap_masking_lightning_logs_version_1_checkpoints_last_x_3_y_3_z_3_average_threshold_None_prediction_peak_min_val_0_5_method_max_filter.resampled_space_peaks_results.pickle
flammula_20190925_male_left-image.logs_fiddlercrab_rhabdoms_hist_std_z_norm_lightning_logs_version_0_checkpoints_last_x_3_y_3_z_3_average_threshold_None_prediction_peak_min_val_0_5_method_max_filter,./analysis_output/flammula_20190925_male_left-image.logs_fiddlercrab_rhabdoms_hist_std_z_norm_lightning_logs_version_0_checkpoints_last_x_3_y_3_z_3_average_threshold_None_prediction_peak_min_val_0_5_method_max_filter.resampled_space_peaks_results.pickle
dampieri_male_16-image.logs_fiddlercrab_rhabdoms_without_random_rotation_lightning_logs_version_0_checkpoints_last_x_3_y_3_z_3_average_threshold_0.5_prediction_peak_min_val_0_5_method_center_of_mass,./analysis_output/dampieri_male_16-image.logs_fiddlercrab_rhabdoms_without_random_rotation_lightning_logs_version_0_checkpoints_last_x_3_y_3_z_3_average_threshold_0.5_prediction_peak_min_val_0_5_method_center_of_mass.resampled_space_peaks_results.pickle
dampieri_male_16-image.logs_fiddlercrab_rhabdoms_without_random_rotation_lightning_logs_version_0_checkpoints_last_x_3_y_3_z_3_average_threshold_0.5_prediction_peak_min_val_0_25_method_max_filter,./analysis_output/dampieri_male_16-image.logs_fiddlercrab_rhabdoms_without_random_rotation_lightning_logs_version_0_checkpoints_last_x_3_y_3_z_3_average_threshold_0.5_prediction_peak_min_val_0_25_method_max_filter.resampled_space_peaks_results.pickle
FEG200205_108_crop-image.logs_paraphronima_rhabdoms_without_random_scale_lightning_logs_version_3_checkpoints_last_x_3_y_3_z_3_average_threshold_0.5_prediction_peak_min_val_0_5_method_max_filter,./analysis_output/FEG200205_108_crop-image.logs_paraphronima_rhabdoms_without_random_scale_lightning_logs_version_3_checkpoints_last_x_3_y_3_z_3_average_threshold_0.5_prediction_peak_min_val_0_5_method_max_filter.resampled_space_peaks_results.pickle
P_crassipes_FEG190213_003b_02_head-image.logs_paraphronima_corneas_without_random_rotation_lightning_logs_version_1_checkpoints_last_x_3_y_3_z_3_average_threshold_0.25_prediction_peak_min_val_0_5_method_max_filter,./analysis_output/P_crassipes_FEG190213_003b_02_head-image.logs_paraphronima_corneas_without_random_rotation_lightning_logs_version_1_checkpoints_last_x_3_y_3_z_3_average_threshold_0.25_prediction_peak_min_val_0_5_method_max_filter.resampled_space_peaks_results.pickle
P_crassipes_FEG190213_003b_02_head-image.logs_paraphronima_corneas_without_random_scale_lightning_logs_version_3_checkpoints_last_x_3_y_3_z_3_average_threshold_0.5_prediction_peak_min_val_0_25_method_center_of_mass,./analysis_output/P_crassipes_FEG190213_003b_02_head-image.logs_paraphronima_corneas_without_random_scale_lightning_logs_version_3_checkpoints_last_x_3_y_3_z_3_average_threshold_0.5_prediction_peak_min_val_0_25_method_center_of_mass.resampled_space_peaks_results.pickle
flammula_20190925_male_left-image.logs_fiddlercrab_corneas_hist_std_lightning_logs_version_0_checkpoints_last_x_3_y_3_z_3_average_threshold_None_prediction_peak_min_val_0_25_method_max_filter,./analysis_output/flammula_20190925_male_left-image.logs_fiddlercrab_corneas_hist_std_lightning_logs_version_0_checkpoints_last_x_3_y_3_z_3_average_threshold_None_prediction_peak_min_val_0_25_method_max_filter.resampled_space_peaks_results.pickle
P_crassipes_FEG200129_099-image.logs_paraphronima_rhabdoms_without_target_heatmap_masking_lightning_logs_version_1_checkpoints_last_x_3_y_3_z_3_average_threshold_0.5_prediction_peak_min_val_0_5_method_max_filter,./analysis_output/P_crassipes_FEG200129_099-image.logs_paraphronima_rhabdoms_without_target_heatmap_masking_lightning_logs_version_1_checkpoints_last_x_3_y_3_z_3_average_threshold_0.5_prediction_peak_min_val_0_5_method_max_filter.resampled_space_peaks_results.pickle
FEG200205_108_crop-image.logs_paraphronima_rhabdoms_without_elastic_deformation_lightning_logs_version_2_checkpoints_last_x_3_y_3_z_3_average_threshold_None_prediction_peak_min_val_0_25_method_max_filter,./analysis_output/FEG200205_108_crop-image.logs_paraphronima_rhabdoms_without_elastic_deformation_lightning_logs_version_2_checkpoints_last_x_3_y_3_z_3_average_threshold_None_prediction_peak_min_val_0_25_method_max_filter.resampled_space_peaks_results.pickle
P_crassipes_FEG191022_077A-image.logs_paraphronima_rhabdoms_without_target_heatmap_masking_lightning_logs_version_1_checkpoints_last_x_3_y_3_z_3_average_threshold_0.25_prediction_peak_min_val_0_25_method_max_filter,./analysis_output/P_crassipes_FEG191022_077A-image.logs_paraphronima_rhabdoms_without_target_heatmap_masking_lightning_logs_version_1_checkpoints_last_x_3_y_3_z_3_average_threshold_0.25_prediction_peak_min_val_0_25_method_max_filter.resampled_space_peaks_results.pickle
flammula_20190925_male_left-image.logs_fiddlercrab_corneas_random_affine_prop_1_lightning_logs_version_0_checkpoints_last_x_3_y_3_z_3_average_threshold_0.25_prediction_peak_min_val_0_5_method_center_of_mass,./analysis_output/flammula_20190925_male_left-image.logs_fiddlercrab_corneas_random_affine_prop_1_lightning_logs_version_0_checkpoints_last_x_3_y_3_z_3_average_threshold_0.25_prediction_peak_min_val_0_5_method_center_of_mass.resampled_space_peaks_results.pickle
P_crassipes_FEG190213_003b_02_head-image.logs_paraphronima_corneas_without_random_rotation_lightning_logs_version_1_checkpoints_last_x_3_y_3_z_3_average_threshold_None_prediction_peak_min_val_0_5_method_max_filter,./analysis_output/P_crassipes_FEG190213_003b_02_head-image.logs_paraphronima_corneas_without_random_rotation_lightning_logs_version_1_checkpoints_last_x_3_y_3_z_3_average_threshold_None_prediction_peak_min_val_0_5_method_max_filter.resampled_space_peaks_results.pickle
P_crassipes_FEG200129_099-image.logs_paraphronima_rhabdoms_lightning_logs_version_24_checkpoints_last_ckptx_3_y_3_z_3_average_threshold_None_prediction_peak_min_val_0_25_method_center_of_mass,./analysis_output/P_crassipes_FEG200129_099-image.logs_paraphronima_rhabdoms_lightning_logs_version_24_checkpoints_last_ckptx_3_y_3_z_3_average_threshold_None_prediction_peak_min_val_0_25_method_center_of_mass.resampled_space_peaks_results.pickle
P_crassipes_FEG200129_099-image.logs_paraphronima_rhabdoms_lightning_logs_version_24_checkpoints_last_ckptx_3_y_3_z_3_average_threshold_0_25_prediction_peak_min_val_0_25_method_max_filter,./analysis_output/P_crassipes_FEG200129_099-image.logs_paraphronima_rhabdoms_lightning_logs_version_24_checkpoints_last_ckptx_3_y_3_z_3_average_threshold_0_25_prediction_peak_min_val_0_25_method_max_filter.resampled_space_peaks_results.pickle
P_crassipes_FEG200129_099-image.logs_paraphronima_rhabdoms_lightning_logs_version_24_checkpoints_last_ckptx_3_y_3_z_3_average_threshold_0_25_prediction_peak_min_val_0_5_method_max_filter,./analysis_output/P_crassipes_FEG200129_099-image.logs_paraphronima_rhabdoms_lightning_logs_version_24_checkpoints_last_ckptx_3_y_3_z_3_average_threshold_0_25_prediction_peak_min_val_0_5_method_max_filter.resampled_space_peaks_results.pickle
P_crassipes_FEG191022_077A-image.logs_paraphronima_rhabdoms_lightning_logs_version_24_checkpoints_last_x_3_y_3_z_3_average_threshold_0.5_prediction_peak_min_val_0_25_method_center_of_mass,./analysis_output/P_crassipes_FEG191022_077A-image.logs_paraphronima_rhabdoms_lightning_logs_version_24_checkpoints_last_x_3_y_3_z_3_average_threshold_0.5_prediction_peak_min_val_0_25_method_center_of_mass.resampled_space_peaks_results.pickle
P_crassipes_FEG191022_077A-image.logs_paraphronima_rhabdoms_lightning_logs_version_24_checkpoints_last_ckptx_3_y_3_z_3_average_threshold_0_5_prediction_peak_min_val_0_5_method_center_of_mass,./analysis_output/P_crassipes_FEG191022_077A-image.logs_paraphronima_rhabdoms_lightning_logs_version_24_checkpoints_last_ckptx_3_y_3_z_3_average_threshold_0_5_prediction_peak_min_val_0_5_method_center_of_mass.resampled_space_peaks_results.pickle
P_crassipes_FEG200129_099-image.logs_paraphronima_rhabdoms_lightning_logs_version_25_checkpoints_last_ckptx_3_y_3_z_3_average_threshold_0_25_prediction_peak_min_val_0_5_method_center_of_mass,./analysis_output/P_crassipes_FEG200129_099-image.logs_paraphronima_rhabdoms_lightning_logs_version_25_checkpoints_last_ckptx_3_y_3_z_3_average_threshold_0_25_prediction_peak_min_val_0_5_method_center_of_mass.resampled_space_peaks_results.pickle
FEG200205_108_crop-image.logs_paraphronima_rhabdoms_lightning_logs_version_25_checkpoints_last_ckptx_3_y_3_z_3_average_threshold_None_prediction_peak_min_val_0_25_method_max_filter,./analysis_output/FEG200205_108_crop-image.logs_paraphronima_rhabdoms_lightning_logs_version_25_checkpoints_last_ckptx_3_y_3_z_3_average_threshold_None_prediction_peak_min_val_0_25_method_max_filter.resampled_space_peaks_results.pickle
P_crassipes_FEG191022_077A-image.logs_paraphronima_rhabdoms_lightning_logs_version_25_checkpoints_last_ckptx_3_y_3_z_3_average_threshold_0_25_prediction_peak_min_val_0_5_method_center_of_mass,./analysis_output/P_crassipes_FEG191022_077A-image.logs_paraphronima_rhabdoms_lightning_logs_version_25_checkpoints_last_ckptx_3_y_3_z_3_average_threshold_0_25_prediction_peak_min_val_0_5_method_center_of_mass.resampled_space_peaks_results.pickle
FEG200205_108_crop-image.logs_paraphronima_rhabdoms_lightning_logs_version_25_checkpoints_last_ckptx_3_y_3_z_3_average_threshold_0_5_prediction_peak_min_val_0_5_method_center_of_mass,./analysis_output/FEG200205_108_crop-image.logs_paraphronima_rhabdoms_lightning_logs_version_25_checkpoints_last_ckptx_3_y_3_z_3_average_threshold_0_5_prediction_peak_min_val_0_5_method_center_of_mass.resampled_space_peaks_results.pickle
P_crassipes_FEG200129_099-image.logs_paraphronima_rhabdoms_lightning_logs_version_25_checkpoints_last_ckptx_3_y_3_z_3_average_threshold_0_5_prediction_peak_min_val_0_25_method_max_filter,./analysis_output/P_crassipes_FEG200129_099-image.logs_paraphronima_rhabdoms_lightning_logs_version_25_checkpoints_last_ckptx_3_y_3_z_3_average_threshold_0_5_prediction_peak_min_val_0_25_method_max_filter.resampled_space_peaks_results.pickle
P_crassipes_FEG200129_099-image.logs_paraphronima_rhabdoms_lightning_logs_version_25_checkpoints_last_ckptx_3_y_3_z_3_average_threshold_0_5_prediction_peak_min_val_0_5_method_center_of_mass,./analysis_output/P_crassipes_FEG200129_099-image.logs_paraphronima_rhabdoms_lightning_logs_version_25_checkpoints_last_ckptx_3_y_3_z_3_average_threshold_0_5_prediction_peak_min_val_0_5_method_center_of_mass.resampled_space_peaks_results.pickle
FEG200205_108_crop-image.logs_paraphronima_rhabdoms_lightning_logs_version_25_checkpoints_last_ckptx_3_y_3_z_3_average_threshold_0_25_prediction_peak_min_val_0_5_method_center_of_mass,./analysis_output/FEG200205_108_crop-image.logs_paraphronima_rhabdoms_lightning_logs_version_25_checkpoints_last_ckptx_3_y_3_z_3_average_threshold_0_25_prediction_peak_min_val_0_5_method_center_of_mass.resampled_space_peaks_results.pickle
P_crassipes_FEG191022_077A-image.logs_paraphronima_rhabdoms_lightning_logs_version_25_checkpoints_last_ckptx_3_y_3_z_3_average_threshold_0_5_prediction_peak_min_val_0_5_method_max_filter,./analysis_output/P_crassipes_FEG191022_077A-image.logs_paraphronima_rhabdoms_lightning_logs_version_25_checkpoints_last_ckptx_3_y_3_z_3_average_threshold_0_5_prediction_peak_min_val_0_5_method_max_filter.resampled_space_peaks_results.pickle
P_crassipes_FEG200129_099-image.logs_paraphronima_rhabdoms_lightning_logs_version_25_checkpoints_last_ckptx_3_y_3_z_3_average_threshold_None_prediction_peak_min_val_0_5_method_center_of_mass,./analysis_output/P_crassipes_FEG200129_099-image.logs_paraphronima_rhabdoms_lightning_logs_version_25_checkpoints_last_ckptx_3_y_3_z_3_average_threshold_None_prediction_peak_min_val_0_5_method_center_of_mass.resampled_space_peaks_results.pickle
P_crassipes_FEG200129_099-image.logs_paraphronima_rhabdoms_thresholded_heatmaps_lightning_logs_version_15_checkpoints_last_ckptx_3_y_3_z_3_average_threshold_None_prediction_peak_min_val_0_25_method_max_filter,./analysis_output/P_crassipes_FEG200129_099-image.logs_paraphronima_rhabdoms_thresholded_heatmaps_lightning_logs_version_15_checkpoints_last_ckptx_3_y_3_z_3_average_threshold_None_prediction_peak_min_val_0_25_method_max_filter.resampled_space_peaks_results.pickle
P_crassipes_FEG200129_099-image.logs_paraphronima_rhabdoms_thresholded_heatmaps_lightning_logs_version_15_checkpoints_last_ckptx_3_y_3_z_3_average_threshold_0_25_prediction_peak_min_val_0_25_method_max_filter,./analysis_output/P_crassipes_FEG200129_099-image.logs_paraphronima_rhabdoms_thresholded_heatmaps_lightning_logs_version_15_checkpoints_last_ckptx_3_y_3_z_3_average_threshold_0_25_prediction_peak_min_val_0_25_method_max_filter.resampled_space_peaks_results.pickle
P_crassipes_FEG191022_077A-image.logs_paraphronima_rhabdoms_thresholded_heatmaps_lightning_logs_version_15_checkpoints_last_ckptx_3_y_3_z_3_average_threshold_0_5_prediction_peak_min_val_0_5_method_max_filter,./analysis_output/P_crassipes_FEG191022_077A-image.logs_paraphronima_rhabdoms_thresholded_heatmaps_lightning_logs_version_15_checkpoints_last_ckptx_3_y_3_z_3_average_threshold_0_5_prediction_peak_min_val_0_5_method_max_filter.resampled_space_peaks_results.pickle
FEG200205_108_crop-image.logs_paraphronima_rhabdoms_thresholded_heatmaps_lightning_logs_version_15_checkpoints_last_ckptx_3_y_3_z_3_average_threshold_0_25_prediction_peak_min_val_0_5_method_center_of_mass,./analysis_output/FEG200205_108_crop-image.logs_paraphronima_rhabdoms_thresholded_heatmaps_lightning_logs_version_15_checkpoints_last_ckptx_3_y_3_z_3_average_threshold_0_25_prediction_peak_min_val_0_5_method_center_of_mass.resampled_space_peaks_results.pickle
P_crassipes_FEG191022_077A-image.logs_paraphronima_rhabdoms_thresholded_heatmaps_lightning_logs_version_15_checkpoints_last_ckptx_3_y_3_z_3_average_threshold_None_prediction_peak_min_val_0_25_method_max_filter,./analysis_output/P_crassipes_FEG191022_077A-image.logs_paraphronima_rhabdoms_thresholded_heatmaps_lightning_logs_version_15_checkpoints_last_ckptx_3_y_3_z_3_average_threshold_None_prediction_peak_min_val_0_25_method_max_filter.resampled_space_peaks_results.pickle
P_crassipes_FEG191022_077A-image.logs_paraphronima_rhabdoms_thresholded_heatmaps_lightning_logs_version_15_checkpoints_last_ckptx_3_y_3_z_3_average_threshold_0_5_prediction_peak_min_val_0_25_method_center_of_mass,./analysis_output/P_crassipes_FEG191022_077A-image.logs_paraphronima_rhabdoms_thresholded_heatmaps_lightning_logs_version_15_checkpoints_last_ckptx_3_y_3_z_3_average_threshold_0_5_prediction_peak_min_val_0_25_method_center_of_mass.resampled_space_peaks_results.pickle
P_crassipes_FEG191022_077A-image.logs_paraphronima_rhabdoms_thresholded_heatmaps_lightning_logs_version_15_checkpoints_last_ckptx_3_y_3_z_3_average_threshold_None_prediction_peak_min_val_0_25_method_center_of_mass,./analysis_output/P_crassipes_FEG191022_077A-image.logs_paraphronima_rhabdoms_thresholded_heatmaps_lightning_logs_version_15_checkpoints_last_ckptx_3_y_3_z_3_average_threshold_None_prediction_peak_min_val_0_25_method_center_of_mass.resampled_space_peaks_results.pickle
FEG200205_108_crop-image.logs_paraphronima_rhabdoms_thresholded_heatmaps_lightning_logs_version_15_checkpoints_last_ckptx_3_y_3_z_3_average_threshold_0_5_prediction_peak_min_val_0_25_method_max_filter,./analysis_output/FEG200205_108_crop-image.logs_paraphronima_rhabdoms_thresholded_heatmaps_lightning_logs_version_15_checkpoints_last_ckptx_3_y_3_z_3_average_threshold_0_5_prediction_peak_min_val_0_25_method_max_filter.resampled_space_peaks_results.pickle
Paraphronima_FEG181024_head_sp_8_1423158-image.logs_paraphronima_corneas_lightning_logs_version_11_checkpoints_last_ckptx_3_y_3_z_3_average_threshold_None_prediction_peak_min_val_0_25_method_center_of_mass,./analysis_output/Paraphronima_FEG181024_head_sp_8_1423158-image.logs_paraphronima_corneas_lightning_logs_version_11_checkpoints_last_ckptx_3_y_3_z_3_average_threshold_None_prediction_peak_min_val_0_25_method_center_of_mass.resampled_space_peaks_results.pickle
P_gracilis_FEG190213_003a_head-image.logs_paraphronima_corneas_lightning_logs_version_11_checkpoints_last_x_3_y_3_z_3_average_threshold_0.25_prediction_peak_min_val_0_25_method_center_of_mass,./analysis_output/P_gracilis_FEG190213_003a_head-image.logs_paraphronima_corneas_lightning_logs_version_11_checkpoints_last_x_3_y_3_z_3_average_threshold_0.25_prediction_peak_min_val_0_25_method_center_of_mass.resampled_space_peaks_results.pickle
P_crassipes_FEG190801_034_00001_new-image.logs_paraphronima_corneas_lightning_logs_version_11_checkpoints_last_x_3_y_3_z_3_average_threshold_0.25_prediction_peak_min_val_0_25_method_max_filter,./analysis_output/P_crassipes_FEG190801_034_00001_new-image.logs_paraphronima_corneas_lightning_logs_version_11_checkpoints_last_x_3_y_3_z_3_average_threshold_0.25_prediction_peak_min_val_0_25_method_max_filter.resampled_space_peaks_results.pickle
Paraphronima_FEG181024_head_sp_8_1423158-image.logs_paraphronima_corneas_lightning_logs_version_11_checkpoints_last_ckptx_3_y_3_z_3_average_threshold_0_5_prediction_peak_min_val_0_5_method_center_of_mass,./analysis_output/Paraphronima_FEG181024_head_sp_8_1423158-image.logs_paraphronima_corneas_lightning_logs_version_11_checkpoints_last_ckptx_3_y_3_z_3_average_threshold_0_5_prediction_peak_min_val_0_5_method_center_of_mass.resampled_space_peaks_results.pickle
P_crassipes_FEG190801_034_00001_new-image.logs_paraphronima_corneas_lightning_logs_version_11_checkpoints_last_x_3_y_3_z_3_average_threshold_None_prediction_peak_min_val_0_25_method_center_of_mass,./analysis_output/P_crassipes_FEG190801_034_00001_new-image.logs_paraphronima_corneas_lightning_logs_version_11_checkpoints_last_x_3_y_3_z_3_average_threshold_None_prediction_peak_min_val_0_25_method_center_of_mass.resampled_space_peaks_results.pickle
P_crassipes_FEG190801_034_00001_new-image.logs_paraphronima_corneas_lightning_logs_version_11_checkpoints_last_ckptx_3_y_3_z_3_average_threshold_0_5_prediction_peak_min_val_0_5_method_max_filter,./analysis_output/P_crassipes_FEG190801_034_00001_new-image.logs_paraphronima_corneas_lightning_logs_version_11_checkpoints_last_ckptx_3_y_3_z_3_average_threshold_0_5_prediction_peak_min_val_0_5_method_max_filter.resampled_space_peaks_results.pickle
P_crassipes_FEG190801_034_00001_new-image.logs_paraphronima_corneas_lightning_logs_version_11_checkpoints_last_x_3_y_3_z_3_average_threshold_0.25_prediction_peak_min_val_0_5_method_center_of_mass,./analysis_output/P_crassipes_FEG190801_034_00001_new-image.logs_paraphronima_corneas_lightning_logs_version_11_checkpoints_last_x_3_y_3_z_3_average_threshold_0.25_prediction_peak_min_val_0_5_method_center_of_mass.resampled_space_peaks_results.pickle
P_gracilis_FEG190213_003a_head-image.logs_paraphronima_corneas_lightning_logs_version_11_checkpoints_last_ckptx_3_y_3_z_3_average_threshold_0_5_prediction_peak_min_val_0_25_method_max_filter,./analysis_output/P_gracilis_FEG190213_003a_head-image.logs_paraphronima_corneas_lightning_logs_version_11_checkpoints_last_ckptx_3_y_3_z_3_average_threshold_0_5_prediction_peak_min_val_0_25_method_max_filter.resampled_space_peaks_results.pickle
P_gracilis_FEG190213_003a_head-image.logs_paraphronima_corneas_lightning_logs_version_11_checkpoints_last_x_3_y_3_z_3_average_threshold_None_prediction_peak_min_val_0_5_method_max_filter,./analysis_output/P_gracilis_FEG190213_003a_head-image.logs_paraphronima_corneas_lightning_logs_version_11_checkpoints_last_x_3_y_3_z_3_average_threshold_None_prediction_peak_min_val_0_5_method_max_filter.resampled_space_peaks_results.pickle
P_robisoni_FEG200205_105-image.logs_paraphronima_corneas_lightning_logs_version_11_checkpoints_last_x_3_y_3_z_3_average_threshold_0.5_prediction_peak_min_val_0_25_method_center_of_mass,./analysis_output/P_robisoni_FEG200205_105-image.logs_paraphronima_corneas_lightning_logs_version_11_checkpoints_last_x_3_y_3_z_3_average_threshold_0.5_prediction_peak_min_val_0_25_method_center_of_mass.resampled_space_peaks_results.pickle
P_crassipes_FEG190801_034_00001_new-image.logs_paraphronima_corneas_lightning_logs_version_11_checkpoints_last_x_3_y_3_z_3_average_threshold_0.5_prediction_peak_min_val_0_25_method_max_filter,./analysis_output/P_crassipes_FEG190801_034_00001_new-image.logs_paraphronima_corneas_lightning_logs_version_11_checkpoints_last_x_3_y_3_z_3_average_threshold_0.5_prediction_peak_min_val_0_25_method_max_filter.resampled_space_peaks_results.pickle
Paraphronima_FEG181024_head_sp_8_1423158-image.logs_paraphronima_corneas_lightning_logs_version_11_checkpoints_last_x_3_y_3_z_3_average_threshold_0.25_prediction_peak_min_val_0_5_method_max_filter,./analysis_output/Paraphronima_FEG181024_head_sp_8_1423158-image.logs_paraphronima_corneas_lightning_logs_version_11_checkpoints_last_x_3_y_3_z_3_average_threshold_0.25_prediction_peak_min_val_0_5_method_max_filter.resampled_space_peaks_results.pickle
P_crassipes_FEG190801_034_00001_new-image.logs_paraphronima_corneas_lightning_logs_version_11_checkpoints_last_ckptx_3_y_3_z_3_average_threshold_None_prediction_peak_min_val_0_5_method_max_filter,./analysis_output/P_crassipes_FEG190801_034_00001_new-image.logs_paraphronima_corneas_lightning_logs_version_11_checkpoints_last_ckptx_3_y_3_z_3_average_threshold_None_prediction_peak_min_val_0_5_method_max_filter.resampled_space_peaks_results.pickle
P_crassipes_FEG190801_034_00001_new-image.logs_paraphronima_corneas_lightning_logs_version_11_checkpoints_last_x_3_y_3_z_3_average_threshold_0.5_prediction_peak_min_val_0_25_method_center_of_mass,./analysis_output/P_crassipes_FEG190801_034_00001_new-image.logs_paraphronima_corneas_lightning_logs_version_11_checkpoints_last_x_3_y_3_z_3_average_threshold_0.5_prediction_peak_min_val_0_25_method_center_of_mass.resampled_space_peaks_results.pickle
P_crassipes_FEG190801_034_00001_new-image.logs_paraphronima_corneas_lightning_logs_version_11_checkpoints_last_x_3_y_3_z_3_average_threshold_None_prediction_peak_min_val_0_5_method_center_of_mass,./analysis_output/P_crassipes_FEG190801_034_00001_new-image.logs_paraphronima_corneas_lightning_logs_version_11_checkpoints_last_x_3_y_3_z_3_average_threshold_None_prediction_peak_min_val_0_5_method_center_of_mass.resampled_space_peaks_results.pickle
P_crassipes_FEG190801_034_00001_new-image.logs_paraphronima_corneas_lightning_logs_version_11_checkpoints_last_ckptx_3_y_3_z_3_average_threshold_0_25_prediction_peak_min_val_0_25_method_max_filter,./analysis_output/P_crassipes_FEG190801_034_00001_new-image.logs_paraphronima_corneas_lightning_logs_version_11_checkpoints_last_ckptx_3_y_3_z_3_average_threshold_0_25_prediction_peak_min_val_0_25_method_max_filter.resampled_space_peaks_results.pickle
P_robisoni_FEG200205_105-image.logs_paraphronima_corneas_lightning_logs_version_11_checkpoints_last_ckptx_3_y_3_z_3_average_threshold_0_5_prediction_peak_min_val_0_25_method_max_filter,./analysis_output/P_robisoni_FEG200205_105-image.logs_paraphronima_corneas_lightning_logs_version_11_checkpoints_last_ckptx_3_y_3_z_3_average_threshold_0_5_prediction_peak_min_val_0_25_method_max_filter.resampled_space_peaks_results.pickle
P_robisoni_FEG200205_105-image.logs_paraphronima_corneas_lightning_logs_version_11_checkpoints_last_ckptx_3_y_3_z_3_average_threshold_None_prediction_peak_min_val_0_5_method_center_of_mass,./analysis_output/P_robisoni_FEG200205_105-image.logs_paraphronima_corneas_lightning_logs_version_11_checkpoints_last_ckptx_3_y_3_z_3_average_threshold_None_prediction_peak_min_val_0_5_method_center_of_mass.resampled_space_peaks_results.pickle
P_gracilis_FEG190213_003a_head-image.logs_paraphronima_corneas_lightning_logs_version_11_checkpoints_last_x_3_y_3_z_3_average_threshold_None_prediction_peak_min_val_0_25_method_max_filter,./analysis_output/P_gracilis_FEG190213_003a_head-image.logs_paraphronima_corneas_lightning_logs_version_11_checkpoints_last_x_3_y_3_z_3_average_threshold_None_prediction_peak_min_val_0_25_method_max_filter.resampled_space_peaks_results.pickle
P_crassipes_FEG190801_034_00001_new-image.logs_paraphronima_corneas_lightning_logs_version_12_checkpoints_last_ckptx_3_y_3_z_3_average_threshold_0_25_prediction_peak_min_val_0_25_method_center_of_mass,./analysis_output/P_crassipes_FEG190801_034_00001_new-image.logs_paraphronima_corneas_lightning_logs_version_12_checkpoints_last_ckptx_3_y_3_z_3_average_threshold_0_25_prediction_peak_min_val_0_25_method_center_of_mass.resampled_space_peaks_results.pickle
P_robisoni_FEG200205_105-image.logs_paraphronima_corneas_lightning_logs_version_12_checkpoints_last_ckptx_3_y_3_z_3_average_threshold_0_5_prediction_peak_min_val_0_5_method_center_of_mass,./analysis_output/P_robisoni_FEG200205_105-image.logs_paraphronima_corneas_lightning_logs_version_12_checkpoints_last_ckptx_3_y_3_z_3_average_threshold_0_5_prediction_peak_min_val_0_5_method_center_of_mass.resampled_space_peaks_results.pickle
P_robisoni_FEG200205_105-image.logs_paraphronima_corneas_lightning_logs_version_12_checkpoints_last_ckptx_3_y_3_z_3_average_threshold_None_prediction_peak_min_val_0_25_method_max_filter,./analysis_output/P_robisoni_FEG200205_105-image.logs_paraphronima_corneas_lightning_logs_version_12_checkpoints_last_ckptx_3_y_3_z_3_average_threshold_None_prediction_peak_min_val_0_25_method_max_filter.resampled_space_peaks_results.pickle
P_robisoni_FEG200205_105-image.logs_paraphronima_corneas_lightning_logs_version_12_checkpoints_last_ckptx_3_y_3_z_3_average_threshold_0_25_prediction_peak_min_val_0_25_method_max_filter,./analysis_output/P_robisoni_FEG200205_105-image.logs_paraphronima_corneas_lightning_logs_version_12_checkpoints_last_ckptx_3_y_3_z_3_average_threshold_0_25_prediction_peak_min_val_0_25_method_max_filter.resampled_space_peaks_results.pickle
P_crassipes_FEG190801_034_00001_new-image.logs_paraphronima_corneas_lightning_logs_version_12_checkpoints_last_ckptx_3_y_3_z_3_average_threshold_0_5_prediction_peak_min_val_0_25_method_center_of_mass,./analysis_output/P_crassipes_FEG190801_034_00001_new-image.logs_paraphronima_corneas_lightning_logs_version_12_checkpoints_last_ckptx_3_y_3_z_3_average_threshold_0_5_prediction_peak_min_val_0_25_method_center_of_mass.resampled_space_peaks_results.pickle
P_robisoni_FEG200205_105-image.logs_paraphronima_corneas_lightning_logs_version_12_checkpoints_last_ckptx_3_y_3_z_3_average_threshold_None_prediction_peak_min_val_0_25_method_center_of_mass,./analysis_output/P_robisoni_FEG200205_105-image.logs_paraphronima_corneas_lightning_logs_version_12_checkpoints_last_ckptx_3_y_3_z_3_average_threshold_None_prediction_peak_min_val_0_25_method_center_of_mass.resampled_space_peaks_results.pickle
P_crassipes_FEG190801_034_00001_new-image.logs_paraphronima_corneas_lightning_logs_version_12_checkpoints_last_ckptx_3_y_3_z_3_average_threshold_None_prediction_peak_min_val_0_5_method_center_of_mass,./analysis_output/P_crassipes_FEG190801_034_00001_new-image.logs_paraphronima_corneas_lightning_logs_version_12_checkpoints_last_ckptx_3_y_3_z_3_average_threshold_None_prediction_peak_min_val_0_5_method_center_of_mass.resampled_space_peaks_results.pickle
P_robisoni_FEG200205_105-image.logs_paraphronima_corneas_lightning_logs_version_12_checkpoints_last_ckptx_3_y_3_z_3_average_threshold_None_prediction_peak_min_val_0_5_method_max_filter,./analysis_output/P_robisoni_FEG200205_105-image.logs_paraphronima_corneas_lightning_logs_version_12_checkpoints_last_ckptx_3_y_3_z_3_average_threshold_None_prediction_peak_min_val_0_5_method_max_filter.resampled_space_peaks_results.pickle
P_crassipes_FEG190801_034_00001_new-image.logs_paraphronima_corneas_lightning_logs_version_13_checkpoints_last_ckptx_3_y_3_z_3_average_threshold_None_prediction_peak_min_val_0_5_method_max_filter,./analysis_output/P_crassipes_FEG190801_034_00001_new-image.logs_paraphronima_corneas_lightning_logs_version_13_checkpoints_last_ckptx_3_y_3_z_3_average_threshold_None_prediction_peak_min_val_0_5_method_max_filter.resampled_space_peaks_results.pickle
P_robisoni_FEG200205_105-image.logs_paraphronima_corneas_lightning_logs_version_13_checkpoints_last_ckptx_3_y_3_z_3_average_threshold_None_prediction_peak_min_val_0_25_method_center_of_mass,./analysis_output/P_robisoni_FEG200205_105-image.logs_paraphronima_corneas_lightning_logs_version_13_checkpoints_last_ckptx_3_y_3_z_3_average_threshold_None_prediction_peak_min_val_0_25_method_center_of_mass.resampled_space_peaks_results.pickle
P_robisoni_FEG200205_105-image.logs_paraphronima_corneas_lightning_logs_version_13_checkpoints_last_ckptx_3_y_3_z_3_average_threshold_0_5_prediction_peak_min_val_0_25_method_max_filter,./analysis_output/P_robisoni_FEG200205_105-image.logs_paraphronima_corneas_lightning_logs_version_13_checkpoints_last_ckptx_3_y_3_z_3_average_threshold_0_5_prediction_peak_min_val_0_25_method_max_filter.resampled_space_peaks_results.pickle
P_crassipes_FEG190213_003b_02_head-image.logs_paraphronima_corneas_lightning_logs_version_13_checkpoints_last_ckptx_3_y_3_z_3_average_threshold_0_25_prediction_peak_min_val_0_25_method_center_of_mass,./analysis_output/P_crassipes_FEG190213_003b_02_head-image.logs_paraphronima_corneas_lightning_logs_version_13_checkpoints_last_ckptx_3_y_3_z_3_average_threshold_0_25_prediction_peak_min_val_0_25_method_center_of_mass.resampled_space_peaks_results.pickle
Paraphronima_FEG181024_head_sp_8_1423158-image.logs_paraphronima_corneas_lightning_logs_version_13_checkpoints_last_ckptx_3_y_3_z_3_average_threshold_None_prediction_peak_min_val_0_25_method_max_filter,./analysis_output/Paraphronima_FEG181024_head_sp_8_1423158-image.logs_paraphronima_corneas_lightning_logs_version_13_checkpoints_last_ckptx_3_y_3_z_3_average_threshold_None_prediction_peak_min_val_0_25_method_max_filter.resampled_space_peaks_results.pickle
P_crassipes_FEG190801_034_00001_new-image.logs_paraphronima_corneas_lightning_logs_version_13_checkpoints_last_ckptx_3_y_3_z_3_average_threshold_0_25_prediction_peak_min_val_0_5_method_max_filter,./analysis_output/P_crassipes_FEG190801_034_00001_new-image.logs_paraphronima_corneas_lightning_logs_version_13_checkpoints_last_ckptx_3_y_3_z_3_average_threshold_0_25_prediction_peak_min_val_0_5_method_max_filter.resampled_space_peaks_results.pickle
Paraphronima_FEG181024_head_sp_8_1423158-image.logs_paraphronima_corneas_lightning_logs_version_13_checkpoints_last_ckptx_3_y_3_z_3_average_threshold_None_prediction_peak_min_val_0_5_method_max_filter,./analysis_output/Paraphronima_FEG181024_head_sp_8_1423158-image.logs_paraphronima_corneas_lightning_logs_version_13_checkpoints_last_ckptx_3_y_3_z_3_average_threshold_None_prediction_peak_min_val_0_5_method_max_filter.resampled_space_peaks_results.pickle
P_robisoni_FEG200205_105-image.logs_paraphronima_corneas_lightning_logs_version_13_checkpoints_last_ckptx_3_y_3_z_3_average_threshold_None_prediction_peak_min_val_0_5_method_max_filter,./analysis_output/P_robisoni_FEG200205_105-image.logs_paraphronima_corneas_lightning_logs_version_13_checkpoints_last_ckptx_3_y_3_z_3_average_threshold_None_prediction_peak_min_val_0_5_method_max_filter.resampled_space_peaks_results.pickle
P_crassipes_FEG200129_099-image.logs_paraphronima_rhabdoms_lightning_logs_version_26_checkpoints_last_ckptx_3_y_3_z_3_average_threshold_None_prediction_peak_min_val_0_5_method_max_filter,./analysis_output/P_crassipes_FEG200129_099-image.logs_paraphronima_rhabdoms_lightning_logs_version_26_checkpoints_last_ckptx_3_y_3_z_3_average_threshold_None_prediction_peak_min_val_0_5_method_max_filter.resampled_space_peaks_results.pickle
P_crassipes_FEG200129_099-image.logs_paraphronima_rhabdoms_lightning_logs_version_26_checkpoints_last_ckptx_3_y_3_z_3_average_threshold_0_5_prediction_peak_min_val_0_5_method_max_filter,./analysis_output/P_crassipes_FEG200129_099-image.logs_paraphronima_rhabdoms_lightning_logs_version_26_checkpoints_last_ckptx_3_y_3_z_3_average_threshold_0_5_prediction_peak_min_val_0_5_method_max_filter.resampled_space_peaks_results.pickle
P_crassipes_FEG191022_077A-image.logs_paraphronima_rhabdoms_lightning_logs_version_26_checkpoints_last_ckptx_3_y_3_z_3_average_threshold_None_prediction_peak_min_val_0_25_method_max_filter,./analysis_output/P_crassipes_FEG191022_077A-image.logs_paraphronima_rhabdoms_lightning_logs_version_26_checkpoints_last_ckptx_3_y_3_z_3_average_threshold_None_prediction_peak_min_val_0_25_method_max_filter.resampled_space_peaks_results.pickle
FEG200205_108_crop-image.logs_paraphronima_rhabdoms_lightning_logs_version_26_checkpoints_last_ckptx_3_y_3_z_3_average_threshold_0_25_prediction_peak_min_val_0_5_method_max_filter,./analysis_output/FEG200205_108_crop-image.logs_paraphronima_rhabdoms_lightning_logs_version_26_checkpoints_last_ckptx_3_y_3_z_3_average_threshold_0_25_prediction_peak_min_val_0_5_method_max_filter.resampled_space_peaks_results.pickle
P_crassipes_FEG200129_099-image.logs_paraphronima_rhabdoms_whole_scans_lightning_logs_version_1_checkpoints_last_ckptx_3_y_3_z_3_average_threshold_None_prediction_peak_min_val_0_5_method_center_of_mass,./analysis_output/P_crassipes_FEG200129_099-image.logs_paraphronima_rhabdoms_whole_scans_lightning_logs_version_1_checkpoints_last_ckptx_3_y_3_z_3_average_threshold_None_prediction_peak_min_val_0_5_method_center_of_mass.resampled_space_peaks_results.pickle
P_crassipes_FEG200129_099-image.logs_paraphronima_rhabdoms_whole_scans_lightning_logs_version_1_checkpoints_last_ckptx_3_y_3_z_3_average_threshold_None_prediction_peak_min_val_0_25_method_max_filter,./analysis_output/P_crassipes_FEG200129_099-image.logs_paraphronima_rhabdoms_whole_scans_lightning_logs_version_1_checkpoints_last_ckptx_3_y_3_z_3_average_threshold_None_prediction_peak_min_val_0_25_method_max_filter.resampled_space_peaks_results.pickle
P_crassipes_FEG200129_099-image.logs_paraphronima_rhabdoms_whole_scans_lightning_logs_version_1_checkpoints_last_ckptx_3_y_3_z_3_average_threshold_None_prediction_peak_min_val_0_5_method_max_filter,./analysis_output/P_crassipes_FEG200129_099-image.logs_paraphronima_rhabdoms_whole_scans_lightning_logs_version_1_checkpoints_last_ckptx_3_y_3_z_3_average_threshold_None_prediction_peak_min_val_0_5_method_max_filter.resampled_space_peaks_results.pickle
FEG200205_108_crop-image.logs_paraphronima_rhabdoms_whole_scans_lightning_logs_version_1_checkpoints_last_ckptx_3_y_3_z_3_average_threshold_0_25_prediction_peak_min_val_0_25_method_center_of_mass,./analysis_output/FEG200205_108_crop-image.logs_paraphronima_rhabdoms_whole_scans_lightning_logs_version_1_checkpoints_last_ckptx_3_y_3_z_3_average_threshold_0_25_prediction_peak_min_val_0_25_method_center_of_mass.resampled_space_peaks_results.pickle
P_crassipes_FEG191022_077A-image.logs_paraphronima_rhabdoms_whole_scans_lightning_logs_version_1_checkpoints_last_ckptx_3_y_3_z_3_average_threshold_0_5_prediction_peak_min_val_0_5_method_center_of_mass,./analysis_output/P_crassipes_FEG191022_077A-image.logs_paraphronima_rhabdoms_whole_scans_lightning_logs_version_1_checkpoints_last_ckptx_3_y_3_z_3_average_threshold_0_5_prediction_peak_min_val_0_5_method_center_of_mass.resampled_space_peaks_results.pickle
P_crassipes_FEG200129_099-image.logs_paraphronima_rhabdoms_whole_scans_lightning_logs_version_1_checkpoints_last_ckptx_3_y_3_z_3_average_threshold_0_5_prediction_peak_min_val_0_25_method_max_filter,./analysis_output/P_crassipes_FEG200129_099-image.logs_paraphronima_rhabdoms_whole_scans_lightning_logs_version_1_checkpoints_last_ckptx_3_y_3_z_3_average_threshold_0_5_prediction_peak_min_val_0_25_method_max_filter.resampled_space_peaks_results.pickle
P_crassipes_FEG190213_003b_02_head-image.logs_paraphronima_corneas_without_elastic_deformation_lightning_logs_version_2_checkpoints_last_ckptx_3_y_3_z_3_average_threshold_None_prediction_peak_min_val_0_5_method_center_of_mass,./analysis_output/P_crassipes_FEG190213_003b_02_head-image.logs_paraphronima_corneas_without_elastic_deformation_lightning_logs_version_2_checkpoints_last_ckptx_3_y_3_z_3_average_threshold_None_prediction_peak_min_val_0_5_method_center_of_mass.resampled_spac_results.pickle
P_gracilis_FEG190213_003a_head-image.logs_paraphronima_corneas_without_elastic_deformation_lightning_logs_version_2_checkpoints_last_ckptx_3_y_3_z_3_average_threshold_0_5_prediction_peak_min_val_0_25_method_max_filter,./analysis_output/P_gracilis_FEG190213_003a_head-image.logs_paraphronima_corneas_without_elastic_deformation_lightning_logs_version_2_checkpoints_last_ckptx_3_y_3_z_3_average_threshold_0_5_prediction_peak_min_val_0_25_method_max_filter.resampled_space_peaks_results.pickle
P_crassipes_FEG190801_034_00001_new-image.logs_paraphronima_corneas_without_elastic_deformation_lightning_logs_version_2_checkpoints_last_x_3_y_3_z_3_average_threshold_None_prediction_peak_min_val_0_5_method_max_filter,./analysis_output/P_crassipes_FEG190801_034_00001_new-image.logs_paraphronima_corneas_without_elastic_deformation_lightning_logs_version_2_checkpoints_last_x_3_y_3_z_3_average_threshold_None_prediction_peak_min_val_0_5_method_max_filter.resampled_space_peaks_results.pickle
P_gracilis_FEG190213_003a_head-image.logs_paraphronima_corneas_without_elastic_deformation_lightning_logs_version_2_checkpoints_last_x_3_y_3_z_3_average_threshold_0.25_prediction_peak_min_val_0_25_method_max_filter,./analysis_output/P_gracilis_FEG190213_003a_head-image.logs_paraphronima_corneas_without_elastic_deformation_lightning_logs_version_2_checkpoints_last_x_3_y_3_z_3_average_threshold_0.25_prediction_peak_min_val_0_25_method_max_filter.resampled_space_peaks_results.pickle
Paraphronima_FEG181024_head_sp_8_1423158-image.logs_paraphronima_corneas_without_elastic_deformation_lightning_logs_version_2_checkpoints_last_x_3_y_3_z_3_average_threshold_0.5_prediction_peak_min_val_0_5_method_max_filter,./analysis_output/Paraphronima_FEG181024_head_sp_8_1423158-image.logs_paraphronima_corneas_without_elastic_deformation_lightning_logs_version_2_checkpoints_last_x_3_y_3_z_3_average_threshold_0.5_prediction_peak_min_val_0_5_method_max_filter.resampled_space_p_results.pickle
P_crassipes_FEG190213_003b_02_head-image.logs_paraphronima_corneas_without_elastic_deformation_lightning_logs_version_2_checkpoints_last_ckptx_3_y_3_z_3_average_threshold_0_25_prediction_peak_min_val_0_25_method_max_filter,./analysis_output/P_crassipes_FEG190213_003b_02_head-image.logs_paraphronima_corneas_without_elastic_deformation_lightning_logs_version_2_checkpoints_last_ckptx_3_y_3_z_3_average_threshold_0_25_prediction_peak_min_val_0_25_method_max_filter.resampled_space_p_results.pickle
P_crassipes_FEG190801_034_00001_new-image.logs_paraphronima_corneas_without_elastic_deformation_lightning_logs_version_2_checkpoints_last_x_3_y_3_z_3_average_threshold_None_prediction_peak_min_val_0_5_method_center_of_mass,./analysis_output/P_crassipes_FEG190801_034_00001_new-image.logs_paraphronima_corneas_without_elastic_deformation_lightning_logs_version_2_checkpoints_last_x_3_y_3_z_3_average_threshold_None_prediction_peak_min_val_0_5_method_center_of_mass.resampled_space_p_results.pickle
Paraphronima_FEG181024_head_sp_8_1423158-image.logs_paraphronima_corneas_without_elastic_deformation_lightning_logs_version_2_checkpoints_last_ckptx_3_y_3_z_3_average_threshold_None_prediction_peak_min_val_0_25_method_max_filter,./analysis_output/Paraphronima_FEG181024_head_sp_8_1423158-image.logs_paraphronima_corneas_without_elastic_deformation_lightning_logs_version_2_checkpoints_last_ckptx_3_y_3_z_3_average_threshold_None_prediction_peak_min_val_0_25_method_max_filter.resampled_s_results.pickle
Paraphronima_FEG181024_head_sp_8_1423158-image.logs_paraphronima_corneas_without_elastic_deformation_lightning_logs_version_2_checkpoints_last_x_3_y_3_z_3_average_threshold_None_prediction_peak_min_val_0_5_method_max_filter,./analysis_output/Paraphronima_FEG181024_head_sp_8_1423158-image.logs_paraphronima_corneas_without_elastic_deformation_lightning_logs_version_2_checkpoints_last_x_3_y_3_z_3_average_threshold_None_prediction_peak_min_val_0_5_method_max_filter.resampled_space__results.pickle
Paraphronima_FEG181024_head_sp_8_1423158-image.logs_paraphronima_corneas_without_elastic_deformation_lightning_logs_version_2_checkpoints_last_x_3_y_3_z_3_average_threshold_None_prediction_peak_min_val_0_5_method_center_of_mass,./analysis_output/Paraphronima_FEG181024_head_sp_8_1423158-image.logs_paraphronima_corneas_without_elastic_deformation_lightning_logs_version_2_checkpoints_last_x_3_y_3_z_3_average_threshold_None_prediction_peak_min_val_0_5_method_center_of_mass.resampled_sp_results.pickle
P_gracilis_FEG190213_003a_head-image.logs_paraphronima_corneas_without_elastic_deformation_lightning_logs_version_2_checkpoints_last_x_3_y_3_z_3_average_threshold_0.5_prediction_peak_min_val_0_25_method_max_filter,./analysis_output/P_gracilis_FEG190213_003a_head-image.logs_paraphronima_corneas_without_elastic_deformation_lightning_logs_version_2_checkpoints_last_x_3_y_3_z_3_average_threshold_0.5_prediction_peak_min_val_0_25_method_max_filter.resampled_space_peaks_results.pickle
Paraphronima_FEG181024_head_sp_8_1423158-image.logs_paraphronima_corneas_without_elastic_deformation_lightning_logs_version_2_checkpoints_last_x_3_y_3_z_3_average_threshold_None_prediction_peak_min_val_0_25_method_max_filter,./analysis_output/Paraphronima_FEG181024_head_sp_8_1423158-image.logs_paraphronima_corneas_without_elastic_deformation_lightning_logs_version_2_checkpoints_last_x_3_y_3_z_3_average_threshold_None_prediction_peak_min_val_0_25_method_max_filter.resampled_space_results.pickle
Paraphronima_FEG181024_head_sp_8_1423158-image.logs_paraphronima_corneas_without_elastic_deformation_lightning_logs_version_2_checkpoints_last_x_3_y_3_z_3_average_threshold_None_prediction_peak_min_val_0_25_method_center_of_mass,./analysis_output/Paraphronima_FEG181024_head_sp_8_1423158-image.logs_paraphronima_corneas_without_elastic_deformation_lightning_logs_version_2_checkpoints_last_x_3_y_3_z_3_average_threshold_None_prediction_peak_min_val_0_25_method_center_of_mass.resampled_s_results.pickle
P_robisoni_FEG200205_105-image.logs_paraphronima_corneas_without_elastic_deformation_lightning_logs_version_2_checkpoints_last_x_3_y_3_z_3_average_threshold_None_prediction_peak_min_val_0_5_method_center_of_mass,./analysis_output/P_robisoni_FEG200205_105-image.logs_paraphronima_corneas_without_elastic_deformation_lightning_logs_version_2_checkpoints_last_x_3_y_3_z_3_average_threshold_None_prediction_peak_min_val_0_5_method_center_of_mass.resampled_space_peaks_results.pickle
P_crassipes_FEG190213_003b_02_head-image.logs_paraphronima_corneas_without_elastic_deformation_lightning_logs_version_2_checkpoints_last_ckptx_3_y_3_z_3_average_threshold_0_25_prediction_peak_min_val_0_5_method_max_filter,./analysis_output/P_crassipes_FEG190213_003b_02_head-image.logs_paraphronima_corneas_without_elastic_deformation_lightning_logs_version_2_checkpoints_last_ckptx_3_y_3_z_3_average_threshold_0_25_prediction_peak_min_val_0_5_method_max_filter.resampled_space_pe_results.pickle
P_robisoni_FEG200205_105-image.logs_paraphronima_corneas_without_elastic_deformation_lightning_logs_version_2_checkpoints_last_x_3_y_3_z_3_average_threshold_0.25_prediction_peak_min_val_0_5_method_max_filter,./analysis_output/P_robisoni_FEG200205_105-image.logs_paraphronima_corneas_without_elastic_deformation_lightning_logs_version_2_checkpoints_last_x_3_y_3_z_3_average_threshold_0.25_prediction_peak_min_val_0_5_method_max_filter.resampled_space_peaks_results.pickle
P_crassipes_FEG190213_003b_02_head-image.logs_paraphronima_corneas_without_elastic_deformation_lightning_logs_version_2_checkpoints_last_x_3_y_3_z_3_average_threshold_None_prediction_peak_min_val_0_25_method_center_of_mass,./analysis_output/P_crassipes_FEG190213_003b_02_head-image.logs_paraphronima_corneas_without_elastic_deformation_lightning_logs_version_2_checkpoints_last_x_3_y_3_z_3_average_threshold_None_prediction_peak_min_val_0_25_method_center_of_mass.resampled_space_p_results.pickle
P_gracilis_FEG190213_003a_head-image.logs_paraphronima_corneas_without_elastic_deformation_lightning_logs_version_2_checkpoints_last_ckptx_3_y_3_z_3_average_threshold_0_25_prediction_peak_min_val_0_5_method_max_filter,./analysis_output/P_gracilis_FEG190213_003a_head-image.logs_paraphronima_corneas_without_elastic_deformation_lightning_logs_version_2_checkpoints_last_ckptx_3_y_3_z_3_average_threshold_0_25_prediction_peak_min_val_0_5_method_max_filter.resampled_space_peaks_results.pickle
Paraphronima_FEG181024_head_sp_8_1423158-image.logs_paraphronima_corneas_without_random_scale_lightning_logs_version_3_checkpoints_last_x_3_y_3_z_3_average_threshold_None_prediction_peak_min_val_0_25_method_max_filter,./analysis_output/Paraphronima_FEG181024_head_sp_8_1423158-image.logs_paraphronima_corneas_without_random_scale_lightning_logs_version_3_checkpoints_last_x_3_y_3_z_3_average_threshold_None_prediction_peak_min_val_0_25_method_max_filter.resampled_space_peaks_results.pickle
P_robisoni_FEG200205_105-image.logs_paraphronima_corneas_without_random_scale_lightning_logs_version_3_checkpoints_last_x_3_y_3_z_3_average_threshold_None_prediction_peak_min_val_0_25_method_max_filter,./analysis_output/P_robisoni_FEG200205_105-image.logs_paraphronima_corneas_without_random_scale_lightning_logs_version_3_checkpoints_last_x_3_y_3_z_3_average_threshold_None_prediction_peak_min_val_0_25_method_max_filter.resampled_space_peaks_results.pickle
P_robisoni_FEG200205_105-image.logs_paraphronima_corneas_without_random_scale_lightning_logs_version_3_checkpoints_last_ckptx_3_y_3_z_3_average_threshold_None_prediction_peak_min_val_0_5_method_max_filter,./analysis_output/P_robisoni_FEG200205_105-image.logs_paraphronima_corneas_without_random_scale_lightning_logs_version_3_checkpoints_last_ckptx_3_y_3_z_3_average_threshold_None_prediction_peak_min_val_0_5_method_max_filter.resampled_space_peaks_results.pickle
P_gracilis_FEG190213_003a_head-image.logs_paraphronima_corneas_without_random_scale_lightning_logs_version_3_checkpoints_last_x_3_y_3_z_3_average_threshold_0.5_prediction_peak_min_val_0_25_method_max_filter,./analysis_output/P_gracilis_FEG190213_003a_head-image.logs_paraphronima_corneas_without_random_scale_lightning_logs_version_3_checkpoints_last_x_3_y_3_z_3_average_threshold_0.5_prediction_peak_min_val_0_25_method_max_filter.resampled_space_peaks_results.pickle
P_crassipes_FEG190213_003b_02_head-image.logs_paraphronima_corneas_without_random_scale_lightning_logs_version_3_checkpoints_last_ckptx_3_y_3_z_3_average_threshold_None_prediction_peak_min_val_0_5_method_max_filter,./analysis_output/P_crassipes_FEG190213_003b_02_head-image.logs_paraphronima_corneas_without_random_scale_lightning_logs_version_3_checkpoints_last_ckptx_3_y_3_z_3_average_threshold_None_prediction_peak_min_val_0_5_method_max_filter.resampled_space_peaks_results.pickle
P_gracilis_FEG190213_003a_head-image.logs_paraphronima_corneas_without_random_scale_lightning_logs_version_3_checkpoints_last_ckptx_3_y_3_z_3_average_threshold_None_prediction_peak_min_val_0_5_method_max_filter,./analysis_output/P_gracilis_FEG190213_003a_head-image.logs_paraphronima_corneas_without_random_scale_lightning_logs_version_3_checkpoints_last_ckptx_3_y_3_z_3_average_threshold_None_prediction_peak_min_val_0_5_method_max_filter.resampled_space_peaks_results.pickle
Paraphronima_FEG181024_head_sp_8_1423158-image.logs_paraphronima_corneas_without_random_scale_lightning_logs_version_3_checkpoints_last_ckptx_3_y_3_z_3_average_threshold_0_5_prediction_peak_min_val_0_5_method_center_of_mass,./analysis_output/Paraphronima_FEG181024_head_sp_8_1423158-image.logs_paraphronima_corneas_without_random_scale_lightning_logs_version_3_checkpoints_last_ckptx_3_y_3_z_3_average_threshold_0_5_prediction_peak_min_val_0_5_method_center_of_mass.resampled_space__results.pickle
P_crassipes_FEG190801_034_00001_new-image.logs_paraphronima_corneas_without_random_scale_lightning_logs_version_3_checkpoints_last_x_3_y_3_z_3_average_threshold_0.5_prediction_peak_min_val_0_25_method_center_of_mass,./analysis_output/P_crassipes_FEG190801_034_00001_new-image.logs_paraphronima_corneas_without_random_scale_lightning_logs_version_3_checkpoints_last_x_3_y_3_z_3_average_threshold_0.5_prediction_peak_min_val_0_25_method_center_of_mass.resampled_space_peaks_results.pickle
P_robisoni_FEG200205_105-image.logs_paraphronima_corneas_without_random_scale_lightning_logs_version_3_checkpoints_last_ckptx_3_y_3_z_3_average_threshold_0_25_prediction_peak_min_val_0_5_method_max_filter,./analysis_output/P_robisoni_FEG200205_105-image.logs_paraphronima_corneas_without_random_scale_lightning_logs_version_3_checkpoints_last_ckptx_3_y_3_z_3_average_threshold_0_25_prediction_peak_min_val_0_5_method_max_filter.resampled_space_peaks_results.pickle
Paraphronima_FEG181024_head_sp_8_1423158-image.logs_paraphronima_corneas_without_random_scale_lightning_logs_version_3_checkpoints_last_x_3_y_3_z_3_average_threshold_None_prediction_peak_min_val_0_5_method_max_filter,./analysis_output/Paraphronima_FEG181024_head_sp_8_1423158-image.logs_paraphronima_corneas_without_random_scale_lightning_logs_version_3_checkpoints_last_x_3_y_3_z_3_average_threshold_None_prediction_peak_min_val_0_5_method_max_filter.resampled_space_peaks_results.pickle
P_crassipes_FEG190213_003b_02_head-image.logs_paraphronima_corneas_without_random_scale_lightning_logs_version_3_checkpoints_last_ckptx_3_y_3_z_3_average_threshold_0_5_prediction_peak_min_val_0_25_method_center_of_mass,./analysis_output/P_crassipes_FEG190213_003b_02_head-image.logs_paraphronima_corneas_without_random_scale_lightning_logs_version_3_checkpoints_last_ckptx_3_y_3_z_3_average_threshold_0_5_prediction_peak_min_val_0_25_method_center_of_mass.resampled_space_peaks_results.pickle
P_robisoni_FEG200205_105-image.logs_paraphronima_corneas_without_random_scale_lightning_logs_version_3_checkpoints_last_x_3_y_3_z_3_average_threshold_None_prediction_peak_min_val_0_25_method_center_of_mass,./analysis_output/P_robisoni_FEG200205_105-image.logs_paraphronima_corneas_without_random_scale_lightning_logs_version_3_checkpoints_last_x_3_y_3_z_3_average_threshold_None_prediction_peak_min_val_0_25_method_center_of_mass.resampled_space_peaks_results.pickle
P_robisoni_FEG200205_105-image.logs_paraphronima_corneas_without_random_scale_lightning_logs_version_3_checkpoints_last_x_3_y_3_z_3_average_threshold_0.25_prediction_peak_min_val_0_25_method_max_filter,./analysis_output/P_robisoni_FEG200205_105-image.logs_paraphronima_corneas_without_random_scale_lightning_logs_version_3_checkpoints_last_x_3_y_3_z_3_average_threshold_0.25_prediction_peak_min_val_0_25_method_max_filter.resampled_space_peaks_results.pickle
P_crassipes_FEG190801_034_00001_new-image.logs_paraphronima_corneas_without_random_scale_lightning_logs_version_3_checkpoints_last_ckptx_3_y_3_z_3_average_threshold_0_5_prediction_peak_min_val_0_25_method_max_filter,./analysis_output/P_crassipes_FEG190801_034_00001_new-image.logs_paraphronima_corneas_without_random_scale_lightning_logs_version_3_checkpoints_last_ckptx_3_y_3_z_3_average_threshold_0_5_prediction_peak_min_val_0_25_method_max_filter.resampled_space_peaks_results.pickle
P_crassipes_FEG190213_003b_02_head-image.logs_paraphronima_corneas_without_random_scale_lightning_logs_version_3_checkpoints_last_ckptx_3_y_3_z_3_average_threshold_None_prediction_peak_min_val_0_25_method_center_of_mass,./analysis_output/P_crassipes_FEG190213_003b_02_head-image.logs_paraphronima_corneas_without_random_scale_lightning_logs_version_3_checkpoints_last_ckptx_3_y_3_z_3_average_threshold_None_prediction_peak_min_val_0_25_method_center_of_mass.resampled_space_peak_results.pickle
P_robisoni_FEG200205_105-image.logs_paraphronima_corneas_without_random_scale_lightning_logs_version_3_checkpoints_last_x_3_y_3_z_3_average_threshold_0.5_prediction_peak_min_val_0_25_method_center_of_mass,./analysis_output/P_robisoni_FEG200205_105-image.logs_paraphronima_corneas_without_random_scale_lightning_logs_version_3_checkpoints_last_x_3_y_3_z_3_average_threshold_0.5_prediction_peak_min_val_0_25_method_center_of_mass.resampled_space_peaks_results.pickle
P_gracilis_FEG190213_003a_head-image.logs_paraphronima_corneas_without_random_scale_lightning_logs_version_3_checkpoints_last_x_3_y_3_z_3_average_threshold_0.25_prediction_peak_min_val_0_5_method_center_of_mass,./analysis_output/P_gracilis_FEG190213_003a_head-image.logs_paraphronima_corneas_without_random_scale_lightning_logs_version_3_checkpoints_last_x_3_y_3_z_3_average_threshold_0.25_prediction_peak_min_val_0_5_method_center_of_mass.resampled_space_peaks_results.pickle
P_robisoni_FEG200205_105-image.logs_paraphronima_corneas_without_random_scale_lightning_logs_version_3_checkpoints_last_x_3_y_3_z_3_average_threshold_0.25_prediction_peak_min_val_0_25_method_center_of_mass,./analysis_output/P_robisoni_FEG200205_105-image.logs_paraphronima_corneas_without_random_scale_lightning_logs_version_3_checkpoints_last_x_3_y_3_z_3_average_threshold_0.25_prediction_peak_min_val_0_25_method_center_of_mass.resampled_space_peaks_results.pickle
Paraphronima_FEG181024_head_sp_8_1423158-image.logs_paraphronima_corneas_without_random_scale_lightning_logs_version_3_checkpoints_last_ckptx_3_y_3_z_3_average_threshold_0_25_prediction_peak_min_val_0_5_method_center_of_mass,./analysis_output/Paraphronima_FEG181024_head_sp_8_1423158-image.logs_paraphronima_corneas_without_random_scale_lightning_logs_version_3_checkpoints_last_ckptx_3_y_3_z_3_average_threshold_0_25_prediction_peak_min_val_0_5_method_center_of_mass.resampled_space_results.pickle
P_gracilis_FEG190213_003a_head-image.logs_paraphronima_corneas_without_random_scale_lightning_logs_version_3_checkpoints_last_ckptx_3_y_3_z_3_average_threshold_0_25_prediction_peak_min_val_0_25_method_max_filter,./analysis_output/P_gracilis_FEG190213_003a_head-image.logs_paraphronima_corneas_without_random_scale_lightning_logs_version_3_checkpoints_last_ckptx_3_y_3_z_3_average_threshold_0_25_prediction_peak_min_val_0_25_method_max_filter.resampled_space_peaks_results.pickle
P_gracilis_FEG190213_003a_head-image.logs_paraphronima_corneas_without_random_scale_lightning_logs_version_3_checkpoints_last_ckptx_3_y_3_z_3_average_threshold_None_prediction_peak_min_val_0_25_method_max_filter,./analysis_output/P_gracilis_FEG190213_003a_head-image.logs_paraphronima_corneas_without_random_scale_lightning_logs_version_3_checkpoints_last_ckptx_3_y_3_z_3_average_threshold_None_prediction_peak_min_val_0_25_method_max_filter.resampled_space_peaks_results.pickle
P_crassipes_FEG190801_034_00001_new-image.logs_paraphronima_corneas_without_random_scale_lightning_logs_version_3_checkpoints_last_x_3_y_3_z_3_average_threshold_0.25_prediction_peak_min_val_0_25_method_center_of_mass,./analysis_output/P_crassipes_FEG190801_034_00001_new-image.logs_paraphronima_corneas_without_random_scale_lightning_logs_version_3_checkpoints_last_x_3_y_3_z_3_average_threshold_0.25_prediction_peak_min_val_0_25_method_center_of_mass.resampled_space_peaks_results.pickle
P_crassipes_FEG190801_034_00001_new-image.logs_paraphronima_corneas_without_random_scale_lightning_logs_version_3_checkpoints_last_ckptx_3_y_3_z_3_average_threshold_None_prediction_peak_min_val_0_25_method_center_of_mass,./analysis_output/P_crassipes_FEG190801_034_00001_new-image.logs_paraphronima_corneas_without_random_scale_lightning_logs_version_3_checkpoints_last_ckptx_3_y_3_z_3_average_threshold_None_prediction_peak_min_val_0_25_method_center_of_mass.resampled_space_pea_results.pickle
P_crassipes_FEG190801_034_00001_new-image.logs_paraphronima_corneas_without_random_scale_lightning_logs_version_3_checkpoints_last_ckptx_3_y_3_z_3_average_threshold_None_prediction_peak_min_val_0_5_method_center_of_mass,./analysis_output/P_crassipes_FEG190801_034_00001_new-image.logs_paraphronima_corneas_without_random_scale_lightning_logs_version_3_checkpoints_last_ckptx_3_y_3_z_3_average_threshold_None_prediction_peak_min_val_0_5_method_center_of_mass.resampled_space_peak_results.pickle
Paraphronima_FEG181024_head_sp_8_1423158-image.logs_paraphronima_corneas_without_random_scale_lightning_logs_version_3_checkpoints_last_ckptx_3_y_3_z_3_average_threshold_None_prediction_peak_min_val_0_5_method_center_of_mass,./analysis_output/Paraphronima_FEG181024_head_sp_8_1423158-image.logs_paraphronima_corneas_without_random_scale_lightning_logs_version_3_checkpoints_last_ckptx_3_y_3_z_3_average_threshold_None_prediction_peak_min_val_0_5_method_center_of_mass.resampled_space_results.pickle
P_gracilis_FEG190213_003a_head-image.logs_paraphronima_corneas_without_random_scale_lightning_logs_version_3_checkpoints_last_ckptx_3_y_3_z_3_average_threshold_0_5_prediction_peak_min_val_0_25_method_center_of_mass,./analysis_output/P_gracilis_FEG190213_003a_head-image.logs_paraphronima_corneas_without_random_scale_lightning_logs_version_3_checkpoints_last_ckptx_3_y_3_z_3_average_threshold_0_5_prediction_peak_min_val_0_25_method_center_of_mass.resampled_space_peaks_results.pickle
P_gracilis_FEG190213_003a_head-image.logs_paraphronima_corneas_without_random_scale_lightning_logs_version_3_checkpoints_last_ckptx_3_y_3_z_3_average_threshold_0_5_prediction_peak_min_val_0_5_method_max_filter,./analysis_output/P_gracilis_FEG190213_003a_head-image.logs_paraphronima_corneas_without_random_scale_lightning_logs_version_3_checkpoints_last_ckptx_3_y_3_z_3_average_threshold_0_5_prediction_peak_min_val_0_5_method_max_filter.resampled_space_peaks_results.pickle
Paraphronima_FEG181024_head_sp_8_1423158-image.logs_paraphronima_corneas_without_random_scale_lightning_logs_version_3_checkpoints_last_x_3_y_3_z_3_average_threshold_0.5_prediction_peak_min_val_0_25_method_max_filter,./analysis_output/Paraphronima_FEG181024_head_sp_8_1423158-image.logs_paraphronima_corneas_without_random_scale_lightning_logs_version_3_checkpoints_last_x_3_y_3_z_3_average_threshold_0.5_prediction_peak_min_val_0_25_method_max_filter.resampled_space_peaks_results.pickle
P_gracilis_FEG190213_003a_head-image.logs_paraphronima_corneas_without_random_rotation_lightning_logs_version_1_checkpoints_last_ckptx_3_y_3_z_3_average_threshold_None_prediction_peak_min_val_0_5_method_center_of_mass,./analysis_output/P_gracilis_FEG190213_003a_head-image.logs_paraphronima_corneas_without_random_rotation_lightning_logs_version_1_checkpoints_last_ckptx_3_y_3_z_3_average_threshold_None_prediction_peak_min_val_0_5_method_center_of_mass.resampled_space_peaks_results.pickle
P_robisoni_FEG200205_105-image.logs_paraphronima_corneas_without_random_rotation_lightning_logs_version_1_checkpoints_last_ckptx_3_y_3_z_3_average_threshold_None_prediction_peak_min_val_0_25_method_center_of_mass,./analysis_output/P_robisoni_FEG200205_105-image.logs_paraphronima_corneas_without_random_rotation_lightning_logs_version_1_checkpoints_last_ckptx_3_y_3_z_3_average_threshold_None_prediction_peak_min_val_0_25_method_center_of_mass.resampled_space_peaks_results.pickle
Paraphronima_FEG181024_head_sp_8_1423158-image.logs_paraphronima_corneas_without_random_rotation_lightning_logs_version_1_checkpoints_last_x_3_y_3_z_3_average_threshold_0.25_prediction_peak_min_val_0_5_method_max_filter,./analysis_output/Paraphronima_FEG181024_head_sp_8_1423158-image.logs_paraphronima_corneas_without_random_rotation_lightning_logs_version_1_checkpoints_last_x_3_y_3_z_3_average_threshold_0.25_prediction_peak_min_val_0_5_method_max_filter.resampled_space_peak_results.pickle
P_robisoni_FEG200205_105-image.logs_paraphronima_corneas_without_random_rotation_lightning_logs_version_1_checkpoints_last_ckptx_3_y_3_z_3_average_threshold_0_5_prediction_peak_min_val_0_25_method_max_filter,./analysis_output/P_robisoni_FEG200205_105-image.logs_paraphronima_corneas_without_random_rotation_lightning_logs_version_1_checkpoints_last_ckptx_3_y_3_z_3_average_threshold_0_5_prediction_peak_min_val_0_25_method_max_filter.resampled_space_peaks_results.pickle
P_gracilis_FEG190213_003a_head-image.logs_paraphronima_corneas_without_random_rotation_lightning_logs_version_1_checkpoints_last_x_3_y_3_z_3_average_threshold_0.5_prediction_peak_min_val_0_5_method_center_of_mass,./analysis_output/P_gracilis_FEG190213_003a_head-image.logs_paraphronima_corneas_without_random_rotation_lightning_logs_version_1_checkpoints_last_x_3_y_3_z_3_average_threshold_0.5_prediction_peak_min_val_0_5_method_center_of_mass.resampled_space_peaks_results.pickle
P_crassipes_FEG190801_034_00001_new-image.logs_paraphronima_corneas_without_random_rotation_lightning_logs_version_1_checkpoints_last_x_3_y_3_z_3_average_threshold_0.5_prediction_peak_min_val_0_25_method_center_of_mass,./analysis_output/P_crassipes_FEG190801_034_00001_new-image.logs_paraphronima_corneas_without_random_rotation_lightning_logs_version_1_checkpoints_last_x_3_y_3_z_3_average_threshold_0.5_prediction_peak_min_val_0_25_method_center_of_mass.resampled_space_peaks_results.pickle
Paraphronima_FEG181024_head_sp_8_1423158-image.logs_paraphronima_corneas_without_random_rotation_lightning_logs_version_1_checkpoints_last_x_3_y_3_z_3_average_threshold_0.25_prediction_peak_min_val_0_25_method_center_of_mass,./analysis_output/Paraphronima_FEG181024_head_sp_8_1423158-image.logs_paraphronima_corneas_without_random_rotation_lightning_logs_version_1_checkpoints_last_x_3_y_3_z_3_average_threshold_0.25_prediction_peak_min_val_0_25_method_center_of_mass.resampled_space_results.pickle
P_robisoni_FEG200205_105-image.logs_paraphronima_corneas_without_random_rotation_lightning_logs_version_1_checkpoints_last_x_3_y_3_z_3_average_threshold_0.5_prediction_peak_min_val_0_25_method_center_of_mass,./analysis_output/P_robisoni_FEG200205_105-image.logs_paraphronima_corneas_without_random_rotation_lightning_logs_version_1_checkpoints_last_x_3_y_3_z_3_average_threshold_0.5_prediction_peak_min_val_0_25_method_center_of_mass.resampled_space_peaks_results.pickle
P_gracilis_FEG190213_003a_head-image.logs_paraphronima_corneas_without_random_rotation_lightning_logs_version_1_checkpoints_last_x_3_y_3_z_3_average_threshold_0.25_prediction_peak_min_val_0_5_method_center_of_mass,./analysis_output/P_gracilis_FEG190213_003a_head-image.logs_paraphronima_corneas_without_random_rotation_lightning_logs_version_1_checkpoints_last_x_3_y_3_z_3_average_threshold_0.25_prediction_peak_min_val_0_5_method_center_of_mass.resampled_space_peaks_results.pickle
P_gracilis_FEG190213_003a_head-image.logs_paraphronima_corneas_without_random_rotation_lightning_logs_version_1_checkpoints_last_ckptx_3_y_3_z_3_average_threshold_0_5_prediction_peak_min_val_0_5_method_center_of_mass,./analysis_output/P_gracilis_FEG190213_003a_head-image.logs_paraphronima_corneas_without_random_rotation_lightning_logs_version_1_checkpoints_last_ckptx_3_y_3_z_3_average_threshold_0_5_prediction_peak_min_val_0_5_method_center_of_mass.resampled_space_peaks_results.pickle
Paraphronima_FEG181024_head_sp_8_1423158-image.logs_paraphronima_corneas_without_random_rotation_lightning_logs_version_1_checkpoints_last_ckptx_3_y_3_z_3_average_threshold_0_5_prediction_peak_min_val_0_5_method_max_filter,./analysis_output/Paraphronima_FEG181024_head_sp_8_1423158-image.logs_paraphronima_corneas_without_random_rotation_lightning_logs_version_1_checkpoints_last_ckptx_3_y_3_z_3_average_threshold_0_5_prediction_peak_min_val_0_5_method_max_filter.resampled_space_p_results.pickle
Paraphronima_FEG181024_head_sp_8_1423158-image.logs_paraphronima_corneas_without_random_rotation_lightning_logs_version_1_checkpoints_last_ckptx_3_y_3_z_3_average_threshold_0_25_prediction_peak_min_val_0_5_method_center_of_mass,./analysis_output/Paraphronima_FEG181024_head_sp_8_1423158-image.logs_paraphronima_corneas_without_random_rotation_lightning_logs_version_1_checkpoints_last_ckptx_3_y_3_z_3_average_threshold_0_25_prediction_peak_min_val_0_5_method_center_of_mass.resampled_sp_results.pickle
P_crassipes_FEG190801_034_00001_new-image.logs_paraphronima_corneas_without_random_rotation_lightning_logs_version_1_checkpoints_last_ckptx_3_y_3_z_3_average_threshold_None_prediction_peak_min_val_0_25_method_center_of_mass,./analysis_output/P_crassipes_FEG190801_034_00001_new-image.logs_paraphronima_corneas_without_random_rotation_lightning_logs_version_1_checkpoints_last_ckptx_3_y_3_z_3_average_threshold_None_prediction_peak_min_val_0_25_method_center_of_mass.resampled_space__results.pickle
P_gracilis_FEG190213_003a_head-image.logs_paraphronima_corneas_without_random_rotation_lightning_logs_version_1_checkpoints_last_ckptx_3_y_3_z_3_average_threshold_None_prediction_peak_min_val_0_25_method_center_of_mass,./analysis_output/P_gracilis_FEG190213_003a_head-image.logs_paraphronima_corneas_without_random_rotation_lightning_logs_version_1_checkpoints_last_ckptx_3_y_3_z_3_average_threshold_None_prediction_peak_min_val_0_25_method_center_of_mass.resampled_space_peaks_results.pickle
P_gracilis_FEG190213_003a_head-image.logs_paraphronima_corneas_without_random_rotation_lightning_logs_version_1_checkpoints_last_ckptx_3_y_3_z_3_average_threshold_0_25_prediction_peak_min_val_0_25_method_max_filter,./analysis_output/P_gracilis_FEG190213_003a_head-image.logs_paraphronima_corneas_without_random_rotation_lightning_logs_version_1_checkpoints_last_ckptx_3_y_3_z_3_average_threshold_0_25_prediction_peak_min_val_0_25_method_max_filter.resampled_space_peaks_results.pickle
P_crassipes_FEG190801_034_00001_new-image.logs_paraphronima_corneas_without_random_rotation_lightning_logs_version_1_checkpoints_last_x_3_y_3_z_3_average_threshold_None_prediction_peak_min_val_0_25_method_center_of_mass,./analysis_output/P_crassipes_FEG190801_034_00001_new-image.logs_paraphronima_corneas_without_random_rotation_lightning_logs_version_1_checkpoints_last_x_3_y_3_z_3_average_threshold_None_prediction_peak_min_val_0_25_method_center_of_mass.resampled_space_peak_results.pickle
P_crassipes_FEG190801_034_00001_new-image.logs_paraphronima_corneas_without_random_rotation_lightning_logs_version_1_checkpoints_last_x_3_y_3_z_3_average_threshold_0.25_prediction_peak_min_val_0_25_method_center_of_mass,./analysis_output/P_crassipes_FEG190801_034_00001_new-image.logs_paraphronima_corneas_without_random_rotation_lightning_logs_version_1_checkpoints_last_x_3_y_3_z_3_average_threshold_0.25_prediction_peak_min_val_0_25_method_center_of_mass.resampled_space_peak_results.pickle
P_gracilis_FEG190213_003a_head-image.logs_paraphronima_corneas_without_random_rotation_lightning_logs_version_1_checkpoints_last_x_3_y_3_z_3_average_threshold_0.25_prediction_peak_min_val_0_5_method_max_filter,./analysis_output/P_gracilis_FEG190213_003a_head-image.logs_paraphronima_corneas_without_random_rotation_lightning_logs_version_1_checkpoints_last_x_3_y_3_z_3_average_threshold_0.25_prediction_peak_min_val_0_5_method_max_filter.resampled_space_peaks_results.pickle
P_robisoni_FEG200205_105-image.logs_paraphronima_corneas_without_random_rotation_lightning_logs_version_1_checkpoints_last_x_3_y_3_z_3_average_threshold_0.5_prediction_peak_min_val_0_25_method_max_filter,./analysis_output/P_robisoni_FEG200205_105-image.logs_paraphronima_corneas_without_random_rotation_lightning_logs_version_1_checkpoints_last_x_3_y_3_z_3_average_threshold_0.5_prediction_peak_min_val_0_25_method_max_filter.resampled_space_peaks_results.pickle
P_crassipes_FEG200129_099-image.logs_paraphronima_rhabdoms_without_random_rotation_lightning_logs_version_2_checkpoints_last_x_3_y_3_z_3_average_threshold_0.5_prediction_peak_min_val_0_25_method_center_of_mass,./analysis_output/P_crassipes_FEG200129_099-image.logs_paraphronima_rhabdoms_without_random_rotation_lightning_logs_version_2_checkpoints_last_x_3_y_3_z_3_average_threshold_0.5_prediction_peak_min_val_0_25_method_center_of_mass.resampled_space_peaks_results.pickle
flammula_20190925_male_left-image.logs_fiddlercrab_corneas_hist_std_lightning_logs_version_0_checkpoints_last_x_3_y_3_z_3_average_threshold_None_prediction_peak_min_val_0_5_method_max_filter,./analysis_output/flammula_20190925_male_left-image.logs_fiddlercrab_corneas_hist_std_lightning_logs_version_0_checkpoints_last_x_3_y_3_z_3_average_threshold_None_prediction_peak_min_val_0_5_method_max_filter.resampled_space_peaks_results.pickle
P_crassipes_FEG191022_077A-image.logs_paraphronima_rhabdoms_without_random_scale_lightning_logs_version_3_checkpoints_last_x_3_y_3_z_3_average_threshold_0.25_prediction_peak_min_val_0_25_method_max_filter,./analysis_output/P_crassipes_FEG191022_077A-image.logs_paraphronima_rhabdoms_without_random_scale_lightning_logs_version_3_checkpoints_last_x_3_y_3_z_3_average_threshold_0.25_prediction_peak_min_val_0_25_method_max_filter.resampled_space_peaks_results.pickle
flammula_20190925_male_left-image.logs_fiddlercrab_rhabdoms_hist_std_lightning_logs_version_0_checkpoints_last_x_3_y_3_z_3_average_threshold_None_prediction_peak_min_val_0_5_method_max_filter,./analysis_output/flammula_20190925_male_left-image.logs_fiddlercrab_rhabdoms_hist_std_lightning_logs_version_0_checkpoints_last_x_3_y_3_z_3_average_threshold_None_prediction_peak_min_val_0_5_method_max_filter.resampled_space_peaks_results.pickle
dampieri_male_16-image.logs_fiddlercrab_corneas_without_random_rotation_lightning_logs_version_2_checkpoints_last_x_3_y_3_z_3_average_threshold_None_prediction_peak_min_val_0_5_method_max_filter,./analysis_output/dampieri_male_16-image.logs_fiddlercrab_corneas_without_random_rotation_lightning_logs_version_2_checkpoints_last_x_3_y_3_z_3_average_threshold_None_prediction_peak_min_val_0_5_method_max_filter.resampled_space_peaks_results.pickle
dampieri_male_16-image.logs_fiddlercrab_corneas_lightning_logs_version_26_checkpoints_last_x_3_y_3_z_3_average_threshold_0.5_prediction_peak_min_val_0_5_method_center_of_mass,./analysis_output/dampieri_male_16-image.logs_fiddlercrab_corneas_lightning_logs_version_26_checkpoints_last_x_3_y_3_z_3_average_threshold_0.5_prediction_peak_min_val_0_5_method_center_of_mass.resampled_space_peaks_results.pickle
flammula_20190925_male_left-image.logs_fiddlercrab_corneas_random_affine_prop_1_lightning_logs_version_0_checkpoints_last_x_3_y_3_z_3_average_threshold_None_prediction_peak_min_val_0_25_method_max_filter,./analysis_output/flammula_20190925_male_left-image.logs_fiddlercrab_corneas_random_affine_prop_1_lightning_logs_version_0_checkpoints_last_x_3_y_3_z_3_average_threshold_None_prediction_peak_min_val_0_25_method_max_filter.resampled_space_peaks_results.pickle
P_crassipes_FEG200129_099-image.logs_paraphronima_rhabdoms_without_elastic_deformation_lightning_logs_version_2_checkpoints_last_x_3_y_3_z_3_average_threshold_0.25_prediction_peak_min_val_0_5_method_center_of_mass,./analysis_output/P_crassipes_FEG200129_099-image.logs_paraphronima_rhabdoms_without_elastic_deformation_lightning_logs_version_2_checkpoints_last_x_3_y_3_z_3_average_threshold_0.25_prediction_peak_min_val_0_5_method_center_of_mass.resampled_space_peaks_results.pickle
FEG200205_108_crop-image.logs_paraphronima_rhabdoms_without_random_scale_lightning_logs_version_3_checkpoints_last_x_3_y_3_z_3_average_threshold_0.5_prediction_peak_min_val_0_25_method_center_of_mass,./analysis_output/FEG200205_108_crop-image.logs_paraphronima_rhabdoms_without_random_scale_lightning_logs_version_3_checkpoints_last_x_3_y_3_z_3_average_threshold_0.5_prediction_peak_min_val_0_25_method_center_of_mass.resampled_space_peaks_results.pickle
FEG200205_108_crop-image.logs_paraphronima_rhabdoms_without_random_rotation_lightning_logs_version_2_checkpoints_last_x_3_y_3_z_3_average_threshold_None_prediction_peak_min_val_0_25_method_max_filter,./analysis_output/FEG200205_108_crop-image.logs_paraphronima_rhabdoms_without_random_rotation_lightning_logs_version_2_checkpoints_last_x_3_y_3_z_3_average_threshold_None_prediction_peak_min_val_0_25_method_max_filter.resampled_space_peaks_results.pickle
dampieri_male_16-image.logs_fiddlercrab_corneas_hist_std_lightning_logs_version_0_checkpoints_last_x_3_y_3_z_3_average_threshold_None_prediction_peak_min_val_0_25_method_max_filter,./analysis_output/dampieri_male_16-image.logs_fiddlercrab_corneas_hist_std_lightning_logs_version_0_checkpoints_last_x_3_y_3_z_3_average_threshold_None_prediction_peak_min_val_0_25_method_max_filter.resampled_space_peaks_results.pickle
dampieri_male_16-image.logs_fiddlercrab_corneas_hist_std_z_norm_lightning_logs_version_0_checkpoints_last_x_3_y_3_z_3_average_threshold_0.5_prediction_peak_min_val_0_5_method_max_filter,./analysis_output/dampieri_male_16-image.logs_fiddlercrab_corneas_hist_std_z_norm_lightning_logs_version_0_checkpoints_last_x_3_y_3_z_3_average_threshold_0.5_prediction_peak_min_val_0_5_method_max_filter.resampled_space_peaks_results.pickle
P_crassipes_FEG191022_077A-image.logs_paraphronima_rhabdoms_without_elastic_deformation_lightning_logs_version_2_checkpoints_last_x_3_y_3_z_3_average_threshold_0.5_prediction_peak_min_val_0_5_method_center_of_mass,./analysis_output/P_crassipes_FEG191022_077A-image.logs_paraphronima_rhabdoms_without_elastic_deformation_lightning_logs_version_2_checkpoints_last_x_3_y_3_z_3_average_threshold_0.5_prediction_peak_min_val_0_5_method_center_of_mass.resampled_space_peaks_results.pickle
dampieri_male_16-image.logs_fiddlercrab_rhabdoms_hist_std_lightning_logs_version_0_checkpoints_last_x_3_y_3_z_3_average_threshold_0.5_prediction_peak_min_val_0_25_method_center_of_mass,./analysis_output/dampieri_male_16-image.logs_fiddlercrab_rhabdoms_hist_std_lightning_logs_version_0_checkpoints_last_x_3_y_3_z_3_average_threshold_0.5_prediction_peak_min_val_0_25_method_center_of_mass.resampled_space_peaks_results.pickle
dampieri_male_16-image.logs_fiddlercrab_corneas_without_elastic_deformation_lightning_logs_version_2_checkpoints_last_x_3_y_3_z_3_average_threshold_0.5_prediction_peak_min_val_0_5_method_max_filter,./analysis_output/dampieri_male_16-image.logs_fiddlercrab_corneas_without_elastic_deformation_lightning_logs_version_2_checkpoints_last_x_3_y_3_z_3_average_threshold_0.5_prediction_peak_min_val_0_5_method_max_filter.resampled_space_peaks_results.pickle
flammula_20190925_male_left-image.logs_fiddlercrab_rhabdoms_without_random_rotation_lightning_logs_version_0_checkpoints_last_x_3_y_3_z_3_average_threshold_None_prediction_peak_min_val_0_25_method_max_filter,./analysis_output/flammula_20190925_male_left-image.logs_fiddlercrab_rhabdoms_without_random_rotation_lightning_logs_version_0_checkpoints_last_x_3_y_3_z_3_average_threshold_None_prediction_peak_min_val_0_25_method_max_filter.resampled_space_peaks_results.pickle
flammula_20190925_male_left-image.logs_fiddlercrab_rhabdoms_lightning_logs_version_10_checkpoints_last_x_3_y_3_z_3_average_threshold_0.25_prediction_peak_min_val_0_25_method_center_of_mass,./analysis_output/flammula_20190925_male_left-image.logs_fiddlercrab_rhabdoms_lightning_logs_version_10_checkpoints_last_x_3_y_3_z_3_average_threshold_0.25_prediction_peak_min_val_0_25_method_center_of_mass.resampled_space_peaks_results.pickle
P_crassipes_FEG190213_003b_02_head-image.logs_paraphronima_corneas_without_random_rotation_lightning_logs_version_1_checkpoints_last_x_3_y_3_z_3_average_threshold_None_prediction_peak_min_val_0_5_method_center_of_mass,./analysis_output/P_crassipes_FEG190213_003b_02_head-image.logs_paraphronima_corneas_without_random_rotation_lightning_logs_version_1_checkpoints_last_x_3_y_3_z_3_average_threshold_None_prediction_peak_min_val_0_5_method_center_of_mass.resampled_space_peaks_results.pickle
flammula_20190925_male_left-image.logs_fiddlercrab_rhabdoms_with_target_heatmap_masking_lightning_logs_version_2_checkpoints_last_x_3_y_3_z_3_average_threshold_0.25_prediction_peak_min_val_0_25_method_center_of_mass,./analysis_output/flammula_20190925_male_left-image.logs_fiddlercrab_rhabdoms_with_target_heatmap_masking_lightning_logs_version_2_checkpoints_last_x_3_y_3_z_3_average_threshold_0.25_prediction_peak_min_val_0_25_method_center_of_mass.resampled_space_peaks_results.pickle
dampieri_male_16-image.logs_fiddlercrab_corneas_hist_std_z_norm_lightning_logs_version_0_checkpoints_last_x_3_y_3_z_3_average_threshold_None_prediction_peak_min_val_0_5_method_max_filter,./analysis_output/dampieri_male_16-image.logs_fiddlercrab_corneas_hist_std_z_norm_lightning_logs_version_0_checkpoints_last_x_3_y_3_z_3_average_threshold_None_prediction_peak_min_val_0_5_method_max_filter.resampled_space_peaks_results.pickle
P_crassipes_FEG191022_077A-image.logs_paraphronima_rhabdoms_lightning_logs_version_23_checkpoints_last_x_3_y_3_z_3_average_threshold_0.25_prediction_peak_min_val_0_25_method_center_of_mass,./analysis_output/P_crassipes_FEG191022_077A-image.logs_paraphronima_rhabdoms_lightning_logs_version_23_checkpoints_last_x_3_y_3_z_3_average_threshold_0.25_prediction_peak_min_val_0_25_method_center_of_mass.resampled_space_peaks_results.pickle
FEG200205_108_crop-image.logs_paraphronima_rhabdoms_without_elastic_deformation_lightning_logs_version_2_checkpoints_last_x_3_y_3_z_3_average_threshold_0.25_prediction_peak_min_val_0_5_method_center_of_mass,./analysis_output/FEG200205_108_crop-image.logs_paraphronima_rhabdoms_without_elastic_deformation_lightning_logs_version_2_checkpoints_last_x_3_y_3_z_3_average_threshold_0.25_prediction_peak_min_val_0_5_method_center_of_mass.resampled_space_peaks_results.pickle
FEG200205_108_crop-image.logs_paraphronima_rhabdoms_lightning_logs_version_23_checkpoints_last_x_3_y_3_z_3_average_threshold_None_prediction_peak_min_val_0_25_method_center_of_mass,./analysis_output/FEG200205_108_crop-image.logs_paraphronima_rhabdoms_lightning_logs_version_23_checkpoints_last_x_3_y_3_z_3_average_threshold_None_prediction_peak_min_val_0_25_method_center_of_mass.resampled_space_peaks_results.pickle
P_crassipes_FEG191022_077A-image.logs_paraphronima_rhabdoms_without_elastic_deformation_lightning_logs_version_2_checkpoints_last_x_3_y_3_z_3_average_threshold_0.25_prediction_peak_min_val_0_25_method_center_of_mass,./analysis_output/P_crassipes_FEG191022_077A-image.logs_paraphronima_rhabdoms_without_elastic_deformation_lightning_logs_version_2_checkpoints_last_x_3_y_3_z_3_average_threshold_0.25_prediction_peak_min_val_0_25_method_center_of_mass.resampled_space_peaks_results.pickle
P_crassipes_FEG200129_099-image.logs_paraphronima_rhabdoms_lightning_logs_version_23_checkpoints_last_x_3_y_3_z_3_average_threshold_None_prediction_peak_min_val_0_25_method_max_filter,./analysis_output/P_crassipes_FEG200129_099-image.logs_paraphronima_rhabdoms_lightning_logs_version_23_checkpoints_last_x_3_y_3_z_3_average_threshold_None_prediction_peak_min_val_0_25_method_max_filter.resampled_space_peaks_results.pickle
P_crassipes_FEG190213_003b_02_head-image.logs_paraphronima_corneas_without_random_rotation_lightning_logs_version_1_checkpoints_last_x_3_y_3_z_3_average_threshold_0.5_prediction_peak_min_val_0_5_method_center_of_mass,./analysis_output/P_crassipes_FEG190213_003b_02_head-image.logs_paraphronima_corneas_without_random_rotation_lightning_logs_version_1_checkpoints_last_x_3_y_3_z_3_average_threshold_0.5_prediction_peak_min_val_0_5_method_center_of_mass.resampled_space_peaks_results.pickle
P_crassipes_FEG191022_077A-image.logs_paraphronima_rhabdoms_without_random_rotation_lightning_logs_version_2_checkpoints_last_x_3_y_3_z_3_average_threshold_None_prediction_peak_min_val_0_25_method_center_of_mass,./analysis_output/P_crassipes_FEG191022_077A-image.logs_paraphronima_rhabdoms_without_random_rotation_lightning_logs_version_2_checkpoints_last_x_3_y_3_z_3_average_threshold_None_prediction_peak_min_val_0_25_method_center_of_mass.resampled_space_peaks_results.pickle
dampieri_male_16-image.logs_fiddlercrab_corneas_random_affine_prop_1_lightning_logs_version_0_checkpoints_last_x_3_y_3_z_3_average_threshold_0.25_prediction_peak_min_val_0_25_method_center_of_mass,./analysis_output/dampieri_male_16-image.logs_fiddlercrab_corneas_random_affine_prop_1_lightning_logs_version_0_checkpoints_last_x_3_y_3_z_3_average_threshold_0.25_prediction_peak_min_val_0_25_method_center_of_mass.resampled_space_peaks_results.pickle
dampieri_male_16-image.logs_fiddlercrab_corneas_lightning_logs_version_26_checkpoints_last_x_3_y_3_z_3_average_threshold_None_prediction_peak_min_val_0_5_method_center_of_mass,./analysis_output/dampieri_male_16-image.logs_fiddlercrab_corneas_lightning_logs_version_26_checkpoints_last_x_3_y_3_z_3_average_threshold_None_prediction_peak_min_val_0_5_method_center_of_mass.resampled_space_peaks_results.pickle
FEG200205_108_crop-image.logs_paraphronima_rhabdoms_lightning_logs_version_23_checkpoints_last_x_3_y_3_z_3_average_threshold_0.5_prediction_peak_min_val_0_25_method_center_of_mass,./analysis_output/FEG200205_108_crop-image.logs_paraphronima_rhabdoms_lightning_logs_version_23_checkpoints_last_x_3_y_3_z_3_average_threshold_0.5_prediction_peak_min_val_0_25_method_center_of_mass.resampled_space_peaks_results.pickle
dampieri_male_16-image.logs_fiddlercrab_corneas_lightning_logs_version_26_checkpoints_last_x_3_y_3_z_3_average_threshold_None_prediction_peak_min_val_0_5_method_max_filter,./analysis_output/dampieri_male_16-image.logs_fiddlercrab_corneas_lightning_logs_version_26_checkpoints_last_x_3_y_3_z_3_average_threshold_None_prediction_peak_min_val_0_5_method_max_filter.resampled_space_peaks_results.pickle
dampieri_male_16-image.logs_fiddlercrab_corneas_without_random_rotation_lightning_logs_version_2_checkpoints_last_x_3_y_3_z_3_average_threshold_0.5_prediction_peak_min_val_0_5_method_max_filter,./analysis_output/dampieri_male_16-image.logs_fiddlercrab_corneas_without_random_rotation_lightning_logs_version_2_checkpoints_last_x_3_y_3_z_3_average_threshold_0.5_prediction_peak_min_val_0_5_method_max_filter.resampled_space_peaks_results.pickle
dampieri_male_16-image.logs_fiddlercrab_rhabdoms_with_target_heatmap_masking_lightning_logs_version_2_checkpoints_last_x_3_y_3_z_3_average_threshold_0.5_prediction_peak_min_val_0_5_method_center_of_mass,./analysis_output/dampieri_male_16-image.logs_fiddlercrab_rhabdoms_with_target_heatmap_masking_lightning_logs_version_2_checkpoints_last_x_3_y_3_z_3_average_threshold_0.5_prediction_peak_min_val_0_5_method_center_of_mass.resampled_space_peaks_results.pickle
P_crassipes_FEG190213_003b_02_head-image.logs_paraphronima_corneas_without_random_scale_lightning_logs_version_3_checkpoints_last_x_3_y_3_z_3_average_threshold_0.5_prediction_peak_min_val_0_5_method_max_filter,./analysis_output/P_crassipes_FEG190213_003b_02_head-image.logs_paraphronima_corneas_without_random_scale_lightning_logs_version_3_checkpoints_last_x_3_y_3_z_3_average_threshold_0.5_prediction_peak_min_val_0_5_method_max_filter.resampled_space_peaks_results.pickle
dampieri_male_16-image.logs_fiddlercrab_corneas_hist_std_lightning_logs_version_0_checkpoints_last_x_3_y_3_z_3_average_threshold_0.25_prediction_peak_min_val_0_5_method_center_of_mass,./analysis_output/dampieri_male_16-image.logs_fiddlercrab_corneas_hist_std_lightning_logs_version_0_checkpoints_last_x_3_y_3_z_3_average_threshold_0.25_prediction_peak_min_val_0_5_method_center_of_mass.resampled_space_peaks_results.pickle
P_crassipes_FEG191022_077A-image.logs_paraphronima_rhabdoms_lightning_logs_version_23_checkpoints_last_x_3_y_3_z_3_average_threshold_0.5_prediction_peak_min_val_0_25_method_center_of_mass,./analysis_output/P_crassipes_FEG191022_077A-image.logs_paraphronima_rhabdoms_lightning_logs_version_23_checkpoints_last_x_3_y_3_z_3_average_threshold_0.5_prediction_peak_min_val_0_25_method_center_of_mass.resampled_space_peaks_results.pickle
P_crassipes_FEG191022_077A-image.logs_paraphronima_rhabdoms_lightning_logs_version_23_checkpoints_last_x_3_y_3_z_3_average_threshold_0.5_prediction_peak_min_val_0_25_method_max_filter,./analysis_output/P_crassipes_FEG191022_077A-image.logs_paraphronima_rhabdoms_lightning_logs_version_23_checkpoints_last_x_3_y_3_z_3_average_threshold_0.5_prediction_peak_min_val_0_25_method_max_filter.resampled_space_peaks_results.pickle
flammula_20190925_male_left-image.logs_fiddlercrab_rhabdoms_lightning_logs_version_10_checkpoints_last_x_3_y_3_z_3_average_threshold_0.25_prediction_peak_min_val_0_25_method_max_filter,./analysis_output/flammula_20190925_male_left-image.logs_fiddlercrab_rhabdoms_lightning_logs_version_10_checkpoints_last_x_3_y_3_z_3_average_threshold_0.25_prediction_peak_min_val_0_25_method_max_filter.resampled_space_peaks_results.pickle
flammula_20190925_male_left-image.logs_fiddlercrab_corneas_without_elastic_deformation_lightning_logs_version_2_checkpoints_last_x_3_y_3_z_3_average_threshold_0.5_prediction_peak_min_val_0_25_method_center_of_mass,./analysis_output/flammula_20190925_male_left-image.logs_fiddlercrab_corneas_without_elastic_deformation_lightning_logs_version_2_checkpoints_last_x_3_y_3_z_3_average_threshold_0.5_prediction_peak_min_val_0_25_method_center_of_mass.resampled_space_peaks_results.pickle
flammula_20190925_male_left-image.logs_fiddlercrab_corneas_lightning_logs_version_26_checkpoints_last_x_3_y_3_z_3_average_threshold_0.25_prediction_peak_min_val_0_25_method_max_filter,./analysis_output/flammula_20190925_male_left-image.logs_fiddlercrab_corneas_lightning_logs_version_26_checkpoints_last_x_3_y_3_z_3_average_threshold_0.25_prediction_peak_min_val_0_25_method_max_filter.resampled_space_peaks_results.pickle
P_crassipes_FEG191022_077A-image.logs_paraphronima_rhabdoms_without_random_rotation_lightning_logs_version_2_checkpoints_last_x_3_y_3_z_3_average_threshold_0.5_prediction_peak_min_val_0_25_method_center_of_mass,./analysis_output/P_crassipes_FEG191022_077A-image.logs_paraphronima_rhabdoms_without_random_rotation_lightning_logs_version_2_checkpoints_last_x_3_y_3_z_3_average_threshold_0.5_prediction_peak_min_val_0_25_method_center_of_mass.resampled_space_peaks_results.pickle
P_crassipes_FEG200129_099-image.logs_paraphronima_rhabdoms_without_target_heatmap_masking_lightning_logs_version_1_checkpoints_last_x_3_y_3_z_3_average_threshold_0.5_prediction_peak_min_val_0_5_method_center_of_mass,./analysis_output/P_crassipes_FEG200129_099-image.logs_paraphronima_rhabdoms_without_target_heatmap_masking_lightning_logs_version_1_checkpoints_last_x_3_y_3_z_3_average_threshold_0.5_prediction_peak_min_val_0_5_method_center_of_mass.resampled_space_peaks_results.pickle
P_crassipes_FEG190213_003b_02_head-image.logs_paraphronima_corneas_lightning_logs_version_11_checkpoints_last_x_3_y_3_z_3_average_threshold_0.5_prediction_peak_min_val_0_25_method_max_filter,./analysis_output/P_crassipes_FEG190213_003b_02_head-image.logs_paraphronima_corneas_lightning_logs_version_11_checkpoints_last_x_3_y_3_z_3_average_threshold_0.5_prediction_peak_min_val_0_25_method_max_filter.resampled_space_peaks_results.pickle
P_crassipes_FEG191022_077A-image.logs_paraphronima_rhabdoms_lightning_logs_version_23_checkpoints_last_x_3_y_3_z_3_average_threshold_0.25_prediction_peak_min_val_0_25_method_max_filter,./analysis_output/P_crassipes_FEG191022_077A-image.logs_paraphronima_rhabdoms_lightning_logs_version_23_checkpoints_last_x_3_y_3_z_3_average_threshold_0.25_prediction_peak_min_val_0_25_method_max_filter.resampled_space_peaks_results.pickle
flammula_20190925_male_left-image.logs_fiddlercrab_rhabdoms_without_elastic_deformation_lightning_logs_version_3_checkpoints_last_x_3_y_3_z_3_average_threshold_None_prediction_peak_min_val_0_5_method_max_filter,./analysis_output/flammula_20190925_male_left-image.logs_fiddlercrab_rhabdoms_without_elastic_deformation_lightning_logs_version_3_checkpoints_last_x_3_y_3_z_3_average_threshold_None_prediction_peak_min_val_0_5_method_max_filter.resampled_space_peaks_results.pickle
dampieri_male_16-image.logs_fiddlercrab_rhabdoms_hist_std_lightning_logs_version_0_checkpoints_last_x_3_y_3_z_3_average_threshold_0.5_prediction_peak_min_val_0_25_method_max_filter,./analysis_output/dampieri_male_16-image.logs_fiddlercrab_rhabdoms_hist_std_lightning_logs_version_0_checkpoints_last_x_3_y_3_z_3_average_threshold_0.5_prediction_peak_min_val_0_25_method_max_filter.resampled_space_peaks_results.pickle
flammula_20190925_male_left-image.logs_fiddlercrab_corneas_without_random_rotation_lightning_logs_version_2_checkpoints_last_x_3_y_3_z_3_average_threshold_0.5_prediction_peak_min_val_0_25_method_center_of_mass,./analysis_output/flammula_20190925_male_left-image.logs_fiddlercrab_corneas_without_random_rotation_lightning_logs_version_2_checkpoints_last_x_3_y_3_z_3_average_threshold_0.5_prediction_peak_min_val_0_25_method_center_of_mass.resampled_space_peaks_results.pickle
FEG200205_108_crop-image.logs_paraphronima_rhabdoms_without_random_rotation_lightning_logs_version_2_checkpoints_last_x_3_y_3_z_3_average_threshold_None_prediction_peak_min_val_0_5_method_center_of_mass,./analysis_output/FEG200205_108_crop-image.logs_paraphronima_rhabdoms_without_random_rotation_lightning_logs_version_2_checkpoints_last_x_3_y_3_z_3_average_threshold_None_prediction_peak_min_val_0_5_method_center_of_mass.resampled_space_peaks_results.pickle
flammula_20190925_male_left-image.logs_fiddlercrab_rhabdoms_lightning_logs_version_10_checkpoints_last_x_3_y_3_z_3_average_threshold_0.5_prediction_peak_min_val_0_25_method_max_filter,./analysis_output/flammula_20190925_male_left-image.logs_fiddlercrab_rhabdoms_lightning_logs_version_10_checkpoints_last_x_3_y_3_z_3_average_threshold_0.5_prediction_peak_min_val_0_25_method_max_filter.resampled_space_peaks_results.pickle
dampieri_male_16-image.logs_fiddlercrab_rhabdoms_without_elastic_deformation_lightning_logs_version_3_checkpoints_last_x_3_y_3_z_3_average_threshold_None_prediction_peak_min_val_0_5_method_max_filter,./analysis_output/dampieri_male_16-image.logs_fiddlercrab_rhabdoms_without_elastic_deformation_lightning_logs_version_3_checkpoints_last_x_3_y_3_z_3_average_threshold_None_prediction_peak_min_val_0_5_method_max_filter.resampled_space_peaks_results.pickle
flammula_20190925_male_left-image.logs_fiddlercrab_rhabdoms_hist_std_z_norm_lightning_logs_version_0_checkpoints_last_x_3_y_3_z_3_average_threshold_None_prediction_peak_min_val_0_25_method_max_filter,./analysis_output/flammula_20190925_male_left-image.logs_fiddlercrab_rhabdoms_hist_std_z_norm_lightning_logs_version_0_checkpoints_last_x_3_y_3_z_3_average_threshold_None_prediction_peak_min_val_0_25_method_max_filter.resampled_space_peaks_results.pickle
FEG200205_108_crop-image.logs_paraphronima_rhabdoms_without_elastic_deformation_lightning_logs_version_2_checkpoints_last_x_3_y_3_z_3_average_threshold_0.25_prediction_peak_min_val_0_25_method_center_of_mass,./analysis_output/FEG200205_108_crop-image.logs_paraphronima_rhabdoms_without_elastic_deformation_lightning_logs_version_2_checkpoints_last_x_3_y_3_z_3_average_threshold_0.25_prediction_peak_min_val_0_25_method_center_of_mass.resampled_space_peaks_results.pickle
flammula_20190925_male_left-image.logs_fiddlercrab_corneas_without_elastic_deformation_lightning_logs_version_2_checkpoints_last_x_3_y_3_z_3_average_threshold_None_prediction_peak_min_val_0_25_method_max_filter,./analysis_output/flammula_20190925_male_left-image.logs_fiddlercrab_corneas_without_elastic_deformation_lightning_logs_version_2_checkpoints_last_x_3_y_3_z_3_average_threshold_None_prediction_peak_min_val_0_25_method_max_filter.resampled_space_peaks_results.pickle
P_crassipes_FEG190213_003b_02_head-image.logs_paraphronima_corneas_without_random_rotation_lightning_logs_version_1_checkpoints_last_x_3_y_3_z_3_average_threshold_0.5_prediction_peak_min_val_0_5_method_max_filter,./analysis_output/P_crassipes_FEG190213_003b_02_head-image.logs_paraphronima_corneas_without_random_rotation_lightning_logs_version_1_checkpoints_last_x_3_y_3_z_3_average_threshold_0.5_prediction_peak_min_val_0_5_method_max_filter.resampled_space_peaks_results.pickle
flammula_20190925_male_left-image.logs_fiddlercrab_corneas_hist_std_lightning_logs_version_0_checkpoints_last_x_3_y_3_z_3_average_threshold_0.25_prediction_peak_min_val_0_25_method_center_of_mass,./analysis_output/flammula_20190925_male_left-image.logs_fiddlercrab_corneas_hist_std_lightning_logs_version_0_checkpoints_last_x_3_y_3_z_3_average_threshold_0.25_prediction_peak_min_val_0_25_method_center_of_mass.resampled_space_peaks_results.pickle
flammula_20190925_male_left-image.logs_fiddlercrab_rhabdoms_lightning_logs_version_10_checkpoints_last_x_3_y_3_z_3_average_threshold_None_prediction_peak_min_val_0_5_method_center_of_mass,./analysis_output/flammula_20190925_male_left-image.logs_fiddlercrab_rhabdoms_lightning_logs_version_10_checkpoints_last_x_3_y_3_z_3_average_threshold_None_prediction_peak_min_val_0_5_method_center_of_mass.resampled_space_peaks_results.pickle
P_crassipes_FEG190213_003b_02_head-image.logs_paraphronima_corneas_without_elastic_deformation_lightning_logs_version_2_ckpts_last_x_3_y_3_z_3_average_threshold_0.25_prediction_peak_min_val_0_25_method_center_of_mass,./analysis_output/P_crassipes_FEG190213_003b_02_head-image.logs_paraphronima_corneas_without_elastic_deformation_lightning_logs_version_2_ckpts_last_x_3_y_3_z_3_average_threshold_0.25_prediction_peak_min_val_0_25_method_center_of_mass.resampled_space_peaks_results.pickle
P_crassipes_FEG190213_003b_02_head-image.logs_paraphronima_corneas_without_random_rotation_lightning_logs_version_1_checkpoints_last_x_3_y_3_z_3_average_threshold_None_prediction_peak_min_val_0_25_method_center_of_mass,./analysis_output/P_crassipes_FEG190213_003b_02_head-image.logs_paraphronima_corneas_without_random_rotation_lightning_logs_version_1_checkpoints_last_x_3_y_3_z_3_average_threshold_None_prediction_peak_min_val_0_25_method_center_of_mass.resampled_space_peaks_results.pickle
flammula_20190925_male_left-image.logs_fiddlercrab_corneas_hist_std_z_norm_lightning_logs_version_0_checkpoints_last_x_3_y_3_z_3_average_threshold_0.5_prediction_peak_min_val_0_25_method_max_filter,./analysis_output/flammula_20190925_male_left-image.logs_fiddlercrab_corneas_hist_std_z_norm_lightning_logs_version_0_checkpoints_last_x_3_y_3_z_3_average_threshold_0.5_prediction_peak_min_val_0_25_method_max_filter.resampled_space_peaks_results.pickle
dampieri_male_16-image.logs_fiddlercrab_corneas_hist_std_lightning_logs_version_0_checkpoints_last_x_3_y_3_z_3_average_threshold_0.25_prediction_peak_min_val_0_5_method_max_filter,./analysis_output/dampieri_male_16-image.logs_fiddlercrab_corneas_hist_std_lightning_logs_version_0_checkpoints_last_x_3_y_3_z_3_average_threshold_0.25_prediction_peak_min_val_0_5_method_max_filter.resampled_space_peaks_results.pickle
dampieri_male_16-image.logs_fiddlercrab_rhabdoms_without_elastic_deformation_lightning_logs_version_3_checkpoints_last_x_3_y_3_z_3_average_threshold_0.25_prediction_peak_min_val_0_25_method_center_of_mass,./analysis_output/dampieri_male_16-image.logs_fiddlercrab_rhabdoms_without_elastic_deformation_lightning_logs_version_3_checkpoints_last_x_3_y_3_z_3_average_threshold_0.25_prediction_peak_min_val_0_25_method_center_of_mass.resampled_space_peaks_results.pickle
dampieri_male_16-image.logs_fiddlercrab_rhabdoms_without_elastic_deformation_lightning_logs_version_3_checkpoints_last_x_3_y_3_z_3_average_threshold_None_prediction_peak_min_val_0_5_method_center_of_mass,./analysis_output/dampieri_male_16-image.logs_fiddlercrab_rhabdoms_without_elastic_deformation_lightning_logs_version_3_checkpoints_last_x_3_y_3_z_3_average_threshold_None_prediction_peak_min_val_0_5_method_center_of_mass.resampled_space_peaks_results.pickle
dampieri_male_16-image.logs_fiddlercrab_rhabdoms_without_random_rotation_lightning_logs_version_0_checkpoints_last_x_3_y_3_z_3_average_threshold_0.25_prediction_peak_min_val_0_25_method_max_filter,./analysis_output/dampieri_male_16-image.logs_fiddlercrab_rhabdoms_without_random_rotation_lightning_logs_version_0_checkpoints_last_x_3_y_3_z_3_average_threshold_0.25_prediction_peak_min_val_0_25_method_max_filter.resampled_space_peaks_results.pickle
flammula_20190925_male_left-image.logs_fiddlercrab_rhabdoms_without_random_rotation_lightning_logs_version_0_checkpoints_last_x_3_y_3_z_3_average_threshold_0.5_prediction_peak_min_val_0_5_method_center_of_mass,./analysis_output/flammula_20190925_male_left-image.logs_fiddlercrab_rhabdoms_without_random_rotation_lightning_logs_version_0_checkpoints_last_x_3_y_3_z_3_average_threshold_0.5_prediction_peak_min_val_0_5_method_center_of_mass.resampled_space_peaks_results.pickle
FEG200205_108_crop-image.logs_paraphronima_rhabdoms_without_target_heatmap_masking_lightning_logs_version_1_checkpoints_last_x_3_y_3_z_3_average_threshold_None_prediction_peak_min_val_0_5_method_center_of_mass,./analysis_output/FEG200205_108_crop-image.logs_paraphronima_rhabdoms_without_target_heatmap_masking_lightning_logs_version_1_checkpoints_last_x_3_y_3_z_3_average_threshold_None_prediction_peak_min_val_0_5_method_center_of_mass.resampled_space_peaks_results.pickle
P_crassipes_FEG200129_099-image.logs_paraphronima_rhabdoms_without_random_rotation_lightning_logs_version_2_checkpoints_last_x_3_y_3_z_3_average_threshold_None_prediction_peak_min_val_0_25_method_center_of_mass,./analysis_output/P_crassipes_FEG200129_099-image.logs_paraphronima_rhabdoms_without_random_rotation_lightning_logs_version_2_checkpoints_last_x_3_y_3_z_3_average_threshold_None_prediction_peak_min_val_0_25_method_center_of_mass.resampled_space_peaks_results.pickle
FEG200205_108_crop-image.logs_paraphronima_rhabdoms_without_target_heatmap_masking_lightning_logs_version_1_checkpoints_last_x_3_y_3_z_3_average_threshold_0.5_prediction_peak_min_val_0_25_method_center_of_mass,./analysis_output/FEG200205_108_crop-image.logs_paraphronima_rhabdoms_without_target_heatmap_masking_lightning_logs_version_1_checkpoints_last_x_3_y_3_z_3_average_threshold_0.5_prediction_peak_min_val_0_25_method_center_of_mass.resampled_space_peaks_results.pickle
P_crassipes_FEG190213_003b_02_head-image.logs_paraphronima_corneas_without_elastic_deformation_lightning_logs_version_2_checkpoints_last_x_3_y_3_z_3_average_threshold_0.25_prediction_peak_min_val_0_25_method_max_filter,./analysis_output/P_crassipes_FEG190213_003b_02_head-image.logs_paraphronima_corneas_without_elastic_deformation_lightning_logs_version_2_checkpoints_last_x_3_y_3_z_3_average_threshold_0.25_prediction_peak_min_val_0_25_method_max_filter.resampled_space_peaks_results.pickle
FEG200205_108_crop-image.logs_paraphronima_rhabdoms_without_random_rotation_lightning_logs_version_2_checkpoints_last_x_3_y_3_z_3_average_threshold_None_prediction_peak_min_val_0_5_method_max_filter,./analysis_output/FEG200205_108_crop-image.logs_paraphronima_rhabdoms_without_random_rotation_lightning_logs_version_2_checkpoints_last_x_3_y_3_z_3_average_threshold_None_prediction_peak_min_val_0_5_method_max_filter.resampled_space_peaks_results.pickle
dampieri_male_16-image.logs_fiddlercrab_corneas_hist_std_lightning_logs_version_0_checkpoints_last_x_3_y_3_z_3_average_threshold_0.25_prediction_peak_min_val_0_25_method_max_filter,./analysis_output/dampieri_male_16-image.logs_fiddlercrab_corneas_hist_std_lightning_logs_version_0_checkpoints_last_x_3_y_3_z_3_average_threshold_0.25_prediction_peak_min_val_0_25_method_max_filter.resampled_space_peaks_results.pickle
flammula_20190925_male_left-image.logs_fiddlercrab_corneas_hist_std_z_norm_lightning_logs_version_0_checkpoints_last_x_3_y_3_z_3_average_threshold_0.25_prediction_peak_min_val_0_5_method_max_filter,./analysis_output/flammula_20190925_male_left-image.logs_fiddlercrab_corneas_hist_std_z_norm_lightning_logs_version_0_checkpoints_last_x_3_y_3_z_3_average_threshold_0.25_prediction_peak_min_val_0_5_method_max_filter.resampled_space_peaks_results.pickle
dampieri_male_16-image.logs_fiddlercrab_corneas_lightning_logs_version_26_checkpoints_last_x_3_y_3_z_3_average_threshold_None_prediction_peak_min_val_0_25_method_max_filter,./analysis_output/dampieri_male_16-image.logs_fiddlercrab_corneas_lightning_logs_version_26_checkpoints_last_x_3_y_3_z_3_average_threshold_None_prediction_peak_min_val_0_25_method_max_filter.resampled_space_peaks_results.pickle
dampieri_male_16-image.logs_fiddlercrab_rhabdoms_hist_std_z_norm_lightning_logs_version_0_checkpoints_last_x_3_y_3_z_3_average_threshold_None_prediction_peak_min_val_0_25_method_max_filter,./analysis_output/dampieri_male_16-image.logs_fiddlercrab_rhabdoms_hist_std_z_norm_lightning_logs_version_0_checkpoints_last_x_3_y_3_z_3_average_threshold_None_prediction_peak_min_val_0_25_method_max_filter.resampled_space_peaks_results.pickle
FEG200205_108_crop-image.logs_paraphronima_rhabdoms_without_target_heatmap_masking_lightning_logs_version_1_checkpoints_last_x_3_y_3_z_3_average_threshold_None_prediction_peak_min_val_0_5_method_max_filter,./analysis_output/FEG200205_108_crop-image.logs_paraphronima_rhabdoms_without_target_heatmap_masking_lightning_logs_version_1_checkpoints_last_x_3_y_3_z_3_average_threshold_None_prediction_peak_min_val_0_5_method_max_filter.resampled_space_peaks_results.pickle
P_crassipes_FEG200129_099-image.logs_paraphronima_rhabdoms_without_random_scale_lightning_logs_version_3_checkpoints_last_x_3_y_3_z_3_average_threshold_None_prediction_peak_min_val_0_5_method_max_filter,./analysis_output/P_crassipes_FEG200129_099-image.logs_paraphronima_rhabdoms_without_random_scale_lightning_logs_version_3_checkpoints_last_x_3_y_3_z_3_average_threshold_None_prediction_peak_min_val_0_5_method_max_filter.resampled_space_peaks_results.pickle
P_crassipes_FEG191022_077A-image.logs_paraphronima_rhabdoms_without_random_scale_lightning_logs_version_3_checkpoints_last_x_3_y_3_z_3_average_threshold_0.5_prediction_peak_min_val_0_5_method_center_of_mass,./analysis_output/P_crassipes_FEG191022_077A-image.logs_paraphronima_rhabdoms_without_random_scale_lightning_logs_version_3_checkpoints_last_x_3_y_3_z_3_average_threshold_0.5_prediction_peak_min_val_0_5_method_center_of_mass.resampled_space_peaks_results.pickle
P_crassipes_FEG200129_099-image.logs_paraphronima_rhabdoms_lightning_logs_version_23_checkpoints_last_x_3_y_3_z_3_average_threshold_0.5_prediction_peak_min_val_0_25_method_max_filter,./analysis_output/P_crassipes_FEG200129_099-image.logs_paraphronima_rhabdoms_lightning_logs_version_23_checkpoints_last_x_3_y_3_z_3_average_threshold_0.5_prediction_peak_min_val_0_25_method_max_filter.resampled_space_peaks_results.pickle
FEG200205_108_crop-image.logs_paraphronima_rhabdoms_without_target_heatmap_masking_lightning_logs_version_1_checkpoints_last_x_3_y_3_z_3_average_threshold_None_prediction_peak_min_val_0_25_method_max_filter,./analysis_output/FEG200205_108_crop-image.logs_paraphronima_rhabdoms_without_target_heatmap_masking_lightning_logs_version_1_checkpoints_last_x_3_y_3_z_3_average_threshold_None_prediction_peak_min_val_0_25_method_max_filter.resampled_space_peaks_results.pickle
flammula_20190925_male_left-image.logs_fiddlercrab_corneas_without_random_rotation_lightning_logs_version_2_checkpoints_last_x_3_y_3_z_3_average_threshold_0.5_prediction_peak_min_val_0_25_method_max_filter,./analysis_output/flammula_20190925_male_left-image.logs_fiddlercrab_corneas_without_random_rotation_lightning_logs_version_2_checkpoints_last_x_3_y_3_z_3_average_threshold_0.5_prediction_peak_min_val_0_25_method_max_filter.resampled_space_peaks_results.pickle
dampieri_male_16-image.logs_fiddlercrab_corneas_hist_std_lightning_logs_version_0_checkpoints_last_x_3_y_3_z_3_average_threshold_0.5_prediction_peak_min_val_0_25_method_max_filter,./analysis_output/dampieri_male_16-image.logs_fiddlercrab_corneas_hist_std_lightning_logs_version_0_checkpoints_last_x_3_y_3_z_3_average_threshold_0.5_prediction_peak_min_val_0_25_method_max_filter.resampled_space_peaks_results.pickle
dampieri_male_16-image.logs_fiddlercrab_corneas_without_elastic_deformation_lightning_logs_version_2_checkpoints_last_x_3_y_3_z_3_average_threshold_0.5_prediction_peak_min_val_0_25_method_center_of_mass,./analysis_output/dampieri_male_16-image.logs_fiddlercrab_corneas_without_elastic_deformation_lightning_logs_version_2_checkpoints_last_x_3_y_3_z_3_average_threshold_0.5_prediction_peak_min_val_0_25_method_center_of_mass.resampled_space_peaks_results.pickle
FEG200205_108_crop-image.logs_paraphronima_rhabdoms_without_random_rotation_lightning_logs_version_2_checkpoints_last_x_3_y_3_z_3_average_threshold_0.5_prediction_peak_min_val_0_25_method_center_of_mass,./analysis_output/FEG200205_108_crop-image.logs_paraphronima_rhabdoms_without_random_rotation_lightning_logs_version_2_checkpoints_last_x_3_y_3_z_3_average_threshold_0.5_prediction_peak_min_val_0_25_method_center_of_mass.resampled_space_peaks_results.pickle
dampieri_male_16-image.logs_fiddlercrab_rhabdoms_lightning_logs_version_10_checkpoints_last_x_3_y_3_z_3_average_threshold_0.25_prediction_peak_min_val_0_25_method_max_filter,./analysis_output/dampieri_male_16-image.logs_fiddlercrab_rhabdoms_lightning_logs_version_10_checkpoints_last_x_3_y_3_z_3_average_threshold_0.25_prediction_peak_min_val_0_25_method_max_filter.resampled_space_peaks_results.pickle
flammula_20190925_male_left-image.logs_fiddlercrab_rhabdoms_without_random_scale_lightning_logs_version_3_checkpoints_last_x_3_y_3_z_3_average_threshold_0.25_prediction_peak_min_val_0_5_method_center_of_mass,./analysis_output/flammula_20190925_male_left-image.logs_fiddlercrab_rhabdoms_without_random_scale_lightning_logs_version_3_checkpoints_last_x_3_y_3_z_3_average_threshold_0.25_prediction_peak_min_val_0_5_method_center_of_mass.resampled_space_peaks_results.pickle
flammula_20190925_male_left-image.logs_fiddlercrab_corneas_without_elastic_deformation_lightning_logs_version_2_checkpoints_last_x_3_y_3_z_3_average_threshold_0.5_prediction_peak_min_val_0_25_method_max_filter,./analysis_output/flammula_20190925_male_left-image.logs_fiddlercrab_corneas_without_elastic_deformation_lightning_logs_version_2_checkpoints_last_x_3_y_3_z_3_average_threshold_0.5_prediction_peak_min_val_0_25_method_max_filter.resampled_space_peaks_results.pickle
P_crassipes_FEG200129_099-image.logs_paraphronima_rhabdoms_lightning_logs_version_24_checkpoints_last_ckptx_3_y_3_z_3_average_threshold_0_25_prediction_peak_min_val_0_25_method_center_of_mass,./analysis_output/P_crassipes_FEG200129_099-image.logs_paraphronima_rhabdoms_lightning_logs_version_24_checkpoints_last_ckptx_3_y_3_z_3_average_threshold_0_25_prediction_peak_min_val_0_25_method_center_of_mass.resampled_space_peaks_results.pickle
P_crassipes_FEG200129_099-image.logs_paraphronima_rhabdoms_lightning_logs_version_24_checkpoints_last_x_3_y_3_z_3_average_threshold_None_prediction_peak_min_val_0_25_method_center_of_mass,./analysis_output/P_crassipes_FEG200129_099-image.logs_paraphronima_rhabdoms_lightning_logs_version_24_checkpoints_last_x_3_y_3_z_3_average_threshold_None_prediction_peak_min_val_0_25_method_center_of_mass.resampled_space_peaks_results.pickle
P_crassipes_FEG191022_077A-image.logs_paraphronima_rhabdoms_lightning_logs_version_24_checkpoints_last_ckptx_3_y_3_z_3_average_threshold_0_25_prediction_peak_min_val_0_5_method_center_of_mass,./analysis_output/P_crassipes_FEG191022_077A-image.logs_paraphronima_rhabdoms_lightning_logs_version_24_checkpoints_last_ckptx_3_y_3_z_3_average_threshold_0_25_prediction_peak_min_val_0_5_method_center_of_mass.resampled_space_peaks_results.pickle
P_crassipes_FEG200129_099-image.logs_paraphronima_rhabdoms_lightning_logs_version_24_checkpoints_last_ckptx_3_y_3_z_3_average_threshold_None_prediction_peak_min_val_0_5_method_max_filter,./analysis_output/P_crassipes_FEG200129_099-image.logs_paraphronima_rhabdoms_lightning_logs_version_24_checkpoints_last_ckptx_3_y_3_z_3_average_threshold_None_prediction_peak_min_val_0_5_method_max_filter.resampled_space_peaks_results.pickle
P_crassipes_FEG200129_099-image.logs_paraphronima_rhabdoms_lightning_logs_version_24_checkpoints_last_ckptx_3_y_3_z_3_average_threshold_0_5_prediction_peak_min_val_0_5_method_max_filter,./analysis_output/P_crassipes_FEG200129_099-image.logs_paraphronima_rhabdoms_lightning_logs_version_24_checkpoints_last_ckptx_3_y_3_z_3_average_threshold_0_5_prediction_peak_min_val_0_5_method_max_filter.resampled_space_peaks_results.pickle
FEG200205_108_crop-image.logs_paraphronima_rhabdoms_lightning_logs_version_24_checkpoints_last_ckptx_3_y_3_z_3_average_threshold_0_25_prediction_peak_min_val_0_25_method_max_filter,./analysis_output/FEG200205_108_crop-image.logs_paraphronima_rhabdoms_lightning_logs_version_24_checkpoints_last_ckptx_3_y_3_z_3_average_threshold_0_25_prediction_peak_min_val_0_25_method_max_filter.resampled_space_peaks_results.pickle
P_crassipes_FEG200129_099-image.logs_paraphronima_rhabdoms_lightning_logs_version_24_checkpoints_last_ckptx_3_y_3_z_3_average_threshold_0_5_prediction_peak_min_val_0_25_method_center_of_mass,./analysis_output/P_crassipes_FEG200129_099-image.logs_paraphronima_rhabdoms_lightning_logs_version_24_checkpoints_last_ckptx_3_y_3_z_3_average_threshold_0_5_prediction_peak_min_val_0_25_method_center_of_mass.resampled_space_peaks_results.pickle
FEG200205_108_crop-image.logs_paraphronima_rhabdoms_lightning_logs_version_24_checkpoints_last_x_3_y_3_z_3_average_threshold_None_prediction_peak_min_val_0_25_method_center_of_mass,./analysis_output/FEG200205_108_crop-image.logs_paraphronima_rhabdoms_lightning_logs_version_24_checkpoints_last_x_3_y_3_z_3_average_threshold_None_prediction_peak_min_val_0_25_method_center_of_mass.resampled_space_peaks_results.pickle
FEG200205_108_crop-image.logs_paraphronima_rhabdoms_lightning_logs_version_24_checkpoints_last_ckptx_3_y_3_z_3_average_threshold_0_5_prediction_peak_min_val_0_5_method_center_of_mass,./analysis_output/FEG200205_108_crop-image.logs_paraphronima_rhabdoms_lightning_logs_version_24_checkpoints_last_ckptx_3_y_3_z_3_average_threshold_0_5_prediction_peak_min_val_0_5_method_center_of_mass.resampled_space_peaks_results.pickle
FEG200205_108_crop-image.logs_paraphronima_rhabdoms_lightning_logs_version_24_checkpoints_last_ckptx_3_y_3_z_3_average_threshold_0_25_prediction_peak_min_val_0_5_method_center_of_mass,./analysis_output/FEG200205_108_crop-image.logs_paraphronima_rhabdoms_lightning_logs_version_24_checkpoints_last_ckptx_3_y_3_z_3_average_threshold_0_25_prediction_peak_min_val_0_5_method_center_of_mass.resampled_space_peaks_results.pickle
P_crassipes_FEG191022_077A-image.logs_paraphronima_rhabdoms_lightning_logs_version_25_checkpoints_last_ckptx_3_y_3_z_3_average_threshold_0_5_prediction_peak_min_val_0_25_method_max_filter,./analysis_output/P_crassipes_FEG191022_077A-image.logs_paraphronima_rhabdoms_lightning_logs_version_25_checkpoints_last_ckptx_3_y_3_z_3_average_threshold_0_5_prediction_peak_min_val_0_25_method_max_filter.resampled_space_peaks_results.pickle
P_crassipes_FEG200129_099-image.logs_paraphronima_rhabdoms_lightning_logs_version_25_checkpoints_last_ckptx_3_y_3_z_3_average_threshold_None_prediction_peak_min_val_0_25_method_center_of_mass,./analysis_output/P_crassipes_FEG200129_099-image.logs_paraphronima_rhabdoms_lightning_logs_version_25_checkpoints_last_ckptx_3_y_3_z_3_average_threshold_None_prediction_peak_min_val_0_25_method_center_of_mass.resampled_space_peaks_results.pickle
P_crassipes_FEG200129_099-image.logs_paraphronima_rhabdoms_lightning_logs_version_25_checkpoints_last_ckptx_3_y_3_z_3_average_threshold_0_25_prediction_peak_min_val_0_25_method_max_filter,./analysis_output/P_crassipes_FEG200129_099-image.logs_paraphronima_rhabdoms_lightning_logs_version_25_checkpoints_last_ckptx_3_y_3_z_3_average_threshold_0_25_prediction_peak_min_val_0_25_method_max_filter.resampled_space_peaks_results.pickle
P_crassipes_FEG191022_077A-image.logs_paraphronima_rhabdoms_lightning_logs_version_25_checkpoints_last_ckptx_3_y_3_z_3_average_threshold_0_5_prediction_peak_min_val_0_5_method_center_of_mass,./analysis_output/P_crassipes_FEG191022_077A-image.logs_paraphronima_rhabdoms_lightning_logs_version_25_checkpoints_last_ckptx_3_y_3_z_3_average_threshold_0_5_prediction_peak_min_val_0_5_method_center_of_mass.resampled_space_peaks_results.pickle
P_crassipes_FEG191022_077A-image.logs_paraphronima_rhabdoms_lightning_logs_version_25_checkpoints_last_ckptx_3_y_3_z_3_average_threshold_None_prediction_peak_min_val_0_25_method_max_filter,./analysis_output/P_crassipes_FEG191022_077A-image.logs_paraphronima_rhabdoms_lightning_logs_version_25_checkpoints_last_ckptx_3_y_3_z_3_average_threshold_None_prediction_peak_min_val_0_25_method_max_filter.resampled_space_peaks_results.pickle
P_crassipes_FEG191022_077A-image.logs_paraphronima_rhabdoms_thresholded_heatmaps_lightning_logs_version_15_checkpoints_last_ckptx_3_y_3_z_3_average_threshold_None_prediction_peak_min_val_0_5_method_max_filter,./analysis_output/P_crassipes_FEG191022_077A-image.logs_paraphronima_rhabdoms_thresholded_heatmaps_lightning_logs_version_15_checkpoints_last_ckptx_3_y_3_z_3_average_threshold_None_prediction_peak_min_val_0_5_method_max_filter.resampled_space_peaks_results.pickle
FEG200205_108_crop-image.logs_paraphronima_rhabdoms_thresholded_heatmaps_lightning_logs_version_15_checkpoints_last_ckptx_3_y_3_z_3_average_threshold_None_prediction_peak_min_val_0_5_method_center_of_mass,./analysis_output/FEG200205_108_crop-image.logs_paraphronima_rhabdoms_thresholded_heatmaps_lightning_logs_version_15_checkpoints_last_ckptx_3_y_3_z_3_average_threshold_None_prediction_peak_min_val_0_5_method_center_of_mass.resampled_space_peaks_results.pickle
FEG200205_108_crop-image.logs_paraphronima_rhabdoms_thresholded_heatmaps_lightning_logs_version_15_checkpoints_last_ckptx_3_y_3_z_3_average_threshold_None_prediction_peak_min_val_0_25_method_max_filter,./analysis_output/FEG200205_108_crop-image.logs_paraphronima_rhabdoms_thresholded_heatmaps_lightning_logs_version_15_checkpoints_last_ckptx_3_y_3_z_3_average_threshold_None_prediction_peak_min_val_0_25_method_max_filter.resampled_space_peaks_results.pickle
P_crassipes_FEG200129_099-image.logs_paraphronima_rhabdoms_thresholded_heatmaps_lightning_logs_version_15_checkpoints_last_ckptx_3_y_3_z_3_average_threshold_0_25_prediction_peak_min_val_0_25_method_center_of_mass,./analysis_output/P_crassipes_FEG200129_099-image.logs_paraphronima_rhabdoms_thresholded_heatmaps_lightning_logs_version_15_checkpoints_last_ckptx_3_y_3_z_3_average_threshold_0_25_prediction_peak_min_val_0_25_method_center_of_mass.resampled_space_peaks_results.pickle
P_crassipes_FEG200129_099-image.logs_paraphronima_rhabdoms_thresholded_heatmaps_lightning_logs_version_15_checkpoints_last_ckptx_3_y_3_z_3_average_threshold_0_25_prediction_peak_min_val_0_5_method_max_filter,./analysis_output/P_crassipes_FEG200129_099-image.logs_paraphronima_rhabdoms_thresholded_heatmaps_lightning_logs_version_15_checkpoints_last_ckptx_3_y_3_z_3_average_threshold_0_25_prediction_peak_min_val_0_5_method_max_filter.resampled_space_peaks_results.pickle
P_crassipes_FEG200129_099-image.logs_paraphronima_rhabdoms_thresholded_heatmaps_lightning_logs_version_15_checkpoints_last_ckptx_3_y_3_z_3_average_threshold_0_5_prediction_peak_min_val_0_25_method_center_of_mass,./analysis_output/P_crassipes_FEG200129_099-image.logs_paraphronima_rhabdoms_thresholded_heatmaps_lightning_logs_version_15_checkpoints_last_ckptx_3_y_3_z_3_average_threshold_0_5_prediction_peak_min_val_0_25_method_center_of_mass.resampled_space_peaks_results.pickle
P_crassipes_FEG190801_034_00001_new-image.logs_paraphronima_corneas_lightning_logs_version_11_checkpoints_last_x_3_y_3_z_3_average_threshold_0.25_prediction_peak_min_val_0_5_method_max_filter,./analysis_output/P_crassipes_FEG190801_034_00001_new-image.logs_paraphronima_corneas_lightning_logs_version_11_checkpoints_last_x_3_y_3_z_3_average_threshold_0.25_prediction_peak_min_val_0_5_method_max_filter.resampled_space_peaks_results.pickle
P_gracilis_FEG190213_003a_head-image.logs_paraphronima_corneas_lightning_logs_version_11_checkpoints_last_x_3_y_3_z_3_average_threshold_0.25_prediction_peak_min_val_0_25_method_max_filter,./analysis_output/P_gracilis_FEG190213_003a_head-image.logs_paraphronima_corneas_lightning_logs_version_11_checkpoints_last_x_3_y_3_z_3_average_threshold_0.25_prediction_peak_min_val_0_25_method_max_filter.resampled_space_peaks_results.pickle
P_crassipes_FEG190213_003b_02_head-image.logs_paraphronima_corneas_lightning_logs_version_11_checkpoints_last_ckptx_3_y_3_z_3_average_threshold_0_25_prediction_peak_min_val_0_5_method_center_of_mass,./analysis_output/P_crassipes_FEG190213_003b_02_head-image.logs_paraphronima_corneas_lightning_logs_version_11_checkpoints_last_ckptx_3_y_3_z_3_average_threshold_0_25_prediction_peak_min_val_0_5_method_center_of_mass.resampled_space_peaks_results.pickle
P_gracilis_FEG190213_003a_head-image.logs_paraphronima_corneas_lightning_logs_version_11_checkpoints_last_ckptx_3_y_3_z_3_average_threshold_None_prediction_peak_min_val_0_5_method_center_of_mass,./analysis_output/P_gracilis_FEG190213_003a_head-image.logs_paraphronima_corneas_lightning_logs_version_11_checkpoints_last_ckptx_3_y_3_z_3_average_threshold_None_prediction_peak_min_val_0_5_method_center_of_mass.resampled_space_peaks_results.pickle
P_robisoni_FEG200205_105-image.logs_paraphronima_corneas_lightning_logs_version_11_checkpoints_last_ckptx_3_y_3_z_3_average_threshold_None_prediction_peak_min_val_0_25_method_max_filter,./analysis_output/P_robisoni_FEG200205_105-image.logs_paraphronima_corneas_lightning_logs_version_11_checkpoints_last_ckptx_3_y_3_z_3_average_threshold_None_prediction_peak_min_val_0_25_method_max_filter.resampled_space_peaks_results.pickle
P_gracilis_FEG190213_003a_head-image.logs_paraphronima_corneas_lightning_logs_version_11_checkpoints_last_ckptx_3_y_3_z_3_average_threshold_0_25_prediction_peak_min_val_0_5_method_center_of_mass,./analysis_output/P_gracilis_FEG190213_003a_head-image.logs_paraphronima_corneas_lightning_logs_version_11_checkpoints_last_ckptx_3_y_3_z_3_average_threshold_0_25_prediction_peak_min_val_0_5_method_center_of_mass.resampled_space_peaks_results.pickle
P_robisoni_FEG200205_105-image.logs_paraphronima_corneas_lightning_logs_version_11_checkpoints_last_ckptx_3_y_3_z_3_average_threshold_0_25_prediction_peak_min_val_0_25_method_center_of_mass,./analysis_output/P_robisoni_FEG200205_105-image.logs_paraphronima_corneas_lightning_logs_version_11_checkpoints_last_ckptx_3_y_3_z_3_average_threshold_0_25_prediction_peak_min_val_0_25_method_center_of_mass.resampled_space_peaks_results.pickle
P_crassipes_FEG190801_034_00001_new-image.logs_paraphronima_corneas_lightning_logs_version_11_checkpoints_last_ckptx_3_y_3_z_3_average_threshold_0_25_prediction_peak_min_val_0_25_method_center_of_mass,./analysis_output/P_crassipes_FEG190801_034_00001_new-image.logs_paraphronima_corneas_lightning_logs_version_11_checkpoints_last_ckptx_3_y_3_z_3_average_threshold_0_25_prediction_peak_min_val_0_25_method_center_of_mass.resampled_space_peaks_results.pickle
P_robisoni_FEG200205_105-image.logs_paraphronima_corneas_lightning_logs_version_11_checkpoints_last_x_3_y_3_z_3_average_threshold_0.25_prediction_peak_min_val_0_25_method_max_filter,./analysis_output/P_robisoni_FEG200205_105-image.logs_paraphronima_corneas_lightning_logs_version_11_checkpoints_last_x_3_y_3_z_3_average_threshold_0.25_prediction_peak_min_val_0_25_method_max_filter.resampled_space_peaks_results.pickle
P_crassipes_FEG190801_034_00001_new-image.logs_paraphronima_corneas_lightning_logs_version_11_checkpoints_last_ckptx_3_y_3_z_3_average_threshold_0_5_prediction_peak_min_val_0_25_method_center_of_mass,./analysis_output/P_crassipes_FEG190801_034_00001_new-image.logs_paraphronima_corneas_lightning_logs_version_11_checkpoints_last_ckptx_3_y_3_z_3_average_threshold_0_5_prediction_peak_min_val_0_25_method_center_of_mass.resampled_space_peaks_results.pickle
P_gracilis_FEG190213_003a_head-image.logs_paraphronima_corneas_lightning_logs_version_11_checkpoints_last_ckptx_3_y_3_z_3_average_threshold_None_prediction_peak_min_val_0_5_method_max_filter,./analysis_output/P_gracilis_FEG190213_003a_head-image.logs_paraphronima_corneas_lightning_logs_version_11_checkpoints_last_ckptx_3_y_3_z_3_average_threshold_None_prediction_peak_min_val_0_5_method_max_filter.resampled_space_peaks_results.pickle
P_robisoni_FEG200205_105-image.logs_paraphronima_corneas_lightning_logs_version_11_checkpoints_last_x_3_y_3_z_3_average_threshold_None_prediction_peak_min_val_0_25_method_center_of_mass,./analysis_output/P_robisoni_FEG200205_105-image.logs_paraphronima_corneas_lightning_logs_version_11_checkpoints_last_x_3_y_3_z_3_average_threshold_None_prediction_peak_min_val_0_25_method_center_of_mass.resampled_space_peaks_results.pickle
Paraphronima_FEG181024_head_sp_8_1423158-image.logs_paraphronima_corneas_lightning_logs_version_11_checkpoints_last_x_3_y_3_z_3_average_threshold_0.5_prediction_peak_min_val_0_5_method_max_filter,./analysis_output/Paraphronima_FEG181024_head_sp_8_1423158-image.logs_paraphronima_corneas_lightning_logs_version_11_checkpoints_last_x_3_y_3_z_3_average_threshold_0.5_prediction_peak_min_val_0_5_method_max_filter.resampled_space_peaks_results.pickle
P_robisoni_FEG200205_105-image.logs_paraphronima_corneas_lightning_logs_version_11_checkpoints_last_x_3_y_3_z_3_average_threshold_None_prediction_peak_min_val_0_5_method_center_of_mass,./analysis_output/P_robisoni_FEG200205_105-image.logs_paraphronima_corneas_lightning_logs_version_11_checkpoints_last_x_3_y_3_z_3_average_threshold_None_prediction_peak_min_val_0_5_method_center_of_mass.resampled_space_peaks_results.pickle
P_crassipes_FEG190801_034_00001_new-image.logs_paraphronima_corneas_lightning_logs_version_11_checkpoints_last_ckptx_3_y_3_z_3_average_threshold_0_5_prediction_peak_min_val_0_5_method_center_of_mass,./analysis_output/P_crassipes_FEG190801_034_00001_new-image.logs_paraphronima_corneas_lightning_logs_version_11_checkpoints_last_ckptx_3_y_3_z_3_average_threshold_0_5_prediction_peak_min_val_0_5_method_center_of_mass.resampled_space_peaks_results.pickle
Paraphronima_FEG181024_head_sp_8_1423158-image.logs_paraphronima_corneas_lightning_logs_version_12_checkpoints_last_ckptx_3_y_3_z_3_average_threshold_0_25_prediction_peak_min_val_0_25_method_max_filter,./analysis_output/Paraphronima_FEG181024_head_sp_8_1423158-image.logs_paraphronima_corneas_lightning_logs_version_12_checkpoints_last_ckptx_3_y_3_z_3_average_threshold_0_25_prediction_peak_min_val_0_25_method_max_filter.resampled_space_peaks_results.pickle
P_gracilis_FEG190213_003a_head-image.logs_paraphronima_corneas_lightning_logs_version_12_checkpoints_last_ckptx_3_y_3_z_3_average_threshold_None_prediction_peak_min_val_0_5_method_center_of_mass,./analysis_output/P_gracilis_FEG190213_003a_head-image.logs_paraphronima_corneas_lightning_logs_version_12_checkpoints_last_ckptx_3_y_3_z_3_average_threshold_None_prediction_peak_min_val_0_5_method_center_of_mass.resampled_space_peaks_results.pickle
P_crassipes_FEG190213_003b_02_head-image.logs_paraphronima_corneas_lightning_logs_version_12_checkpoints_last_ckptx_3_y_3_z_3_average_threshold_None_prediction_peak_min_val_0_5_method_center_of_mass,./analysis_output/P_crassipes_FEG190213_003b_02_head-image.logs_paraphronima_corneas_lightning_logs_version_12_checkpoints_last_ckptx_3_y_3_z_3_average_threshold_None_prediction_peak_min_val_0_5_method_center_of_mass.resampled_space_peaks_results.pickle
P_robisoni_FEG200205_105-image.logs_paraphronima_corneas_lightning_logs_version_12_checkpoints_last_ckptx_3_y_3_z_3_average_threshold_0_25_prediction_peak_min_val_0_5_method_center_of_mass,./analysis_output/P_robisoni_FEG200205_105-image.logs_paraphronima_corneas_lightning_logs_version_12_checkpoints_last_ckptx_3_y_3_z_3_average_threshold_0_25_prediction_peak_min_val_0_5_method_center_of_mass.resampled_space_peaks_results.pickle
P_gracilis_FEG190213_003a_head-image.logs_paraphronima_corneas_lightning_logs_version_12_checkpoints_last_ckptx_3_y_3_z_3_average_threshold_0_5_prediction_peak_min_val_0_5_method_max_filter,./analysis_output/P_gracilis_FEG190213_003a_head-image.logs_paraphronima_corneas_lightning_logs_version_12_checkpoints_last_ckptx_3_y_3_z_3_average_threshold_0_5_prediction_peak_min_val_0_5_method_max_filter.resampled_space_peaks_results.pickle
Paraphronima_FEG181024_head_sp_8_1423158-image.logs_paraphronima_corneas_lightning_logs_version_12_checkpoints_last_ckptx_3_y_3_z_3_average_threshold_0_5_prediction_peak_min_val_0_25_method_center_of_mass,./analysis_output/Paraphronima_FEG181024_head_sp_8_1423158-image.logs_paraphronima_corneas_lightning_logs_version_12_checkpoints_last_ckptx_3_y_3_z_3_average_threshold_0_5_prediction_peak_min_val_0_25_method_center_of_mass.resampled_space_peaks_results.pickle
Paraphronima_FEG181024_head_sp_8_1423158-image.logs_paraphronima_corneas_lightning_logs_version_12_checkpoints_last_ckptx_3_y_3_z_3_average_threshold_0_5_prediction_peak_min_val_0_5_method_center_of_mass,./analysis_output/Paraphronima_FEG181024_head_sp_8_1423158-image.logs_paraphronima_corneas_lightning_logs_version_12_checkpoints_last_ckptx_3_y_3_z_3_average_threshold_0_5_prediction_peak_min_val_0_5_method_center_of_mass.resampled_space_peaks_results.pickle
P_crassipes_FEG190801_034_00001_new-image.logs_paraphronima_corneas_lightning_logs_version_12_checkpoints_last_ckptx_3_y_3_z_3_average_threshold_None_prediction_peak_min_val_0_25_method_max_filter,./analysis_output/P_crassipes_FEG190801_034_00001_new-image.logs_paraphronima_corneas_lightning_logs_version_12_checkpoints_last_ckptx_3_y_3_z_3_average_threshold_None_prediction_peak_min_val_0_25_method_max_filter.resampled_space_peaks_results.pickle
P_crassipes_FEG190801_034_00001_new-image.logs_paraphronima_corneas_lightning_logs_version_12_checkpoints_last_ckptx_3_y_3_z_3_average_threshold_0_5_prediction_peak_min_val_0_5_method_center_of_mass,./analysis_output/P_crassipes_FEG190801_034_00001_new-image.logs_paraphronima_corneas_lightning_logs_version_12_checkpoints_last_ckptx_3_y_3_z_3_average_threshold_0_5_prediction_peak_min_val_0_5_method_center_of_mass.resampled_space_peaks_results.pickle
P_crassipes_FEG190801_034_00001_new-image.logs_paraphronima_corneas_lightning_logs_version_12_checkpoints_last_ckptx_3_y_3_z_3_average_threshold_None_prediction_peak_min_val_0_25_method_center_of_mass,./analysis_output/P_crassipes_FEG190801_034_00001_new-image.logs_paraphronima_corneas_lightning_logs_version_12_checkpoints_last_ckptx_3_y_3_z_3_average_threshold_None_prediction_peak_min_val_0_25_method_center_of_mass.resampled_space_peaks_results.pickle
Paraphronima_FEG181024_head_sp_8_1423158-image.logs_paraphronima_corneas_lightning_logs_version_12_checkpoints_last_ckptx_3_y_3_z_3_average_threshold_None_prediction_peak_min_val_0_25_method_center_of_mass,./analysis_output/Paraphronima_FEG181024_head_sp_8_1423158-image.logs_paraphronima_corneas_lightning_logs_version_12_checkpoints_last_ckptx_3_y_3_z_3_average_threshold_None_prediction_peak_min_val_0_25_method_center_of_mass.resampled_space_peaks_results.pickle
P_crassipes_FEG190213_003b_02_head-image.logs_paraphronima_corneas_lightning_logs_version_12_checkpoints_last_ckptx_3_y_3_z_3_average_threshold_0_25_prediction_peak_min_val_0_25_method_max_filter,./analysis_output/P_crassipes_FEG190213_003b_02_head-image.logs_paraphronima_corneas_lightning_logs_version_12_checkpoints_last_ckptx_3_y_3_z_3_average_threshold_0_25_prediction_peak_min_val_0_25_method_max_filter.resampled_space_peaks_results.pickle
P_robisoni_FEG200205_105-image.logs_paraphronima_corneas_lightning_logs_version_12_checkpoints_last_ckptx_3_y_3_z_3_average_threshold_None_prediction_peak_min_val_0_5_method_center_of_mass,./analysis_output/P_robisoni_FEG200205_105-image.logs_paraphronima_corneas_lightning_logs_version_12_checkpoints_last_ckptx_3_y_3_z_3_average_threshold_None_prediction_peak_min_val_0_5_method_center_of_mass.resampled_space_peaks_results.pickle
P_crassipes_FEG190213_003b_02_head-image.logs_paraphronima_corneas_lightning_logs_version_12_checkpoints_last_ckptx_3_y_3_z_3_average_threshold_0_25_prediction_peak_min_val_0_5_method_max_filter,./analysis_output/P_crassipes_FEG190213_003b_02_head-image.logs_paraphronima_corneas_lightning_logs_version_12_checkpoints_last_ckptx_3_y_3_z_3_average_threshold_0_25_prediction_peak_min_val_0_5_method_max_filter.resampled_space_peaks_results.pickle
Paraphronima_FEG181024_head_sp_8_1423158-image.logs_paraphronima_corneas_lightning_logs_version_12_checkpoints_last_ckptx_3_y_3_z_3_average_threshold_0_25_prediction_peak_min_val_0_25_method_center_of_mass,./analysis_output/Paraphronima_FEG181024_head_sp_8_1423158-image.logs_paraphronima_corneas_lightning_logs_version_12_checkpoints_last_ckptx_3_y_3_z_3_average_threshold_0_25_prediction_peak_min_val_0_25_method_center_of_mass.resampled_space_peaks_results.pickle
P_gracilis_FEG190213_003a_head-image.logs_paraphronima_corneas_lightning_logs_version_13_checkpoints_last_ckptx_3_y_3_z_3_average_threshold_None_prediction_peak_min_val_0_25_method_max_filter,./analysis_output/P_gracilis_FEG190213_003a_head-image.logs_paraphronima_corneas_lightning_logs_version_13_checkpoints_last_ckptx_3_y_3_z_3_average_threshold_None_prediction_peak_min_val_0_25_method_max_filter.resampled_space_peaks_results.pickle
P_robisoni_FEG200205_105-image.logs_paraphronima_corneas_lightning_logs_version_13_checkpoints_last_ckptx_3_y_3_z_3_average_threshold_0_25_prediction_peak_min_val_0_5_method_max_filter,./analysis_output/P_robisoni_FEG200205_105-image.logs_paraphronima_corneas_lightning_logs_version_13_checkpoints_last_ckptx_3_y_3_z_3_average_threshold_0_25_prediction_peak_min_val_0_5_method_max_filter.resampled_space_peaks_results.pickle
P_robisoni_FEG200205_105-image.logs_paraphronima_corneas_lightning_logs_version_13_checkpoints_last_ckptx_3_y_3_z_3_average_threshold_None_prediction_peak_min_val_0_25_method_max_filter,./analysis_output/P_robisoni_FEG200205_105-image.logs_paraphronima_corneas_lightning_logs_version_13_checkpoints_last_ckptx_3_y_3_z_3_average_threshold_None_prediction_peak_min_val_0_25_method_max_filter.resampled_space_peaks_results.pickle
P_crassipes_FEG190213_003b_02_head-image.logs_paraphronima_corneas_lightning_logs_version_13_checkpoints_last_ckptx_3_y_3_z_3_average_threshold_0_25_prediction_peak_min_val_0_25_method_max_filter,./analysis_output/P_crassipes_FEG190213_003b_02_head-image.logs_paraphronima_corneas_lightning_logs_version_13_checkpoints_last_ckptx_3_y_3_z_3_average_threshold_0_25_prediction_peak_min_val_0_25_method_max_filter.resampled_space_peaks_results.pickle
P_crassipes_FEG190801_034_00001_new-image.logs_paraphronima_corneas_lightning_logs_version_13_checkpoints_last_ckptx_3_y_3_z_3_average_threshold_0_5_prediction_peak_min_val_0_5_method_center_of_mass,./analysis_output/P_crassipes_FEG190801_034_00001_new-image.logs_paraphronima_corneas_lightning_logs_version_13_checkpoints_last_ckptx_3_y_3_z_3_average_threshold_0_5_prediction_peak_min_val_0_5_method_center_of_mass.resampled_space_peaks_results.pickle
P_crassipes_FEG190801_034_00001_new-image.logs_paraphronima_corneas_lightning_logs_version_13_checkpoints_last_ckptx_3_y_3_z_3_average_threshold_0_25_prediction_peak_min_val_0_5_method_center_of_mass,./analysis_output/P_crassipes_FEG190801_034_00001_new-image.logs_paraphronima_corneas_lightning_logs_version_13_checkpoints_last_ckptx_3_y_3_z_3_average_threshold_0_25_prediction_peak_min_val_0_5_method_center_of_mass.resampled_space_peaks_results.pickle
P_crassipes_FEG190801_034_00001_new-image.logs_paraphronima_corneas_lightning_logs_version_13_checkpoints_last_ckptx_3_y_3_z_3_average_threshold_None_prediction_peak_min_val_0_25_method_max_filter,./analysis_output/P_crassipes_FEG190801_034_00001_new-image.logs_paraphronima_corneas_lightning_logs_version_13_checkpoints_last_ckptx_3_y_3_z_3_average_threshold_None_prediction_peak_min_val_0_25_method_max_filter.resampled_space_peaks_results.pickle
P_crassipes_FEG190801_034_00001_new-image.logs_paraphronima_corneas_lightning_logs_version_13_checkpoints_last_ckptx_3_y_3_z_3_average_threshold_None_prediction_peak_min_val_0_5_method_center_of_mass,./analysis_output/P_crassipes_FEG190801_034_00001_new-image.logs_paraphronima_corneas_lightning_logs_version_13_checkpoints_last_ckptx_3_y_3_z_3_average_threshold_None_prediction_peak_min_val_0_5_method_center_of_mass.resampled_space_peaks_results.pickle
P_crassipes_FEG190213_003b_02_head-image.logs_paraphronima_corneas_lightning_logs_version_13_checkpoints_last_ckptx_3_y_3_z_3_average_threshold_None_prediction_peak_min_val_0_25_method_center_of_mass,./analysis_output/P_crassipes_FEG190213_003b_02_head-image.logs_paraphronima_corneas_lightning_logs_version_13_checkpoints_last_ckptx_3_y_3_z_3_average_threshold_None_prediction_peak_min_val_0_25_method_center_of_mass.resampled_space_peaks_results.pickle
P_crassipes_FEG190801_034_00001_new-image.logs_paraphronima_corneas_lightning_logs_version_13_checkpoints_last_ckptx_3_y_3_z_3_average_threshold_0_25_prediction_peak_min_val_0_25_method_center_of_mass,./analysis_output/P_crassipes_FEG190801_034_00001_new-image.logs_paraphronima_corneas_lightning_logs_version_13_checkpoints_last_ckptx_3_y_3_z_3_average_threshold_0_25_prediction_peak_min_val_0_25_method_center_of_mass.resampled_space_peaks_results.pickle
P_crassipes_FEG190213_003b_02_head-image.logs_paraphronima_corneas_lightning_logs_version_13_checkpoints_last_ckptx_3_y_3_z_3_average_threshold_None_prediction_peak_min_val_0_5_method_max_filter,./analysis_output/P_crassipes_FEG190213_003b_02_head-image.logs_paraphronima_corneas_lightning_logs_version_13_checkpoints_last_ckptx_3_y_3_z_3_average_threshold_None_prediction_peak_min_val_0_5_method_max_filter.resampled_space_peaks_results.pickle
P_crassipes_FEG190213_003b_02_head-image.logs_paraphronima_corneas_lightning_logs_version_13_checkpoints_last_ckptx_3_y_3_z_3_average_threshold_None_prediction_peak_min_val_0_5_method_center_of_mass,./analysis_output/P_crassipes_FEG190213_003b_02_head-image.logs_paraphronima_corneas_lightning_logs_version_13_checkpoints_last_ckptx_3_y_3_z_3_average_threshold_None_prediction_peak_min_val_0_5_method_center_of_mass.resampled_space_peaks_results.pickle
Paraphronima_FEG181024_head_sp_8_1423158-image.logs_paraphronima_corneas_lightning_logs_version_13_checkpoints_last_ckptx_3_y_3_z_3_average_threshold_0_5_prediction_peak_min_val_0_5_method_center_of_mass,./analysis_output/Paraphronima_FEG181024_head_sp_8_1423158-image.logs_paraphronima_corneas_lightning_logs_version_13_checkpoints_last_ckptx_3_y_3_z_3_average_threshold_0_5_prediction_peak_min_val_0_5_method_center_of_mass.resampled_space_peaks_results.pickle
Paraphronima_FEG181024_head_sp_8_1423158-image.logs_paraphronima_corneas_lightning_logs_version_13_checkpoints_last_ckptx_3_y_3_z_3_average_threshold_0_25_prediction_peak_min_val_0_5_method_max_filter,./analysis_output/Paraphronima_FEG181024_head_sp_8_1423158-image.logs_paraphronima_corneas_lightning_logs_version_13_checkpoints_last_ckptx_3_y_3_z_3_average_threshold_0_25_prediction_peak_min_val_0_5_method_max_filter.resampled_space_peaks_results.pickle
P_crassipes_FEG200129_099-image.logs_paraphronima_rhabdoms_lightning_logs_version_26_checkpoints_last_ckptx_3_y_3_z_3_average_threshold_None_prediction_peak_min_val_0_25_method_max_filter,./analysis_output/P_crassipes_FEG200129_099-image.logs_paraphronima_rhabdoms_lightning_logs_version_26_checkpoints_last_ckptx_3_y_3_z_3_average_threshold_None_prediction_peak_min_val_0_25_method_max_filter.resampled_space_peaks_results.pickle
P_crassipes_FEG191022_077A-image.logs_paraphronima_rhabdoms_lightning_logs_version_26_checkpoints_last_ckptx_3_y_3_z_3_average_threshold_0_5_prediction_peak_min_val_0_5_method_max_filter,./analysis_output/P_crassipes_FEG191022_077A-image.logs_paraphronima_rhabdoms_lightning_logs_version_26_checkpoints_last_ckptx_3_y_3_z_3_average_threshold_0_5_prediction_peak_min_val_0_5_method_max_filter.resampled_space_peaks_results.pickle
P_crassipes_FEG191022_077A-image.logs_paraphronima_rhabdoms_whole_scans_lightning_logs_version_1_checkpoints_last_ckptx_3_y_3_z_3_average_threshold_0_5_prediction_peak_min_val_0_25_method_max_filter,./analysis_output/P_crassipes_FEG191022_077A-image.logs_paraphronima_rhabdoms_whole_scans_lightning_logs_version_1_checkpoints_last_ckptx_3_y_3_z_3_average_threshold_0_5_prediction_peak_min_val_0_25_method_max_filter.resampled_space_peaks_results.pickle
FEG200205_108_crop-image.logs_paraphronima_rhabdoms_whole_scans_lightning_logs_version_1_checkpoints_last_ckptx_3_y_3_z_3_average_threshold_None_prediction_peak_min_val_0_25_method_center_of_mass,./analysis_output/FEG200205_108_crop-image.logs_paraphronima_rhabdoms_whole_scans_lightning_logs_version_1_checkpoints_last_ckptx_3_y_3_z_3_average_threshold_None_prediction_peak_min_val_0_25_method_center_of_mass.resampled_space_peaks_results.pickle
P_crassipes_FEG200129_099-image.logs_paraphronima_rhabdoms_whole_scans_lightning_logs_version_1_checkpoints_last_ckptx_3_y_3_z_3_average_threshold_0_25_prediction_peak_min_val_0_5_method_center_of_mass,./analysis_output/P_crassipes_FEG200129_099-image.logs_paraphronima_rhabdoms_whole_scans_lightning_logs_version_1_checkpoints_last_ckptx_3_y_3_z_3_average_threshold_0_25_prediction_peak_min_val_0_5_method_center_of_mass.resampled_space_peaks_results.pickle
FEG200205_108_crop-image.logs_paraphronima_rhabdoms_whole_scans_lightning_logs_version_1_checkpoints_last_ckptx_3_y_3_z_3_average_threshold_None_prediction_peak_min_val_0_8_method_center_of_mass,./analysis_output/FEG200205_108_crop-image.logs_paraphronima_rhabdoms_whole_scans_lightning_logs_version_1_checkpoints_last_ckptx_3_y_3_z_3_average_threshold_None_prediction_peak_min_val_0_8_method_center_of_mass.resampled_space_peaks_results.pickle
FEG200205_108_crop-image.logs_paraphronima_rhabdoms_whole_scans_lightning_logs_version_1_checkpoints_last_ckptx_3_y_3_z_3_average_threshold_None_prediction_peak_min_val_0_5_method_center_of_mass,./analysis_output/FEG200205_108_crop-image.logs_paraphronima_rhabdoms_whole_scans_lightning_logs_version_1_checkpoints_last_ckptx_3_y_3_z_3_average_threshold_None_prediction_peak_min_val_0_5_method_center_of_mass.resampled_space_peaks_results.pickle
FEG200205_108_crop-image.logs_paraphronima_rhabdoms_whole_scans_lightning_logs_version_1_checkpoints_last_ckptx_3_y_3_z_3_average_threshold_0_25_prediction_peak_min_val_0_5_method_max_filter,./analysis_output/FEG200205_108_crop-image.logs_paraphronima_rhabdoms_whole_scans_lightning_logs_version_1_checkpoints_last_ckptx_3_y_3_z_3_average_threshold_0_25_prediction_peak_min_val_0_5_method_max_filter.resampled_space_peaks_results.pickle
P_crassipes_FEG191022_077A-image.logs_paraphronima_rhabdoms_whole_scans_lightning_logs_version_1_checkpoints_last_ckptx_3_y_3_z_3_average_threshold_None_prediction_peak_min_val_0_5_method_center_of_mass,./analysis_output/P_crassipes_FEG191022_077A-image.logs_paraphronima_rhabdoms_whole_scans_lightning_logs_version_1_checkpoints_last_ckptx_3_y_3_z_3_average_threshold_None_prediction_peak_min_val_0_5_method_center_of_mass.resampled_space_peaks_results.pickle
P_crassipes_FEG190213_003b_02_head-image.logs_paraphronima_corneas_without_elastic_deformation_lightning_logs_version_2_checkpoints_last_x_3_y_3_z_3_average_threshold_None_prediction_peak_min_val_0_5_method_center_of_mass,./analysis_output/P_crassipes_FEG190213_003b_02_head-image.logs_paraphronima_corneas_without_elastic_deformation_lightning_logs_version_2_checkpoints_last_x_3_y_3_z_3_average_threshold_None_prediction_peak_min_val_0_5_method_center_of_mass.resampled_space_pe_results.pickle
P_gracilis_FEG190213_003a_head-image.logs_paraphronima_corneas_without_elastic_deformation_lightning_logs_version_2_checkpoints_last_x_3_y_3_z_3_average_threshold_None_prediction_peak_min_val_0_25_method_center_of_mass,./analysis_output/P_gracilis_FEG190213_003a_head-image.logs_paraphronima_corneas_without_elastic_deformation_lightning_logs_version_2_checkpoints_last_x_3_y_3_z_3_average_threshold_None_prediction_peak_min_val_0_25_method_center_of_mass.resampled_space_peaks_results.pickle
P_crassipes_FEG190801_034_00001_new-image.logs_paraphronima_corneas_without_elastic_deformation_lightning_logs_version_2_checkpoints_last_x_3_y_3_z_3_average_threshold_0.25_prediction_peak_min_val_0_25_method_max_filter,./analysis_output/P_crassipes_FEG190801_034_00001_new-image.logs_paraphronima_corneas_without_elastic_deformation_lightning_logs_version_2_checkpoints_last_x_3_y_3_z_3_average_threshold_0.25_prediction_peak_min_val_0_25_method_max_filter.resampled_space_peak_results.pickle
P_crassipes_FEG190213_003b_02_head-image.logs_paraphronima_corneas_without_elastic_deformation_lightning_logs_version_2_checkpoints_last_ckptx_3_y_3_z_3_average_threshold_0_5_prediction_peak_min_val_0_25_method_center_of_mass,./analysis_output/P_crassipes_FEG190213_003b_02_head-image.logs_paraphronima_corneas_without_elastic_deformation_lightning_logs_version_2_checkpoints_last_ckptx_3_y_3_z_3_average_threshold_0_5_prediction_peak_min_val_0_25_method_center_of_mass.resampled_spac_results.pickle
P_crassipes_FEG190801_034_00001_new-image.logs_paraphronima_corneas_without_elastic_deformation_lightning_logs_version_2_checkpoints_last_ckptx_3_y_3_z_3_average_threshold_0_25_prediction_peak_min_val_0_5_method_max_filter,./analysis_output/P_crassipes_FEG190801_034_00001_new-image.logs_paraphronima_corneas_without_elastic_deformation_lightning_logs_version_2_checkpoints_last_ckptx_3_y_3_z_3_average_threshold_0_25_prediction_peak_min_val_0_5_method_max_filter.resampled_space_p_results.pickle
P_robisoni_FEG200205_105-image.logs_paraphronima_corneas_without_elastic_deformation_lightning_logs_version_2_checkpoints_last_x_3_y_3_z_3_average_threshold_None_prediction_peak_min_val_0_5_method_max_filter,./analysis_output/P_robisoni_FEG200205_105-image.logs_paraphronima_corneas_without_elastic_deformation_lightning_logs_version_2_checkpoints_last_x_3_y_3_z_3_average_threshold_None_prediction_peak_min_val_0_5_method_max_filter.resampled_space_peaks_results.pickle
P_crassipes_FEG190801_034_00001_new-image.logs_paraphronima_corneas_without_elastic_deformation_lightning_logs_version_2_checkpoints_last_x_3_y_3_z_3_average_threshold_0.5_prediction_peak_min_val_0_5_method_center_of_mass,./analysis_output/P_crassipes_FEG190801_034_00001_new-image.logs_paraphronima_corneas_without_elastic_deformation_lightning_logs_version_2_checkpoints_last_x_3_y_3_z_3_average_threshold_0.5_prediction_peak_min_val_0_5_method_center_of_mass.resampled_space_pe_results.pickle
P_robisoni_FEG200205_105-image.logs_paraphronima_corneas_without_elastic_deformation_lightning_logs_version_2_checkpoints_last_ckptx_3_y_3_z_3_average_threshold_None_prediction_peak_min_val_0_5_method_max_filter,./analysis_output/P_robisoni_FEG200205_105-image.logs_paraphronima_corneas_without_elastic_deformation_lightning_logs_version_2_checkpoints_last_ckptx_3_y_3_z_3_average_threshold_None_prediction_peak_min_val_0_5_method_max_filter.resampled_space_peaks_results.pickle
P_gracilis_FEG190213_003a_head-image.logs_paraphronima_corneas_without_elastic_deformation_lightning_logs_version_2_checkpoints_last_x_3_y_3_z_3_average_threshold_0.25_prediction_peak_min_val_0_25_method_center_of_mass,./analysis_output/P_gracilis_FEG190213_003a_head-image.logs_paraphronima_corneas_without_elastic_deformation_lightning_logs_version_2_checkpoints_last_x_3_y_3_z_3_average_threshold_0.25_prediction_peak_min_val_0_25_method_center_of_mass.resampled_space_peaks_results.pickle
P_robisoni_FEG200205_105-image.logs_paraphronima_corneas_without_elastic_deformation_lightning_logs_version_2_checkpoints_last_x_3_y_3_z_3_average_threshold_0.5_prediction_peak_min_val_0_5_method_center_of_mass,./analysis_output/P_robisoni_FEG200205_105-image.logs_paraphronima_corneas_without_elastic_deformation_lightning_logs_version_2_checkpoints_last_x_3_y_3_z_3_average_threshold_0.5_prediction_peak_min_val_0_5_method_center_of_mass.resampled_space_peaks_results.pickle
P_crassipes_FEG190801_034_00001_new-image.logs_paraphronima_corneas_without_elastic_deformation_lightning_logs_version_2_checkpoints_last_ckptx_3_y_3_z_3_average_threshold_0_5_prediction_peak_min_val_0_25_method_center_of_mass,./analysis_output/P_crassipes_FEG190801_034_00001_new-image.logs_paraphronima_corneas_without_elastic_deformation_lightning_logs_version_2_checkpoints_last_ckptx_3_y_3_z_3_average_threshold_0_5_prediction_peak_min_val_0_25_method_center_of_mass.resampled_spa_results.pickle
P_robisoni_FEG200205_105-image.logs_paraphronima_corneas_without_elastic_deformation_lightning_logs_version_2_checkpoints_last_x_3_y_3_z_3_average_threshold_0.5_prediction_peak_min_val_0_25_method_center_of_mass,./analysis_output/P_robisoni_FEG200205_105-image.logs_paraphronima_corneas_without_elastic_deformation_lightning_logs_version_2_checkpoints_last_x_3_y_3_z_3_average_threshold_0.5_prediction_peak_min_val_0_25_method_center_of_mass.resampled_space_peaks_results.pickle
P_crassipes_FEG190801_034_00001_new-image.logs_paraphronima_corneas_without_elastic_deformation_lightning_logs_version_2_checkpoints_last_x_3_y_3_z_3_average_threshold_0.25_prediction_peak_min_val_0_25_method_center_of_mass,./analysis_output/P_crassipes_FEG190801_034_00001_new-image.logs_paraphronima_corneas_without_elastic_deformation_lightning_logs_version_2_checkpoints_last_x_3_y_3_z_3_average_threshold_0.25_prediction_peak_min_val_0_25_method_center_of_mass.resampled_space__results.pickle
P_crassipes_FEG190801_034_00001_new-image.logs_paraphronima_corneas_without_elastic_deformation_lightning_logs_version_2_checkpoints_last_x_3_y_3_z_3_average_threshold_0.25_prediction_peak_min_val_0_5_method_center_of_mass,./analysis_output/P_crassipes_FEG190801_034_00001_new-image.logs_paraphronima_corneas_without_elastic_deformation_lightning_logs_version_2_checkpoints_last_x_3_y_3_z_3_average_threshold_0.25_prediction_peak_min_val_0_5_method_center_of_mass.resampled_space_p_results.pickle
P_crassipes_FEG190213_003b_02_head-image.logs_paraphronima_corneas_without_elastic_deformation_lightning_logs_version_2_checkpoints_last_ckptx_3_y_3_z_3_average_threshold_0_5_prediction_peak_min_val_0_5_method_center_of_mass,./analysis_output/P_crassipes_FEG190213_003b_02_head-image.logs_paraphronima_corneas_without_elastic_deformation_lightning_logs_version_2_checkpoints_last_ckptx_3_y_3_z_3_average_threshold_0_5_prediction_peak_min_val_0_5_method_center_of_mass.resampled_space_results.pickle
P_crassipes_FEG190801_034_00001_new-image.logs_paraphronima_corneas_without_elastic_deformation_lightning_logs_version_2_checkpoints_last_x_3_y_3_z_3_average_threshold_None_prediction_peak_min_val_0_25_method_max_filter,./analysis_output/P_crassipes_FEG190801_034_00001_new-image.logs_paraphronima_corneas_without_elastic_deformation_lightning_logs_version_2_checkpoints_last_x_3_y_3_z_3_average_threshold_None_prediction_peak_min_val_0_25_method_max_filter.resampled_space_peak_results.pickle
Paraphronima_FEG181024_head_sp_8_1423158-image.logs_paraphronima_corneas_without_elastic_deformation_lightning_logs_version_2_checkpoints_last_ckptx_3_y_3_z_3_average_threshold_0_25_prediction_peak_min_val_0_5_method_max_filter,./analysis_output/Paraphronima_FEG181024_head_sp_8_1423158-image.logs_paraphronima_corneas_without_elastic_deformation_lightning_logs_version_2_checkpoints_last_ckptx_3_y_3_z_3_average_threshold_0_25_prediction_peak_min_val_0_5_method_max_filter.resampled_sp_results.pickle
P_gracilis_FEG190213_003a_head-image.logs_paraphronima_corneas_without_elastic_deformation_lightning_logs_version_2_checkpoints_last_x_3_y_3_z_3_average_threshold_0.5_prediction_peak_min_val_0_25_method_center_of_mass,./analysis_output/P_gracilis_FEG190213_003a_head-image.logs_paraphronima_corneas_without_elastic_deformation_lightning_logs_version_2_checkpoints_last_x_3_y_3_z_3_average_threshold_0.5_prediction_peak_min_val_0_25_method_center_of_mass.resampled_space_peaks_results.pickle
P_crassipes_FEG190801_034_00001_new-image.logs_paraphronima_corneas_without_random_scale_lightning_logs_version_3_checkpoints_last_ckptx_3_y_3_z_3_average_threshold_0_25_prediction_peak_min_val_0_25_method_center_of_mass,./analysis_output/P_crassipes_FEG190801_034_00001_new-image.logs_paraphronima_corneas_without_random_scale_lightning_logs_version_3_checkpoints_last_ckptx_3_y_3_z_3_average_threshold_0_25_prediction_peak_min_val_0_25_method_center_of_mass.resampled_space_pea_results.pickle
P_crassipes_FEG190801_034_00001_new-image.logs_paraphronima_corneas_without_random_scale_lightning_logs_version_3_checkpoints_last_x_3_y_3_z_3_average_threshold_None_prediction_peak_min_val_0_25_method_max_filter,./analysis_output/P_crassipes_FEG190801_034_00001_new-image.logs_paraphronima_corneas_without_random_scale_lightning_logs_version_3_checkpoints_last_x_3_y_3_z_3_average_threshold_None_prediction_peak_min_val_0_25_method_max_filter.resampled_space_peaks_results.pickle
Paraphronima_FEG181024_head_sp_8_1423158-image.logs_paraphronima_corneas_without_random_scale_lightning_logs_version_3_checkpoints_last_ckptx_3_y_3_z_3_average_threshold_None_prediction_peak_min_val_0_25_method_center_of_mass,./analysis_output/Paraphronima_FEG181024_head_sp_8_1423158-image.logs_paraphronima_corneas_without_random_scale_lightning_logs_version_3_checkpoints_last_ckptx_3_y_3_z_3_average_threshold_None_prediction_peak_min_val_0_25_method_center_of_mass.resampled_spac_results.pickle
Paraphronima_FEG181024_head_sp_8_1423158-image.logs_paraphronima_corneas_without_random_scale_lightning_logs_version_3_checkpoints_last_x_3_y_3_z_3_average_threshold_0.25_prediction_peak_min_val_0_25_method_center_of_mass,./analysis_output/Paraphronima_FEG181024_head_sp_8_1423158-image.logs_paraphronima_corneas_without_random_scale_lightning_logs_version_3_checkpoints_last_x_3_y_3_z_3_average_threshold_0.25_prediction_peak_min_val_0_25_method_center_of_mass.resampled_space_pe_results.pickle
Paraphronima_FEG181024_head_sp_8_1423158-image.logs_paraphronima_corneas_without_random_scale_lightning_logs_version_3_checkpoints_last_ckptx_3_y_3_z_3_average_threshold_0_25_prediction_peak_min_val_0_5_method_max_filter,./analysis_output/Paraphronima_FEG181024_head_sp_8_1423158-image.logs_paraphronima_corneas_without_random_scale_lightning_logs_version_3_checkpoints_last_ckptx_3_y_3_z_3_average_threshold_0_25_prediction_peak_min_val_0_5_method_max_filter.resampled_space_pea_results.pickle
P_crassipes_FEG190213_003b_02_head-image.logs_paraphronima_corneas_without_random_scale_lightning_logs_version_3_checkpoints_last_ckptx_3_y_3_z_3_average_threshold_0_25_prediction_peak_min_val_0_5_method_center_of_mass,./analysis_output/P_crassipes_FEG190213_003b_02_head-image.logs_paraphronima_corneas_without_random_scale_lightning_logs_version_3_checkpoints_last_ckptx_3_y_3_z_3_average_threshold_0_25_prediction_peak_min_val_0_5_method_center_of_mass.resampled_space_peaks_results.pickle
P_robisoni_FEG200205_105-image.logs_paraphronima_corneas_without_random_scale_lightning_logs_version_3_checkpoints_last_x_3_y_3_z_3_average_threshold_None_prediction_peak_min_val_0_5_method_center_of_mass,./analysis_output/P_robisoni_FEG200205_105-image.logs_paraphronima_corneas_without_random_scale_lightning_logs_version_3_checkpoints_last_x_3_y_3_z_3_average_threshold_None_prediction_peak_min_val_0_5_method_center_of_mass.resampled_space_peaks_results.pickle
P_robisoni_FEG200205_105-image.logs_paraphronima_corneas_without_random_scale_lightning_logs_version_3_checkpoints_last_ckptx_3_y_3_z_3_average_threshold_0_25_prediction_peak_min_val_0_25_method_max_filter,./analysis_output/P_robisoni_FEG200205_105-image.logs_paraphronima_corneas_without_random_scale_lightning_logs_version_3_checkpoints_last_ckptx_3_y_3_z_3_average_threshold_0_25_prediction_peak_min_val_0_25_method_max_filter.resampled_space_peaks_results.pickle
P_gracilis_FEG190213_003a_head-image.logs_paraphronima_corneas_without_random_scale_lightning_logs_version_3_checkpoints_last_ckptx_3_y_3_z_3_average_threshold_0_5_prediction_peak_min_val_0_5_method_center_of_mass,./analysis_output/P_gracilis_FEG190213_003a_head-image.logs_paraphronima_corneas_without_random_scale_lightning_logs_version_3_checkpoints_last_ckptx_3_y_3_z_3_average_threshold_0_5_prediction_peak_min_val_0_5_method_center_of_mass.resampled_space_peaks_results.pickle
P_gracilis_FEG190213_003a_head-image.logs_paraphronima_corneas_without_random_scale_lightning_logs_version_3_checkpoints_last_ckptx_3_y_3_z_3_average_threshold_None_prediction_peak_min_val_0_25_method_center_of_mass,./analysis_output/P_gracilis_FEG190213_003a_head-image.logs_paraphronima_corneas_without_random_scale_lightning_logs_version_3_checkpoints_last_ckptx_3_y_3_z_3_average_threshold_None_prediction_peak_min_val_0_25_method_center_of_mass.resampled_space_peaks_results.pickle
P_crassipes_FEG190801_034_00001_new-image.logs_paraphronima_corneas_without_random_scale_lightning_logs_version_3_checkpoints_last_x_3_y_3_z_3_average_threshold_0.5_prediction_peak_min_val_0_5_method_max_filter,./analysis_output/P_crassipes_FEG190801_034_00001_new-image.logs_paraphronima_corneas_without_random_scale_lightning_logs_version_3_checkpoints_last_x_3_y_3_z_3_average_threshold_0.5_prediction_peak_min_val_0_5_method_max_filter.resampled_space_peaks_results.pickle
P_robisoni_FEG200205_105-image.logs_paraphronima_corneas_without_random_scale_lightning_logs_version_3_checkpoints_last_x_3_y_3_z_3_average_threshold_0.25_prediction_peak_min_val_0_5_method_center_of_mass,./analysis_output/P_robisoni_FEG200205_105-image.logs_paraphronima_corneas_without_random_scale_lightning_logs_version_3_checkpoints_last_x_3_y_3_z_3_average_threshold_0.25_prediction_peak_min_val_0_5_method_center_of_mass.resampled_space_peaks_results.pickle
P_crassipes_FEG190801_034_00001_new-image.logs_paraphronima_corneas_without_random_scale_lightning_logs_version_3_checkpoints_last_x_3_y_3_z_3_average_threshold_0.5_prediction_peak_min_val_0_25_method_max_filter,./analysis_output/P_crassipes_FEG190801_034_00001_new-image.logs_paraphronima_corneas_without_random_scale_lightning_logs_version_3_checkpoints_last_x_3_y_3_z_3_average_threshold_0.5_prediction_peak_min_val_0_25_method_max_filter.resampled_space_peaks_results.pickle
P_gracilis_FEG190213_003a_head-image.logs_paraphronima_corneas_without_random_scale_lightning_logs_version_3_checkpoints_last_x_3_y_3_z_3_average_threshold_0.5_prediction_peak_min_val_0_5_method_max_filter,./analysis_output/P_gracilis_FEG190213_003a_head-image.logs_paraphronima_corneas_without_random_scale_lightning_logs_version_3_checkpoints_last_x_3_y_3_z_3_average_threshold_0.5_prediction_peak_min_val_0_5_method_max_filter.resampled_space_peaks_results.pickle
Paraphronima_FEG181024_head_sp_8_1423158-image.logs_paraphronima_corneas_without_random_scale_lightning_logs_version_3_checkpoints_last_x_3_y_3_z_3_average_threshold_0.25_prediction_peak_min_val_0_5_method_center_of_mass,./analysis_output/Paraphronima_FEG181024_head_sp_8_1423158-image.logs_paraphronima_corneas_without_random_scale_lightning_logs_version_3_checkpoints_last_x_3_y_3_z_3_average_threshold_0.25_prediction_peak_min_val_0_5_method_center_of_mass.resampled_space_pea_results.pickle
P_crassipes_FEG190801_034_00001_new-image.logs_paraphronima_corneas_without_random_scale_lightning_logs_version_3_checkpoints_last_x_3_y_3_z_3_average_threshold_None_prediction_peak_min_val_0_5_method_max_filter,./analysis_output/P_crassipes_FEG190801_034_00001_new-image.logs_paraphronima_corneas_without_random_scale_lightning_logs_version_3_checkpoints_last_x_3_y_3_z_3_average_threshold_None_prediction_peak_min_val_0_5_method_max_filter.resampled_space_peaks_results.pickle
P_robisoni_FEG200205_105-image.logs_paraphronima_corneas_without_random_scale_lightning_logs_version_3_checkpoints_last_ckptx_3_y_3_z_3_average_threshold_0_25_prediction_peak_min_val_0_5_method_center_of_mass,./analysis_output/P_robisoni_FEG200205_105-image.logs_paraphronima_corneas_without_random_scale_lightning_logs_version_3_checkpoints_last_ckptx_3_y_3_z_3_average_threshold_0_25_prediction_peak_min_val_0_5_method_center_of_mass.resampled_space_peaks_results.pickle
P_crassipes_FEG190213_003b_02_head-image.logs_paraphronima_corneas_without_random_scale_lightning_logs_version_3_checkpoints_last_ckptx_3_y_3_z_3_average_threshold_0_25_prediction_peak_min_val_0_25_method_center_of_mass,./analysis_output/P_crassipes_FEG190213_003b_02_head-image.logs_paraphronima_corneas_without_random_scale_lightning_logs_version_3_checkpoints_last_ckptx_3_y_3_z_3_average_threshold_0_25_prediction_peak_min_val_0_25_method_center_of_mass.resampled_space_peak_results.pickle
P_crassipes_FEG190213_003b_02_head-image.logs_paraphronima_corneas_without_random_scale_lightning_logs_version_3_checkpoints_last_ckptx_3_y_3_z_3_average_threshold_None_prediction_peak_min_val_0_5_method_center_of_mass,./analysis_output/P_crassipes_FEG190213_003b_02_head-image.logs_paraphronima_corneas_without_random_scale_lightning_logs_version_3_checkpoints_last_ckptx_3_y_3_z_3_average_threshold_None_prediction_peak_min_val_0_5_method_center_of_mass.resampled_space_peaks_results.pickle
Paraphronima_FEG181024_head_sp_8_1423158-image.logs_paraphronima_corneas_without_random_scale_lightning_logs_version_3_checkpoints_last_ckptx_3_y_3_z_3_average_threshold_0_5_prediction_peak_min_val_0_25_method_center_of_mass,./analysis_output/Paraphronima_FEG181024_head_sp_8_1423158-image.logs_paraphronima_corneas_without_random_scale_lightning_logs_version_3_checkpoints_last_ckptx_3_y_3_z_3_average_threshold_0_5_prediction_peak_min_val_0_25_method_center_of_mass.resampled_space_results.pickle
Paraphronima_FEG181024_head_sp_8_1423158-image.logs_paraphronima_corneas_without_random_scale_lightning_logs_version_3_checkpoints_last_ckptx_3_y_3_z_3_average_threshold_0_5_prediction_peak_min_val_0_25_method_max_filter,./analysis_output/Paraphronima_FEG181024_head_sp_8_1423158-image.logs_paraphronima_corneas_without_random_scale_lightning_logs_version_3_checkpoints_last_ckptx_3_y_3_z_3_average_threshold_0_5_prediction_peak_min_val_0_25_method_max_filter.resampled_space_pea_results.pickle
P_gracilis_FEG190213_003a_head-image.logs_paraphronima_corneas_without_random_rotation_lightning_logs_version_1_checkpoints_last_ckptx_3_y_3_z_3_average_threshold_0_5_prediction_peak_min_val_0_25_method_center_of_mass,./analysis_output/P_gracilis_FEG190213_003a_head-image.logs_paraphronima_corneas_without_random_rotation_lightning_logs_version_1_checkpoints_last_ckptx_3_y_3_z_3_average_threshold_0_5_prediction_peak_min_val_0_25_method_center_of_mass.resampled_space_peaks_results.pickle
P_crassipes_FEG190213_003b_02_head-image.logs_paraphronima_corneas_without_random_rotation_lightning_logs_version_1_checkpoints_last_ckptx_3_y_3_z_3_average_threshold_None_prediction_peak_min_val_0_5_method_max_filter,./analysis_output/P_crassipes_FEG190213_003b_02_head-image.logs_paraphronima_corneas_without_random_rotation_lightning_logs_version_1_checkpoints_last_ckptx_3_y_3_z_3_average_threshold_None_prediction_peak_min_val_0_5_method_max_filter.resampled_space_peaks_results.pickle
P_crassipes_FEG190213_003b_02_head-image.logs_paraphronima_corneas_without_random_rotation_lightning_logs_version_1_checkpoints_last_ckptx_3_y_3_z_3_average_threshold_0_25_prediction_peak_min_val_0_5_method_center_of_mass,./analysis_output/P_crassipes_FEG190213_003b_02_head-image.logs_paraphronima_corneas_without_random_rotation_lightning_logs_version_1_checkpoints_last_ckptx_3_y_3_z_3_average_threshold_0_25_prediction_peak_min_val_0_5_method_center_of_mass.resampled_space_pe_results.pickle
Paraphronima_FEG181024_head_sp_8_1423158-image.logs_paraphronima_corneas_without_random_rotation_lightning_logs_version_1_checkpoints_last_x_3_y_3_z_3_average_threshold_None_prediction_peak_min_val_0_25_method_max_filter,./analysis_output/Paraphronima_FEG181024_head_sp_8_1423158-image.logs_paraphronima_corneas_without_random_rotation_lightning_logs_version_1_checkpoints_last_x_3_y_3_z_3_average_threshold_None_prediction_peak_min_val_0_25_method_max_filter.resampled_space_pea_results.pickle
P_robisoni_FEG200205_105-image.logs_paraphronima_corneas_without_random_rotation_lightning_logs_version_1_checkpoints_last_x_3_y_3_z_3_average_threshold_0.5_prediction_peak_min_val_0_5_method_max_filter,./analysis_output/P_robisoni_FEG200205_105-image.logs_paraphronima_corneas_without_random_rotation_lightning_logs_version_1_checkpoints_last_x_3_y_3_z_3_average_threshold_0.5_prediction_peak_min_val_0_5_method_max_filter.resampled_space_peaks_results.pickle
P_gracilis_FEG190213_003a_head-image.logs_paraphronima_corneas_without_random_rotation_lightning_logs_version_1_checkpoints_last_x_3_y_3_z_3_average_threshold_0.25_prediction_peak_min_val_0_25_method_center_of_mass,./analysis_output/P_gracilis_FEG190213_003a_head-image.logs_paraphronima_corneas_without_random_rotation_lightning_logs_version_1_checkpoints_last_x_3_y_3_z_3_average_threshold_0.25_prediction_peak_min_val_0_25_method_center_of_mass.resampled_space_peaks_results.pickle
Paraphronima_FEG181024_head_sp_8_1423158-image.logs_paraphronima_corneas_without_random_rotation_lightning_logs_version_1_checkpoints_last_ckptx_3_y_3_z_3_average_threshold_None_prediction_peak_min_val_0_25_method_max_filter,./analysis_output/Paraphronima_FEG181024_head_sp_8_1423158-image.logs_paraphronima_corneas_without_random_rotation_lightning_logs_version_1_checkpoints_last_ckptx_3_y_3_z_3_average_threshold_None_prediction_peak_min_val_0_25_method_max_filter.resampled_space_results.pickle
P_crassipes_FEG190213_003b_02_head-image.logs_paraphronima_corneas_without_random_rotation_lightning_logs_version_1_checkpoints_last_ckptx_3_y_3_z_3_average_threshold_0_25_prediction_peak_min_val_0_25_method_max_filter,./analysis_output/P_crassipes_FEG190213_003b_02_head-image.logs_paraphronima_corneas_without_random_rotation_lightning_logs_version_1_checkpoints_last_ckptx_3_y_3_z_3_average_threshold_0_25_prediction_peak_min_val_0_25_method_max_filter.resampled_space_peaks_results.pickle
P_gracilis_FEG190213_003a_head-image.logs_paraphronima_corneas_without_random_rotation_lightning_logs_version_1_checkpoints_last_x_3_y_3_z_3_average_threshold_0.25_prediction_peak_min_val_0_25_method_max_filter,./analysis_output/P_gracilis_FEG190213_003a_head-image.logs_paraphronima_corneas_without_random_rotation_lightning_logs_version_1_checkpoints_last_x_3_y_3_z_3_average_threshold_0.25_prediction_peak_min_val_0_25_method_max_filter.resampled_space_peaks_results.pickle
P_crassipes_FEG190801_034_00001_new-image.logs_paraphronima_corneas_without_random_rotation_lightning_logs_version_1_checkpoints_last_ckptx_3_y_3_z_3_average_threshold_None_prediction_peak_min_val_0_5_method_max_filter,./analysis_output/P_crassipes_FEG190801_034_00001_new-image.logs_paraphronima_corneas_without_random_rotation_lightning_logs_version_1_checkpoints_last_ckptx_3_y_3_z_3_average_threshold_None_prediction_peak_min_val_0_5_method_max_filter.resampled_space_peaks_results.pickle
P_crassipes_FEG190213_003b_02_head-image.logs_paraphronima_corneas_without_random_rotation_lightning_logs_version_1_checkpoints_last_ckptx_3_y_3_z_3_average_threshold_0_25_prediction_peak_min_val_0_5_method_max_filter,./analysis_output/P_crassipes_FEG190213_003b_02_head-image.logs_paraphronima_corneas_without_random_rotation_lightning_logs_version_1_checkpoints_last_ckptx_3_y_3_z_3_average_threshold_0_25_prediction_peak_min_val_0_5_method_max_filter.resampled_space_peaks_results.pickle
P_robisoni_FEG200205_105-image.logs_paraphronima_corneas_without_random_rotation_lightning_logs_version_1_checkpoints_last_ckptx_3_y_3_z_3_average_threshold_0_5_prediction_peak_min_val_0_25_method_center_of_mass,./analysis_output/P_robisoni_FEG200205_105-image.logs_paraphronima_corneas_without_random_rotation_lightning_logs_version_1_checkpoints_last_ckptx_3_y_3_z_3_average_threshold_0_5_prediction_peak_min_val_0_25_method_center_of_mass.resampled_space_peaks_results.pickle
P_robisoni_FEG200205_105-image.logs_paraphronima_corneas_without_random_rotation_lightning_logs_version_1_checkpoints_last_ckptx_3_y_3_z_3_average_threshold_None_prediction_peak_min_val_0_25_method_max_filter,./analysis_output/P_robisoni_FEG200205_105-image.logs_paraphronima_corneas_without_random_rotation_lightning_logs_version_1_checkpoints_last_ckptx_3_y_3_z_3_average_threshold_None_prediction_peak_min_val_0_25_method_max_filter.resampled_space_peaks_results.pickle
P_crassipes_FEG190801_034_00001_new-image.logs_paraphronima_corneas_without_random_rotation_lightning_logs_version_1_checkpoints_last_ckptx_3_y_3_z_3_average_threshold_0_5_prediction_peak_min_val_0_5_method_max_filter,./analysis_output/P_crassipes_FEG190801_034_00001_new-image.logs_paraphronima_corneas_without_random_rotation_lightning_logs_version_1_checkpoints_last_ckptx_3_y_3_z_3_average_threshold_0_5_prediction_peak_min_val_0_5_method_max_filter.resampled_space_peaks_results.pickle
P_crassipes_FEG190213_003b_02_head-image.logs_paraphronima_corneas_without_random_rotation_lightning_logs_version_1_checkpoints_last_ckptx_3_y_3_z_3_average_threshold_None_prediction_peak_min_val_0_25_method_center_of_mass,./analysis_output/P_crassipes_FEG190213_003b_02_head-image.logs_paraphronima_corneas_without_random_rotation_lightning_logs_version_1_checkpoints_last_ckptx_3_y_3_z_3_average_threshold_None_prediction_peak_min_val_0_25_method_center_of_mass.resampled_space_p_results.pickle
P_crassipes_FEG190801_034_00001_new-image.logs_paraphronima_corneas_without_random_rotation_lightning_logs_version_1_checkpoints_last_x_3_y_3_z_3_average_threshold_0.5_prediction_peak_min_val_0_25_method_max_filter,./analysis_output/P_crassipes_FEG190801_034_00001_new-image.logs_paraphronima_corneas_without_random_rotation_lightning_logs_version_1_checkpoints_last_x_3_y_3_z_3_average_threshold_0.5_prediction_peak_min_val_0_25_method_max_filter.resampled_space_peaks_results.pickle
P_crassipes_FEG190801_034_00001_new-image.logs_paraphronima_corneas_without_random_rotation_lightning_logs_version_1_checkpoints_last_ckptx_3_y_3_z_3_average_threshold_0_5_prediction_peak_min_val_0_25_method_max_filter,./analysis_output/P_crassipes_FEG190801_034_00001_new-image.logs_paraphronima_corneas_without_random_rotation_lightning_logs_version_1_checkpoints_last_ckptx_3_y_3_z_3_average_threshold_0_5_prediction_peak_min_val_0_25_method_max_filter.resampled_space_peaks_results.pickle
P_gracilis_FEG190213_003a_head-image.logs_paraphronima_corneas_without_random_rotation_lightning_logs_version_1_checkpoints_last_x_3_y_3_z_3_average_threshold_0.5_prediction_peak_min_val_0_25_method_max_filter,./analysis_output/P_gracilis_FEG190213_003a_head-image.logs_paraphronima_corneas_without_random_rotation_lightning_logs_version_1_checkpoints_last_x_3_y_3_z_3_average_threshold_0.5_prediction_peak_min_val_0_25_method_max_filter.resampled_space_peaks_results.pickle
Paraphronima_FEG181024_head_sp_8_1423158-image.logs_paraphronima_corneas_without_random_rotation_lightning_logs_version_1_checkpoints_last_x_3_y_3_z_3_average_threshold_None_prediction_peak_min_val_0_25_method_center_of_mass,./analysis_output/Paraphronima_FEG181024_head_sp_8_1423158-image.logs_paraphronima_corneas_without_random_rotation_lightning_logs_version_1_checkpoints_last_x_3_y_3_z_3_average_threshold_None_prediction_peak_min_val_0_25_method_center_of_mass.resampled_space_results.pickle
P_crassipes_FEG190213_003b_02_head-image.logs_paraphronima_corneas_without_random_rotation_lightning_logs_version_1_checkpoints_last_ckptx_3_y_3_z_3_average_threshold_0_5_prediction_peak_min_val_0_5_method_max_filter,./analysis_output/P_crassipes_FEG190213_003b_02_head-image.logs_paraphronima_corneas_without_random_rotation_lightning_logs_version_1_checkpoints_last_ckptx_3_y_3_z_3_average_threshold_0_5_prediction_peak_min_val_0_5_method_max_filter.resampled_space_peaks_results.pickle
P_crassipes_FEG190213_003b_02_head-image.logs_paraphronima_corneas_without_elastic_deformation_lightning_logs_version_2_checkpoints_last_x_3_y_3_z_3_average_threshold_0.5_prediction_peak_min_val_0_5_method_max_filter,./analysis_output/P_crassipes_FEG190213_003b_02_head-image.logs_paraphronima_corneas_without_elastic_deformation_lightning_logs_version_2_checkpoints_last_x_3_y_3_z_3_average_threshold_0.5_prediction_peak_min_val_0_5_method_max_filter.resampled_space_peaks_results.pickle
dampieri_male_16-image.logs_fiddlercrab_corneas_random_affine_prop_1_lightning_logs_version_0_checkpoints_last_x_3_y_3_z_3_average_threshold_None_prediction_peak_min_val_0_25_method_center_of_mass,./analysis_output/dampieri_male_16-image.logs_fiddlercrab_corneas_random_affine_prop_1_lightning_logs_version_0_checkpoints_last_x_3_y_3_z_3_average_threshold_None_prediction_peak_min_val_0_25_method_center_of_mass.resampled_space_peaks_results.pickle
FEG200205_108_crop-image.logs_paraphronima_rhabdoms_without_random_scale_lightning_logs_version_3_checkpoints_last_x_3_y_3_z_3_average_threshold_None_prediction_peak_min_val_0_25_method_center_of_mass,./analysis_output/FEG200205_108_crop-image.logs_paraphronima_rhabdoms_without_random_scale_lightning_logs_version_3_checkpoints_last_x_3_y_3_z_3_average_threshold_None_prediction_peak_min_val_0_25_method_center_of_mass.resampled_space_peaks_results.pickle
flammula_20190925_male_left-image.logs_fiddlercrab_corneas_lightning_logs_version_26_checkpoints_last_x_3_y_3_z_3_average_threshold_0.5_prediction_peak_min_val_0_5_method_center_of_mass,./analysis_output/flammula_20190925_male_left-image.logs_fiddlercrab_corneas_lightning_logs_version_26_checkpoints_last_x_3_y_3_z_3_average_threshold_0.5_prediction_peak_min_val_0_5_method_center_of_mass.resampled_space_peaks_results.pickle
flammula_20190925_male_left-image.logs_fiddlercrab_rhabdoms_without_elastic_deformation_lightning_logs_version_3_checkpoints_last_x_3_y_3_z_3_average_threshold_None_prediction_peak_min_val_0_25_method_center_of_mass,./analysis_output/flammula_20190925_male_left-image.logs_fiddlercrab_rhabdoms_without_elastic_deformation_lightning_logs_version_3_checkpoints_last_x_3_y_3_z_3_average_threshold_None_prediction_peak_min_val_0_25_method_center_of_mass.resampled_space_peaks_results.pickle
P_crassipes_FEG200129_099-image.logs_paraphronima_rhabdoms_without_random_rotation_lightning_logs_version_2_checkpoints_last_x_3_y_3_z_3_average_threshold_0.5_prediction_peak_min_val_0_5_method_center_of_mass,./analysis_output/P_crassipes_FEG200129_099-image.logs_paraphronima_rhabdoms_without_random_rotation_lightning_logs_version_2_checkpoints_last_x_3_y_3_z_3_average_threshold_0.5_prediction_peak_min_val_0_5_method_center_of_mass.resampled_space_peaks_results.pickle
P_crassipes_FEG200129_099-image.logs_paraphronima_rhabdoms_without_target_heatmap_masking_lightning_logs_version_1_checkpoints_last_x_3_y_3_z_3_average_threshold_0.5_prediction_peak_min_val_0_25_method_max_filter,./analysis_output/P_crassipes_FEG200129_099-image.logs_paraphronima_rhabdoms_without_target_heatmap_masking_lightning_logs_version_1_checkpoints_last_x_3_y_3_z_3_average_threshold_0.5_prediction_peak_min_val_0_25_method_max_filter.resampled_space_peaks_results.pickle
P_crassipes_FEG191022_077A-image.logs_paraphronima_rhabdoms_without_target_heatmap_masking_lightning_logs_version_1_checkpoints_last_x_3_y_3_z_3_average_threshold_None_prediction_peak_min_val_0_25_method_max_filter,./analysis_output/P_crassipes_FEG191022_077A-image.logs_paraphronima_rhabdoms_without_target_heatmap_masking_lightning_logs_version_1_checkpoints_last_x_3_y_3_z_3_average_threshold_None_prediction_peak_min_val_0_25_method_max_filter.resampled_space_peaks_results.pickle
dampieri_male_16-image.logs_fiddlercrab_rhabdoms_without_random_scale_lightning_logs_version_3_checkpoints_last_x_3_y_3_z_3_average_threshold_0.5_prediction_peak_min_val_0_5_method_center_of_mass,./analysis_output/dampieri_male_16-image.logs_fiddlercrab_rhabdoms_without_random_scale_lightning_logs_version_3_checkpoints_last_x_3_y_3_z_3_average_threshold_0.5_prediction_peak_min_val_0_5_method_center_of_mass.resampled_space_peaks_results.pickle
dampieri_male_16-image.logs_fiddlercrab_corneas_without_random_rotation_lightning_logs_version_2_checkpoints_last_x_3_y_3_z_3_average_threshold_None_prediction_peak_min_val_0_25_method_max_filter,./analysis_output/dampieri_male_16-image.logs_fiddlercrab_corneas_without_random_rotation_lightning_logs_version_2_checkpoints_last_x_3_y_3_z_3_average_threshold_None_prediction_peak_min_val_0_25_method_max_filter.resampled_space_peaks_results.pickle
flammula_20190925_male_left-image.logs_fiddlercrab_rhabdoms_lightning_logs_version_10_checkpoints_last_x_3_y_3_z_3_average_threshold_0.5_prediction_peak_min_val_0_5_method_center_of_mass,./analysis_output/flammula_20190925_male_left-image.logs_fiddlercrab_rhabdoms_lightning_logs_version_10_checkpoints_last_x_3_y_3_z_3_average_threshold_0.5_prediction_peak_min_val_0_5_method_center_of_mass.resampled_space_peaks_results.pickle
flammula_20190925_male_left-image.logs_fiddlercrab_rhabdoms_without_random_rotation_lightning_logs_version_0_checkpoints_last_x_3_y_3_z_3_average_threshold_0.25_prediction_peak_min_val_0_5_method_center_of_mass,./analysis_output/flammula_20190925_male_left-image.logs_fiddlercrab_rhabdoms_without_random_rotation_lightning_logs_version_0_checkpoints_last_x_3_y_3_z_3_average_threshold_0.25_prediction_peak_min_val_0_5_method_center_of_mass.resampled_space_peaks_results.pickle
dampieri_male_16-image.logs_fiddlercrab_rhabdoms_with_target_heatmap_masking_lightning_logs_version_2_checkpoints_last_x_3_y_3_z_3_average_threshold_0.25_prediction_peak_min_val_0_25_method_max_filter,./analysis_output/dampieri_male_16-image.logs_fiddlercrab_rhabdoms_with_target_heatmap_masking_lightning_logs_version_2_checkpoints_last_x_3_y_3_z_3_average_threshold_0.25_prediction_peak_min_val_0_25_method_max_filter.resampled_space_peaks_results.pickle
flammula_20190925_male_left-image.logs_fiddlercrab_rhabdoms_hist_std_z_norm_lightning_logs_version_0_checkpoints_last_x_3_y_3_z_3_average_threshold_0.25_prediction_peak_min_val_0_25_method_center_of_mass,./analysis_output/flammula_20190925_male_left-image.logs_fiddlercrab_rhabdoms_hist_std_z_norm_lightning_logs_version_0_checkpoints_last_x_3_y_3_z_3_average_threshold_0.25_prediction_peak_min_val_0_25_method_center_of_mass.resampled_space_peaks_results.pickle
dampieri_male_16-image.logs_fiddlercrab_rhabdoms_with_target_heatmap_masking_lightning_logs_version_2_checkpoints_last_x_3_y_3_z_3_average_threshold_None_prediction_peak_min_val_0_5_method_max_filter,./analysis_output/dampieri_male_16-image.logs_fiddlercrab_rhabdoms_with_target_heatmap_masking_lightning_logs_version_2_checkpoints_last_x_3_y_3_z_3_average_threshold_None_prediction_peak_min_val_0_5_method_max_filter.resampled_space_peaks_results.pickle
flammula_20190925_male_left-image.logs_fiddlercrab_rhabdoms_without_random_rotation_lightning_logs_version_0_checkpoints_last_x_3_y_3_z_3_average_threshold_0.25_prediction_peak_min_val_0_5_method_max_filter,./analysis_output/flammula_20190925_male_left-image.logs_fiddlercrab_rhabdoms_without_random_rotation_lightning_logs_version_0_checkpoints_last_x_3_y_3_z_3_average_threshold_0.25_prediction_peak_min_val_0_5_method_max_filter.resampled_space_peaks_results.pickle
dampieri_male_16-image.logs_fiddlercrab_corneas_hist_std_z_norm_lightning_logs_version_0_checkpoints_last_x_3_y_3_z_3_average_threshold_None_prediction_peak_min_val_0_25_method_max_filter,./analysis_output/dampieri_male_16-image.logs_fiddlercrab_corneas_hist_std_z_norm_lightning_logs_version_0_checkpoints_last_x_3_y_3_z_3_average_threshold_None_prediction_peak_min_val_0_25_method_max_filter.resampled_space_peaks_results.pickle
dampieri_male_16-image.logs_fiddlercrab_rhabdoms_lightning_logs_version_10_checkpoints_last_x_3_y_3_z_3_average_threshold_0.5_prediction_peak_min_val_0_5_method_center_of_mass,./analysis_output/dampieri_male_16-image.logs_fiddlercrab_rhabdoms_lightning_logs_version_10_checkpoints_last_x_3_y_3_z_3_average_threshold_0.5_prediction_peak_min_val_0_5_method_center_of_mass.resampled_space_peaks_results.pickle
FEG200205_108_crop-image.logs_paraphronima_rhabdoms_lightning_logs_version_23_checkpoints_last_x_3_y_3_z_3_average_threshold_0.5_prediction_peak_min_val_0_5_method_center_of_mass,./analysis_output/FEG200205_108_crop-image.logs_paraphronima_rhabdoms_lightning_logs_version_23_checkpoints_last_x_3_y_3_z_3_average_threshold_0.5_prediction_peak_min_val_0_5_method_center_of_mass.resampled_space_peaks_results.pickle
P_crassipes_FEG191022_077A-image.logs_paraphronima_rhabdoms_without_target_heatmap_masking_lightning_logs_version_1_checkpoints_last_x_3_y_3_z_3_average_threshold_None_prediction_peak_min_val_0_5_method_center_of_mass,./analysis_output/P_crassipes_FEG191022_077A-image.logs_paraphronima_rhabdoms_without_target_heatmap_masking_lightning_logs_version_1_checkpoints_last_x_3_y_3_z_3_average_threshold_None_prediction_peak_min_val_0_5_method_center_of_mass.resampled_space_peaks_results.pickle
dampieri_male_16-image.logs_fiddlercrab_corneas_random_affine_prop_1_lightning_logs_version_0_checkpoints_last_x_3_y_3_z_3_average_threshold_0.5_prediction_peak_min_val_0_5_method_center_of_mass,./analysis_output/dampieri_male_16-image.logs_fiddlercrab_corneas_random_affine_prop_1_lightning_logs_version_0_checkpoints_last_x_3_y_3_z_3_average_threshold_0.5_prediction_peak_min_val_0_5_method_center_of_mass.resampled_space_peaks_results.pickle
flammula_20190925_male_left-image.logs_fiddlercrab_rhabdoms_with_target_heatmap_masking_lightning_logs_version_2_checkpoints_last_x_3_y_3_z_3_average_threshold_None_prediction_peak_min_val_0_25_method_max_filter,./analysis_output/flammula_20190925_male_left-image.logs_fiddlercrab_rhabdoms_with_target_heatmap_masking_lightning_logs_version_2_checkpoints_last_x_3_y_3_z_3_average_threshold_None_prediction_peak_min_val_0_25_method_max_filter.resampled_space_peaks_results.pickle
FEG200205_108_crop-image.logs_paraphronima_rhabdoms_without_random_scale_lightning_logs_version_3_checkpoints_last_x_3_y_3_z_3_average_threshold_0.25_prediction_peak_min_val_0_25_method_max_filter,./analysis_output/FEG200205_108_crop-image.logs_paraphronima_rhabdoms_without_random_scale_lightning_logs_version_3_checkpoints_last_x_3_y_3_z_3_average_threshold_0.25_prediction_peak_min_val_0_25_method_max_filter.resampled_space_peaks_results.pickle
P_crassipes_FEG200129_099-image.logs_paraphronima_rhabdoms_without_elastic_deformation_lightning_logs_version_2_checkpoints_last_x_3_y_3_z_3_average_threshold_0.25_prediction_peak_min_val_0_25_method_center_of_mass,./analysis_output/P_crassipes_FEG200129_099-image.logs_paraphronima_rhabdoms_without_elastic_deformation_lightning_logs_version_2_checkpoints_last_x_3_y_3_z_3_average_threshold_0.25_prediction_peak_min_val_0_25_method_center_of_mass.resampled_space_peaks_results.pickle
P_crassipes_FEG200129_099-image.logs_paraphronima_rhabdoms_without_elastic_deformation_lightning_logs_version_2_checkpoints_last_x_3_y_3_z_3_average_threshold_0.5_prediction_peak_min_val_0_5_method_max_filter,./analysis_output/P_crassipes_FEG200129_099-image.logs_paraphronima_rhabdoms_without_elastic_deformation_lightning_logs_version_2_checkpoints_last_x_3_y_3_z_3_average_threshold_0.5_prediction_peak_min_val_0_5_method_max_filter.resampled_space_peaks_results.pickle
P_crassipes_FEG200129_099-image.logs_paraphronima_rhabdoms_without_target_heatmap_masking_lightning_logs_version_1_checkpoints_last_x_3_y_3_z_3_average_threshold_0.25_prediction_peak_min_val_0_5_method_max_filter,./analysis_output/P_crassipes_FEG200129_099-image.logs_paraphronima_rhabdoms_without_target_heatmap_masking_lightning_logs_version_1_checkpoints_last_x_3_y_3_z_3_average_threshold_0.25_prediction_peak_min_val_0_5_method_max_filter.resampled_space_peaks_results.pickle
flammula_20190925_male_left-image.logs_fiddlercrab_rhabdoms_without_random_scale_lightning_logs_version_3_checkpoints_last_x_3_y_3_z_3_average_threshold_0.25_prediction_peak_min_val_0_25_method_center_of_mass,./analysis_output/flammula_20190925_male_left-image.logs_fiddlercrab_rhabdoms_without_random_scale_lightning_logs_version_3_checkpoints_last_x_3_y_3_z_3_average_threshold_0.25_prediction_peak_min_val_0_25_method_center_of_mass.resampled_space_peaks_results.pickle
dampieri_male_16-image.logs_fiddlercrab_rhabdoms_hist_std_z_norm_lightning_logs_version_0_checkpoints_last_x_3_y_3_z_3_average_threshold_None_prediction_peak_min_val_0_5_method_center_of_mass,./analysis_output/dampieri_male_16-image.logs_fiddlercrab_rhabdoms_hist_std_z_norm_lightning_logs_version_0_checkpoints_last_x_3_y_3_z_3_average_threshold_None_prediction_peak_min_val_0_5_method_center_of_mass.resampled_space_peaks_results.pickle
flammula_20190925_male_left-image.logs_fiddlercrab_rhabdoms_with_target_heatmap_masking_lightning_logs_version_2_checkpoints_last_x_3_y_3_z_3_average_threshold_0.5_prediction_peak_min_val_0_25_method_center_of_mass,./analysis_output/flammula_20190925_male_left-image.logs_fiddlercrab_rhabdoms_with_target_heatmap_masking_lightning_logs_version_2_checkpoints_last_x_3_y_3_z_3_average_threshold_0.5_prediction_peak_min_val_0_25_method_center_of_mass.resampled_space_peaks_results.pickle
P_crassipes_FEG200129_099-image.logs_paraphronima_rhabdoms_without_target_heatmap_masking_lightning_logs_version_1_checkpoints_last_x_3_y_3_z_3_average_threshold_None_prediction_peak_min_val_0_5_method_center_of_mass,./analysis_output/P_crassipes_FEG200129_099-image.logs_paraphronima_rhabdoms_without_target_heatmap_masking_lightning_logs_version_1_checkpoints_last_x_3_y_3_z_3_average_threshold_None_prediction_peak_min_val_0_5_method_center_of_mass.resampled_space_peaks_results.pickle
flammula_20190925_male_left-image.logs_fiddlercrab_corneas_lightning_logs_version_26_checkpoints_last_x_3_y_3_z_3_average_threshold_None_prediction_peak_min_val_0_5_method_center_of_mass,./analysis_output/flammula_20190925_male_left-image.logs_fiddlercrab_corneas_lightning_logs_version_26_checkpoints_last_x_3_y_3_z_3_average_threshold_None_prediction_peak_min_val_0_5_method_center_of_mass.resampled_space_peaks_results.pickle
FEG200205_108_crop-image.logs_paraphronima_rhabdoms_without_random_scale_lightning_logs_version_3_checkpoints_last_x_3_y_3_z_3_average_threshold_0.25_prediction_peak_min_val_0_5_method_center_of_mass,./analysis_output/FEG200205_108_crop-image.logs_paraphronima_rhabdoms_without_random_scale_lightning_logs_version_3_checkpoints_last_x_3_y_3_z_3_average_threshold_0.25_prediction_peak_min_val_0_5_method_center_of_mass.resampled_space_peaks_results.pickle
flammula_20190925_male_left-image.logs_fiddlercrab_rhabdoms_without_elastic_deformation_lightning_logs_version_3_checkpoints_last_x_3_y_3_z_3_average_threshold_None_prediction_peak_min_val_0_25_method_max_filter,./analysis_output/flammula_20190925_male_left-image.logs_fiddlercrab_rhabdoms_without_elastic_deformation_lightning_logs_version_3_checkpoints_last_x_3_y_3_z_3_average_threshold_None_prediction_peak_min_val_0_25_method_max_filter.resampled_space_peaks_results.pickle
FEG200205_108_crop-image.logs_paraphronima_rhabdoms_without_random_rotation_lightning_logs_version_2_checkpoints_last_x_3_y_3_z_3_average_threshold_None_prediction_peak_min_val_0_25_method_center_of_mass,./analysis_output/FEG200205_108_crop-image.logs_paraphronima_rhabdoms_without_random_rotation_lightning_logs_version_2_checkpoints_last_x_3_y_3_z_3_average_threshold_None_prediction_peak_min_val_0_25_method_center_of_mass.resampled_space_peaks_results.pickle
dampieri_male_16-image.logs_fiddlercrab_rhabdoms_hist_std_z_norm_lightning_logs_version_0_checkpoints_last_x_3_y_3_z_3_average_threshold_None_prediction_peak_min_val_0_5_method_max_filter,./analysis_output/dampieri_male_16-image.logs_fiddlercrab_rhabdoms_hist_std_z_norm_lightning_logs_version_0_checkpoints_last_x_3_y_3_z_3_average_threshold_None_prediction_peak_min_val_0_5_method_max_filter.resampled_space_peaks_results.pickle
P_crassipes_FEG200129_099-image.logs_paraphronima_rhabdoms_without_random_rotation_lightning_logs_version_2_checkpoints_last_x_3_y_3_z_3_average_threshold_0.5_prediction_peak_min_val_0_5_method_max_filter,./analysis_output/P_crassipes_FEG200129_099-image.logs_paraphronima_rhabdoms_without_random_rotation_lightning_logs_version_2_checkpoints_last_x_3_y_3_z_3_average_threshold_0.5_prediction_peak_min_val_0_5_method_max_filter.resampled_space_peaks_results.pickle
dampieri_male_16-image.logs_fiddlercrab_rhabdoms_with_target_heatmap_masking_lightning_logs_version_2_checkpoints_last_x_3_y_3_z_3_average_threshold_None_prediction_peak_min_val_0_5_method_center_of_mass,./analysis_output/dampieri_male_16-image.logs_fiddlercrab_rhabdoms_with_target_heatmap_masking_lightning_logs_version_2_checkpoints_last_x_3_y_3_z_3_average_threshold_None_prediction_peak_min_val_0_5_method_center_of_mass.resampled_space_peaks_results.pickle
FEG200205_108_crop-image.logs_paraphronima_rhabdoms_lightning_logs_version_23_checkpoints_last_x_3_y_3_z_3_average_threshold_None_prediction_peak_min_val_0_5_method_max_filter,./analysis_output/FEG200205_108_crop-image.logs_paraphronima_rhabdoms_lightning_logs_version_23_checkpoints_last_x_3_y_3_z_3_average_threshold_None_prediction_peak_min_val_0_5_method_max_filter.resampled_space_peaks_results.pickle
dampieri_male_16-image.logs_fiddlercrab_rhabdoms_without_random_scale_lightning_logs_version_3_checkpoints_last_x_3_y_3_z_3_average_threshold_0.5_prediction_peak_min_val_0_5_method_max_filter,./analysis_output/dampieri_male_16-image.logs_fiddlercrab_rhabdoms_without_random_scale_lightning_logs_version_3_checkpoints_last_x_3_y_3_z_3_average_threshold_0.5_prediction_peak_min_val_0_5_method_max_filter.resampled_space_peaks_results.pickle
dampieri_male_16-image.logs_fiddlercrab_rhabdoms_without_random_scale_lightning_logs_version_3_checkpoints_last_x_3_y_3_z_3_average_threshold_None_prediction_peak_min_val_0_5_method_max_filter,./analysis_output/dampieri_male_16-image.logs_fiddlercrab_rhabdoms_without_random_scale_lightning_logs_version_3_checkpoints_last_x_3_y_3_z_3_average_threshold_None_prediction_peak_min_val_0_5_method_max_filter.resampled_space_peaks_results.pickle
dampieri_male_16-image.logs_fiddlercrab_rhabdoms_without_random_rotation_lightning_logs_version_0_checkpoints_last_x_3_y_3_z_3_average_threshold_0.5_prediction_peak_min_val_0_25_method_center_of_mass,./analysis_output/dampieri_male_16-image.logs_fiddlercrab_rhabdoms_without_random_rotation_lightning_logs_version_0_checkpoints_last_x_3_y_3_z_3_average_threshold_0.5_prediction_peak_min_val_0_25_method_center_of_mass.resampled_space_peaks_results.pickle
FEG200205_108_crop-image.logs_paraphronima_rhabdoms_without_random_rotation_lightning_logs_version_2_checkpoints_last_x_3_y_3_z_3_average_threshold_0.5_prediction_peak_min_val_0_5_method_max_filter,./analysis_output/FEG200205_108_crop-image.logs_paraphronima_rhabdoms_without_random_rotation_lightning_logs_version_2_checkpoints_last_x_3_y_3_z_3_average_threshold_0.5_prediction_peak_min_val_0_5_method_max_filter.resampled_space_peaks_results.pickle
flammula_20190925_male_left-image.logs_fiddlercrab_rhabdoms_lightning_logs_version_10_checkpoints_last_x_3_y_3_z_3_average_threshold_0.5_prediction_peak_min_val_0_5_method_max_filter,./analysis_output/flammula_20190925_male_left-image.logs_fiddlercrab_rhabdoms_lightning_logs_version_10_checkpoints_last_x_3_y_3_z_3_average_threshold_0.5_prediction_peak_min_val_0_5_method_max_filter.resampled_space_peaks_results.pickle
dampieri_male_16-image.logs_fiddlercrab_corneas_hist_std_z_norm_lightning_logs_version_0_checkpoints_last_x_3_y_3_z_3_average_threshold_0.5_prediction_peak_min_val_0_25_method_max_filter,./analysis_output/dampieri_male_16-image.logs_fiddlercrab_corneas_hist_std_z_norm_lightning_logs_version_0_checkpoints_last_x_3_y_3_z_3_average_threshold_0.5_prediction_peak_min_val_0_25_method_max_filter.resampled_space_peaks_results.pickle
FEG200205_108_crop-image.logs_paraphronima_rhabdoms_without_elastic_deformation_lightning_logs_version_2_checkpoints_last_x_3_y_3_z_3_average_threshold_0.5_prediction_peak_min_val_0_5_method_max_filter,./analysis_output/FEG200205_108_crop-image.logs_paraphronima_rhabdoms_without_elastic_deformation_lightning_logs_version_2_checkpoints_last_x_3_y_3_z_3_average_threshold_0.5_prediction_peak_min_val_0_5_method_max_filter.resampled_space_peaks_results.pickle
dampieri_male_16-image.logs_fiddlercrab_corneas_random_affine_prop_1_lightning_logs_version_0_checkpoints_last_x_3_y_3_z_3_average_threshold_0.25_prediction_peak_min_val_0_5_method_center_of_mass,./analysis_output/dampieri_male_16-image.logs_fiddlercrab_corneas_random_affine_prop_1_lightning_logs_version_0_checkpoints_last_x_3_y_3_z_3_average_threshold_0.25_prediction_peak_min_val_0_5_method_center_of_mass.resampled_space_peaks_results.pickle
flammula_20190925_male_left-image.logs_fiddlercrab_rhabdoms_without_random_rotation_lightning_logs_version_0_checkpoints_last_x_3_y_3_z_3_average_threshold_0.25_prediction_peak_min_val_0_25_method_center_of_mass,./analysis_output/flammula_20190925_male_left-image.logs_fiddlercrab_rhabdoms_without_random_rotation_lightning_logs_version_0_checkpoints_last_x_3_y_3_z_3_average_threshold_0.25_prediction_peak_min_val_0_25_method_center_of_mass.resampled_space_peaks_results.pickle
flammula_20190925_male_left-image.logs_fiddlercrab_rhabdoms_lightning_logs_version_10_checkpoints_last_x_3_y_3_z_3_average_threshold_None_prediction_peak_min_val_0_25_method_center_of_mass,./analysis_output/flammula_20190925_male_left-image.logs_fiddlercrab_rhabdoms_lightning_logs_version_10_checkpoints_last_x_3_y_3_z_3_average_threshold_None_prediction_peak_min_val_0_25_method_center_of_mass.resampled_space_peaks_results.pickle
dampieri_male_16-image.logs_fiddlercrab_rhabdoms_without_random_scale_lightning_logs_version_3_checkpoints_last_x_3_y_3_z_3_average_threshold_None_prediction_peak_min_val_0_25_method_max_filter,./analysis_output/dampieri_male_16-image.logs_fiddlercrab_rhabdoms_without_random_scale_lightning_logs_version_3_checkpoints_last_x_3_y_3_z_3_average_threshold_None_prediction_peak_min_val_0_25_method_max_filter.resampled_space_peaks_results.pickle
P_crassipes_FEG191022_077A-image.logs_paraphronima_rhabdoms_without_elastic_deformation_lightning_logs_version_2_checkpoints_last_x_3_y_3_z_3_average_threshold_0.5_prediction_peak_min_val_0_25_method_center_of_mass,./analysis_output/P_crassipes_FEG191022_077A-image.logs_paraphronima_rhabdoms_without_elastic_deformation_lightning_logs_version_2_checkpoints_last_x_3_y_3_z_3_average_threshold_0.5_prediction_peak_min_val_0_25_method_center_of_mass.resampled_space_peaks_results.pickle
dampieri_male_16-image.logs_fiddlercrab_corneas_without_random_rotation_lightning_logs_version_2_checkpoints_last_x_3_y_3_z_3_average_threshold_0.25_prediction_peak_min_val_0_5_method_center_of_mass,./analysis_output/dampieri_male_16-image.logs_fiddlercrab_corneas_without_random_rotation_lightning_logs_version_2_checkpoints_last_x_3_y_3_z_3_average_threshold_0.25_prediction_peak_min_val_0_5_method_center_of_mass.resampled_space_peaks_results.pickle
dampieri_male_16-image.logs_fiddlercrab_rhabdoms_hist_std_z_norm_lightning_logs_version_0_checkpoints_last_x_3_y_3_z_3_average_threshold_0.5_prediction_peak_min_val_0_5_method_max_filter,./analysis_output/dampieri_male_16-image.logs_fiddlercrab_rhabdoms_hist_std_z_norm_lightning_logs_version_0_checkpoints_last_x_3_y_3_z_3_average_threshold_0.5_prediction_peak_min_val_0_5_method_max_filter.resampled_space_peaks_results.pickle
P_crassipes_FEG200129_099-image.logs_paraphronima_rhabdoms_without_random_scale_lightning_logs_version_3_checkpoints_last_x_3_y_3_z_3_average_threshold_0.5_prediction_peak_min_val_0_5_method_max_filter,./analysis_output/P_crassipes_FEG200129_099-image.logs_paraphronima_rhabdoms_without_random_scale_lightning_logs_version_3_checkpoints_last_x_3_y_3_z_3_average_threshold_0.5_prediction_peak_min_val_0_5_method_max_filter.resampled_space_peaks_results.pickle
dampieri_male_16-image.logs_fiddlercrab_corneas_without_elastic_deformation_lightning_logs_version_2_checkpoints_last_x_3_y_3_z_3_average_threshold_None_prediction_peak_min_val_0_5_method_center_of_mass,./analysis_output/dampieri_male_16-image.logs_fiddlercrab_corneas_without_elastic_deformation_lightning_logs_version_2_checkpoints_last_x_3_y_3_z_3_average_threshold_None_prediction_peak_min_val_0_5_method_center_of_mass.resampled_space_peaks_results.pickle
dampieri_male_16-image.logs_fiddlercrab_corneas_without_elastic_deformation_lightning_logs_version_2_checkpoints_last_x_3_y_3_z_3_average_threshold_0.25_prediction_peak_min_val_0_25_method_center_of_mass,./analysis_output/dampieri_male_16-image.logs_fiddlercrab_corneas_without_elastic_deformation_lightning_logs_version_2_checkpoints_last_x_3_y_3_z_3_average_threshold_0.25_prediction_peak_min_val_0_25_method_center_of_mass.resampled_space_peaks_results.pickle
flammula_20190925_male_left-image.logs_fiddlercrab_rhabdoms_without_random_scale_lightning_logs_version_3_checkpoints_last_x_3_y_3_z_3_average_threshold_0.5_prediction_peak_min_val_0_5_method_max_filter,./analysis_output/flammula_20190925_male_left-image.logs_fiddlercrab_rhabdoms_without_random_scale_lightning_logs_version_3_checkpoints_last_x_3_y_3_z_3_average_threshold_0.5_prediction_peak_min_val_0_5_method_max_filter.resampled_space_peaks_results.pickle
dampieri_male_16-image.logs_fiddlercrab_rhabdoms_without_random_scale_lightning_logs_version_3_checkpoints_last_x_3_y_3_z_3_average_threshold_None_prediction_peak_min_val_0_5_method_center_of_mass,./analysis_output/dampieri_male_16-image.logs_fiddlercrab_rhabdoms_without_random_scale_lightning_logs_version_3_checkpoints_last_x_3_y_3_z_3_average_threshold_None_prediction_peak_min_val_0_5_method_center_of_mass.resampled_space_peaks_results.pickle
P_crassipes_FEG191022_077A-image.logs_paraphronima_rhabdoms_without_target_heatmap_masking_lightning_logs_version_1_checkpoints_last_x_3_y_3_z_3_average_threshold_0.5_prediction_peak_min_val_0_25_method_max_filter,./analysis_output/P_crassipes_FEG191022_077A-image.logs_paraphronima_rhabdoms_without_target_heatmap_masking_lightning_logs_version_1_checkpoints_last_x_3_y_3_z_3_average_threshold_0.5_prediction_peak_min_val_0_25_method_max_filter.resampled_space_peaks_results.pickle
P_crassipes_FEG191022_077A-image.logs_paraphronima_rhabdoms_without_target_heatmap_masking_lightning_logs_version_1_checkpoints_last_x_3_y_3_z_3_average_threshold_0.25_prediction_peak_min_val_0_25_method_center_of_mass,./analysis_output/P_crassipes_FEG191022_077A-image.logs_paraphronima_rhabdoms_without_target_heatmap_masking_lightning_logs_version_1_checkpoints_last_x_3_y_3_z_3_average_threshold_0.25_prediction_peak_min_val_0_25_method_center_of_mass.resampled_space_peaks_results.pickle
dampieri_male_16-image.logs_fiddlercrab_corneas_hist_std_lightning_logs_version_0_checkpoints_last_x_3_y_3_z_3_average_threshold_None_prediction_peak_min_val_0_5_method_max_filter,./analysis_output/dampieri_male_16-image.logs_fiddlercrab_corneas_hist_std_lightning_logs_version_0_checkpoints_last_x_3_y_3_z_3_average_threshold_None_prediction_peak_min_val_0_5_method_max_filter.resampled_space_peaks_results.pickle
P_crassipes_FEG191022_077A-image.logs_paraphronima_rhabdoms_without_random_rotation_lightning_logs_version_2_checkpoints_last_x_3_y_3_z_3_average_threshold_None_prediction_peak_min_val_0_25_method_max_filter,./analysis_output/P_crassipes_FEG191022_077A-image.logs_paraphronima_rhabdoms_without_random_rotation_lightning_logs_version_2_checkpoints_last_x_3_y_3_z_3_average_threshold_None_prediction_peak_min_val_0_25_method_max_filter.resampled_space_peaks_results.pickle
flammula_20190925_male_left-image.logs_fiddlercrab_corneas_without_random_rotation_lightning_logs_version_2_checkpoints_last_x_3_y_3_z_3_average_threshold_0.25_prediction_peak_min_val_0_5_method_max_filter,./analysis_output/flammula_20190925_male_left-image.logs_fiddlercrab_corneas_without_random_rotation_lightning_logs_version_2_checkpoints_last_x_3_y_3_z_3_average_threshold_0.25_prediction_peak_min_val_0_5_method_max_filter.resampled_space_peaks_results.pickle
flammula_20190925_male_left-image.logs_fiddlercrab_corneas_without_random_rotation_lightning_logs_version_2_checkpoints_last_x_3_y_3_z_3_average_threshold_0.5_prediction_peak_min_val_0_5_method_center_of_mass,./analysis_output/flammula_20190925_male_left-image.logs_fiddlercrab_corneas_without_random_rotation_lightning_logs_version_2_checkpoints_last_x_3_y_3_z_3_average_threshold_0.5_prediction_peak_min_val_0_5_method_center_of_mass.resampled_space_peaks_results.pickle
flammula_20190925_male_left-image.logs_fiddlercrab_rhabdoms_hist_std_z_norm_lightning_logs_version_0_checkpoints_last_x_3_y_3_z_3_average_threshold_None_prediction_peak_min_val_0_5_method_center_of_mass,./analysis_output/flammula_20190925_male_left-image.logs_fiddlercrab_rhabdoms_hist_std_z_norm_lightning_logs_version_0_checkpoints_last_x_3_y_3_z_3_average_threshold_None_prediction_peak_min_val_0_5_method_center_of_mass.resampled_space_peaks_results.pickle
dampieri_male_16-image.logs_fiddlercrab_corneas_without_elastic_deformation_lightning_logs_version_2_checkpoints_last_x_3_y_3_z_3_average_threshold_0.25_prediction_peak_min_val_0_5_method_center_of_mass,./analysis_output/dampieri_male_16-image.logs_fiddlercrab_corneas_without_elastic_deformation_lightning_logs_version_2_checkpoints_last_x_3_y_3_z_3_average_threshold_0.25_prediction_peak_min_val_0_5_method_center_of_mass.resampled_space_peaks_results.pickle
P_crassipes_FEG190213_003b_02_head-image.logs_paraphronima_corneas_without_elastic_deformation_lightning_logs_version_2_checkpoints_last_x_3_y_3_z_3_average_threshold_0.5_prediction_peak_min_val_0_25_method_max_filter,./analysis_output/P_crassipes_FEG190213_003b_02_head-image.logs_paraphronima_corneas_without_elastic_deformation_lightning_logs_version_2_checkpoints_last_x_3_y_3_z_3_average_threshold_0.5_prediction_peak_min_val_0_25_method_max_filter.resampled_space_peaks_results.pickle
flammula_20190925_male_left-image.logs_fiddlercrab_rhabdoms_without_random_rotation_lightning_logs_version_0_checkpoints_last_x_3_y_3_z_3_average_threshold_0.25_prediction_peak_min_val_0_25_method_max_filter,./analysis_output/flammula_20190925_male_left-image.logs_fiddlercrab_rhabdoms_without_random_rotation_lightning_logs_version_0_checkpoints_last_x_3_y_3_z_3_average_threshold_0.25_prediction_peak_min_val_0_25_method_max_filter.resampled_space_peaks_results.pickle
dampieri_male_16-image.logs_fiddlercrab_corneas_without_elastic_deformation_lightning_logs_version_2_checkpoints_last_x_3_y_3_z_3_average_threshold_None_prediction_peak_min_val_0_25_method_center_of_mass,./analysis_output/dampieri_male_16-image.logs_fiddlercrab_corneas_without_elastic_deformation_lightning_logs_version_2_checkpoints_last_x_3_y_3_z_3_average_threshold_None_prediction_peak_min_val_0_25_method_center_of_mass.resampled_space_peaks_results.pickle
P_crassipes_FEG190213_003b_02_head-image.logs_paraphronima_corneas_lightning_logs_version_11_checkpoints_last_x_3_y_3_z_3_average_threshold_0.25_prediction_peak_min_val_0_25_method_max_filter,./analysis_output/P_crassipes_FEG190213_003b_02_head-image.logs_paraphronima_corneas_lightning_logs_version_11_checkpoints_last_x_3_y_3_z_3_average_threshold_0.25_prediction_peak_min_val_0_25_method_max_filter.resampled_space_peaks_results.pickle
flammula_20190925_male_left-image.logs_fiddlercrab_rhabdoms_without_random_scale_lightning_logs_version_3_checkpoints_last_x_3_y_3_z_3_average_threshold_None_prediction_peak_min_val_0_5_method_center_of_mass,./analysis_output/flammula_20190925_male_left-image.logs_fiddlercrab_rhabdoms_without_random_scale_lightning_logs_version_3_checkpoints_last_x_3_y_3_z_3_average_threshold_None_prediction_peak_min_val_0_5_method_center_of_mass.resampled_space_peaks_results.pickle
dampieri_male_16-image.logs_fiddlercrab_rhabdoms_without_elastic_deformation_lightning_logs_version_3_checkpoints_last_x_3_y_3_z_3_average_threshold_0.5_prediction_peak_min_val_0_25_method_max_filter,./analysis_output/dampieri_male_16-image.logs_fiddlercrab_rhabdoms_without_elastic_deformation_lightning_logs_version_3_checkpoints_last_x_3_y_3_z_3_average_threshold_0.5_prediction_peak_min_val_0_25_method_max_filter.resampled_space_peaks_results.pickle
P_crassipes_FEG190213_003b_02_head-image.logs_paraphronima_corneas_without_random_rotation_lightning_logs_version_1_checkpoints_last_x_3_y_3_z_3_average_threshold_0.25_prediction_peak_min_val_0_25_method_center_of_mass,./analysis_output/P_crassipes_FEG190213_003b_02_head-image.logs_paraphronima_corneas_without_random_rotation_lightning_logs_version_1_checkpoints_last_x_3_y_3_z_3_average_threshold_0.25_prediction_peak_min_val_0_25_method_center_of_mass.resampled_space_peaks_results.pickle
flammula_20190925_male_left-image.logs_fiddlercrab_corneas_without_random_rotation_lightning_logs_version_2_checkpoints_last_x_3_y_3_z_3_average_threshold_0.25_prediction_peak_min_val_0_5_method_center_of_mass,./analysis_output/flammula_20190925_male_left-image.logs_fiddlercrab_corneas_without_random_rotation_lightning_logs_version_2_checkpoints_last_x_3_y_3_z_3_average_threshold_0.25_prediction_peak_min_val_0_5_method_center_of_mass.resampled_space_peaks_results.pickle
P_crassipes_FEG200129_099-image.logs_paraphronima_rhabdoms_lightning_logs_version_23_checkpoints_last_x_3_y_3_z_3_average_threshold_None_prediction_peak_min_val_0_5_method_center_of_mass,./analysis_output/P_crassipes_FEG200129_099-image.logs_paraphronima_rhabdoms_lightning_logs_version_23_checkpoints_last_x_3_y_3_z_3_average_threshold_None_prediction_peak_min_val_0_5_method_center_of_mass.resampled_space_peaks_results.pickle
flammula_20190925_male_left-image.logs_fiddlercrab_rhabdoms_hist_std_lightning_logs_version_0_checkpoints_last_x_3_y_3_z_3_average_threshold_0.5_prediction_peak_min_val_0_25_method_center_of_mass,./analysis_output/flammula_20190925_male_left-image.logs_fiddlercrab_rhabdoms_hist_std_lightning_logs_version_0_checkpoints_last_x_3_y_3_z_3_average_threshold_0.5_prediction_peak_min_val_0_25_method_center_of_mass.resampled_space_peaks_results.pickle
P_crassipes_FEG200129_099-image.logs_paraphronima_rhabdoms_lightning_logs_version_23_checkpoints_last_x_3_y_3_z_3_average_threshold_0.25_prediction_peak_min_val_0_25_method_center_of_mass,./analysis_output/P_crassipes_FEG200129_099-image.logs_paraphronima_rhabdoms_lightning_logs_version_23_checkpoints_last_x_3_y_3_z_3_average_threshold_0.25_prediction_peak_min_val_0_25_method_center_of_mass.resampled_space_peaks_results.pickle
P_crassipes_FEG190213_003b_02_head-image.logs_paraphronima_corneas_without_elastic_deformation_lightning_logs_version_2_ckpts_last_x_3_y_3_z_3_average_threshold_0.25_prediction_peak_min_val_0_5_method_center_of_mass,./analysis_output/P_crassipes_FEG190213_003b_02_head-image.logs_paraphronima_corneas_without_elastic_deformation_lightning_logs_version_2_ckpts_last_x_3_y_3_z_3_average_threshold_0.25_prediction_peak_min_val_0_5_method_center_of_mass.resampled_space_peaks_results.pickle
flammula_20190925_male_left-image.logs_fiddlercrab_rhabdoms_without_elastic_deformation_lightning_logs_version_3_checkpoints_last_x_3_y_3_z_3_average_threshold_0.5_prediction_peak_min_val_0_5_method_center_of_mass,./analysis_output/flammula_20190925_male_left-image.logs_fiddlercrab_rhabdoms_without_elastic_deformation_lightning_logs_version_3_checkpoints_last_x_3_y_3_z_3_average_threshold_0.5_prediction_peak_min_val_0_5_method_center_of_mass.resampled_space_peaks_results.pickle
P_crassipes_FEG190213_003b_02_head-image.logs_paraphronima_corneas_without_elastic_deformation_lightning_logs_version_2_ckpts_last_x_3_y_3_z_3_average_threshold_None_prediction_peak_min_val_0_5_method_center_of_mass,./analysis_output/P_crassipes_FEG190213_003b_02_head-image.logs_paraphronima_corneas_without_elastic_deformation_lightning_logs_version_2_ckpts_last_x_3_y_3_z_3_average_threshold_None_prediction_peak_min_val_0_5_method_center_of_mass.resampled_space_peaks_results.pickle
P_crassipes_FEG200129_099-image.logs_paraphronima_rhabdoms_without_random_rotation_lightning_logs_version_2_checkpoints_last_x_3_y_3_z_3_average_threshold_0.25_prediction_peak_min_val_0_25_method_center_of_mass,./analysis_output/P_crassipes_FEG200129_099-image.logs_paraphronima_rhabdoms_without_random_rotation_lightning_logs_version_2_checkpoints_last_x_3_y_3_z_3_average_threshold_0.25_prediction_peak_min_val_0_25_method_center_of_mass.resampled_space_peaks_results.pickle
P_crassipes_FEG190213_003b_02_head-image.logs_paraphronima_corneas_without_random_scale_lightning_logs_version_3_checkpoints_last_x_3_y_3_z_3_average_threshold_0.5_prediction_peak_min_val_0_25_method_max_filter,./analysis_output/P_crassipes_FEG190213_003b_02_head-image.logs_paraphronima_corneas_without_random_scale_lightning_logs_version_3_checkpoints_last_x_3_y_3_z_3_average_threshold_0.5_prediction_peak_min_val_0_25_method_max_filter.resampled_space_peaks_results.pickle
dampieri_male_16-image.logs_fiddlercrab_corneas_lightning_logs_version_26_checkpoints_last_x_3_y_3_z_3_average_threshold_0.5_prediction_peak_min_val_0_5_method_max_filter,./analysis_output/dampieri_male_16-image.logs_fiddlercrab_corneas_lightning_logs_version_26_checkpoints_last_x_3_y_3_z_3_average_threshold_0.5_prediction_peak_min_val_0_5_method_max_filter.resampled_space_peaks_results.pickle
P_crassipes_FEG200129_099-image.logs_paraphronima_rhabdoms_without_random_scale_lightning_logs_version_3_checkpoints_last_x_3_y_3_z_3_average_threshold_0.25_prediction_peak_min_val_0_5_method_max_filter,./analysis_output/P_crassipes_FEG200129_099-image.logs_paraphronima_rhabdoms_without_random_scale_lightning_logs_version_3_checkpoints_last_x_3_y_3_z_3_average_threshold_0.25_prediction_peak_min_val_0_5_method_max_filter.resampled_space_peaks_results.pickle
dampieri_male_16-image.logs_fiddlercrab_corneas_random_affine_prop_1_lightning_logs_version_0_checkpoints_last_x_3_y_3_z_3_average_threshold_0.5_prediction_peak_min_val_0_25_method_max_filter,./analysis_output/dampieri_male_16-image.logs_fiddlercrab_corneas_random_affine_prop_1_lightning_logs_version_0_checkpoints_last_x_3_y_3_z_3_average_threshold_0.5_prediction_peak_min_val_0_25_method_max_filter.resampled_space_peaks_results.pickle
dampieri_male_16-image.logs_fiddlercrab_corneas_without_elastic_deformation_lightning_logs_version_2_checkpoints_last_x_3_y_3_z_3_average_threshold_None_prediction_peak_min_val_0_5_method_max_filter,./analysis_output/dampieri_male_16-image.logs_fiddlercrab_corneas_without_elastic_deformation_lightning_logs_version_2_checkpoints_last_x_3_y_3_z_3_average_threshold_None_prediction_peak_min_val_0_5_method_max_filter.resampled_space_peaks_results.pickle
flammula_20190925_male_left-image.logs_fiddlercrab_rhabdoms_without_elastic_deformation_lightning_logs_version_3_checkpoints_last_x_3_y_3_z_3_average_threshold_0.25_prediction_peak_min_val_0_5_method_center_of_mass,./analysis_output/flammula_20190925_male_left-image.logs_fiddlercrab_rhabdoms_without_elastic_deformation_lightning_logs_version_3_checkpoints_last_x_3_y_3_z_3_average_threshold_0.25_prediction_peak_min_val_0_5_method_center_of_mass.resampled_space_peaks_results.pickle
P_crassipes_FEG191022_077A-image.logs_paraphronima_rhabdoms_without_target_heatmap_masking_lightning_logs_version_1_checkpoints_last_x_3_y_3_z_3_average_threshold_0.25_prediction_peak_min_val_0_5_method_max_filter,./analysis_output/P_crassipes_FEG191022_077A-image.logs_paraphronima_rhabdoms_without_target_heatmap_masking_lightning_logs_version_1_checkpoints_last_x_3_y_3_z_3_average_threshold_0.25_prediction_peak_min_val_0_5_method_max_filter.resampled_space_peaks_results.pickle
dampieri_male_16-image.logs_fiddlercrab_rhabdoms_without_random_scale_lightning_logs_version_3_checkpoints_last_x_3_y_3_z_3_average_threshold_0.25_prediction_peak_min_val_0_25_method_center_of_mass,./analysis_output/dampieri_male_16-image.logs_fiddlercrab_rhabdoms_without_random_scale_lightning_logs_version_3_checkpoints_last_x_3_y_3_z_3_average_threshold_0.25_prediction_peak_min_val_0_25_method_center_of_mass.resampled_space_peaks_results.pickle
dampieri_male_16-image.logs_fiddlercrab_corneas_hist_std_z_norm_lightning_logs_version_0_checkpoints_last_x_3_y_3_z_3_average_threshold_0.25_prediction_peak_min_val_0_5_method_center_of_mass,./analysis_output/dampieri_male_16-image.logs_fiddlercrab_corneas_hist_std_z_norm_lightning_logs_version_0_checkpoints_last_x_3_y_3_z_3_average_threshold_0.25_prediction_peak_min_val_0_5_method_center_of_mass.resampled_space_peaks_results.pickle
P_crassipes_FEG191022_077A-image.logs_paraphronima_rhabdoms_without_elastic_deformation_lightning_logs_version_2_checkpoints_last_x_3_y_3_z_3_average_threshold_None_prediction_peak_min_val_0_5_method_center_of_mass,./analysis_output/P_crassipes_FEG191022_077A-image.logs_paraphronima_rhabdoms_without_elastic_deformation_lightning_logs_version_2_checkpoints_last_x_3_y_3_z_3_average_threshold_None_prediction_peak_min_val_0_5_method_center_of_mass.resampled_space_peaks_results.pickle
P_crassipes_FEG191022_077A-image.logs_paraphronima_rhabdoms_lightning_logs_version_24_checkpoints_last_ckptx_3_y_3_z_3_average_threshold_0_5_prediction_peak_min_val_0_25_method_center_of_mass,./analysis_output/P_crassipes_FEG191022_077A-image.logs_paraphronima_rhabdoms_lightning_logs_version_24_checkpoints_last_ckptx_3_y_3_z_3_average_threshold_0_5_prediction_peak_min_val_0_25_method_center_of_mass.resampled_space_peaks_results.pickle
FEG200205_108_crop-image.logs_paraphronima_rhabdoms_lightning_logs_version_24_checkpoints_last_ckptx_3_y_3_z_3_average_threshold_0_25_prediction_peak_min_val_0_25_method_center_of_mass,./analysis_output/FEG200205_108_crop-image.logs_paraphronima_rhabdoms_lightning_logs_version_24_checkpoints_last_ckptx_3_y_3_z_3_average_threshold_0_25_prediction_peak_min_val_0_25_method_center_of_mass.resampled_space_peaks_results.pickle
P_crassipes_FEG191022_077A-image.logs_paraphronima_rhabdoms_lightning_logs_version_24_checkpoints_last_ckptx_3_y_3_z_3_average_threshold_None_prediction_peak_min_val_0_5_method_max_filter,./analysis_output/P_crassipes_FEG191022_077A-image.logs_paraphronima_rhabdoms_lightning_logs_version_24_checkpoints_last_ckptx_3_y_3_z_3_average_threshold_None_prediction_peak_min_val_0_5_method_max_filter.resampled_space_peaks_results.pickle
P_crassipes_FEG191022_077A-image.logs_paraphronima_rhabdoms_lightning_logs_version_24_checkpoints_last_ckptx_3_y_3_z_3_average_threshold_0_5_prediction_peak_min_val_0_5_method_max_filter,./analysis_output/P_crassipes_FEG191022_077A-image.logs_paraphronima_rhabdoms_lightning_logs_version_24_checkpoints_last_ckptx_3_y_3_z_3_average_threshold_0_5_prediction_peak_min_val_0_5_method_max_filter.resampled_space_peaks_results.pickle
P_crassipes_FEG191022_077A-image.logs_paraphronima_rhabdoms_lightning_logs_version_24_checkpoints_last_ckptx_3_y_3_z_3_average_threshold_None_prediction_peak_min_val_0_25_method_max_filter,./analysis_output/P_crassipes_FEG191022_077A-image.logs_paraphronima_rhabdoms_lightning_logs_version_24_checkpoints_last_ckptx_3_y_3_z_3_average_threshold_None_prediction_peak_min_val_0_25_method_max_filter.resampled_space_peaks_results.pickle
P_crassipes_FEG191022_077A-image.logs_paraphronima_rhabdoms_lightning_logs_version_24_checkpoints_last_ckptx_3_y_3_z_3_average_threshold_0_25_prediction_peak_min_val_0_25_method_center_of_mass,./analysis_output/P_crassipes_FEG191022_077A-image.logs_paraphronima_rhabdoms_lightning_logs_version_24_checkpoints_last_ckptx_3_y_3_z_3_average_threshold_0_25_prediction_peak_min_val_0_25_method_center_of_mass.resampled_space_peaks_results.pickle
P_crassipes_FEG191022_077A-image.logs_paraphronima_rhabdoms_lightning_logs_version_24_checkpoints_last_ckptx_3_y_3_z_3_average_threshold_0_25_prediction_peak_min_val_0_25_method_max_filter,./analysis_output/P_crassipes_FEG191022_077A-image.logs_paraphronima_rhabdoms_lightning_logs_version_24_checkpoints_last_ckptx_3_y_3_z_3_average_threshold_0_25_prediction_peak_min_val_0_25_method_max_filter.resampled_space_peaks_results.pickle
FEG200205_108_crop-image.logs_paraphronima_rhabdoms_lightning_logs_version_24_checkpoints_last_x_3_y_3_z_3_average_threshold_0.5_prediction_peak_min_val_0_5_method_center_of_mass,./analysis_output/FEG200205_108_crop-image.logs_paraphronima_rhabdoms_lightning_logs_version_24_checkpoints_last_x_3_y_3_z_3_average_threshold_0.5_prediction_peak_min_val_0_5_method_center_of_mass.resampled_space_peaks_results.pickle
FEG200205_108_crop-image.logs_paraphronima_rhabdoms_lightning_logs_version_24_checkpoints_last_x_3_y_3_z_3_average_threshold_0.5_prediction_peak_min_val_0_25_method_center_of_mass,./analysis_output/FEG200205_108_crop-image.logs_paraphronima_rhabdoms_lightning_logs_version_24_checkpoints_last_x_3_y_3_z_3_average_threshold_0.5_prediction_peak_min_val_0_25_method_center_of_mass.resampled_space_peaks_results.pickle
P_crassipes_FEG200129_099-image.logs_paraphronima_rhabdoms_lightning_logs_version_24_checkpoints_last_ckptx_3_y_3_z_3_average_threshold_0_25_prediction_peak_min_val_0_5_method_center_of_mass,./analysis_output/P_crassipes_FEG200129_099-image.logs_paraphronima_rhabdoms_lightning_logs_version_24_checkpoints_last_ckptx_3_y_3_z_3_average_threshold_0_25_prediction_peak_min_val_0_5_method_center_of_mass.resampled_space_peaks_results.pickle
FEG200205_108_crop-image.logs_paraphronima_rhabdoms_lightning_logs_version_24_checkpoints_last_ckptx_3_y_3_z_3_average_threshold_0_5_prediction_peak_min_val_0_25_method_center_of_mass,./analysis_output/FEG200205_108_crop-image.logs_paraphronima_rhabdoms_lightning_logs_version_24_checkpoints_last_ckptx_3_y_3_z_3_average_threshold_0_5_prediction_peak_min_val_0_25_method_center_of_mass.resampled_space_peaks_results.pickle
FEG200205_108_crop-image.logs_paraphronima_rhabdoms_lightning_logs_version_24_checkpoints_last_ckptx_3_y_3_z_3_average_threshold_0_5_prediction_peak_min_val_0_5_method_max_filter,./analysis_output/FEG200205_108_crop-image.logs_paraphronima_rhabdoms_lightning_logs_version_24_checkpoints_last_ckptx_3_y_3_z_3_average_threshold_0_5_prediction_peak_min_val_0_5_method_max_filter.resampled_space_peaks_results.pickle
FEG200205_108_crop-image.logs_paraphronima_rhabdoms_lightning_logs_version_24_checkpoints_last_ckptx_3_y_3_z_3_average_threshold_0_5_prediction_peak_min_val_0_25_method_max_filter,./analysis_output/FEG200205_108_crop-image.logs_paraphronima_rhabdoms_lightning_logs_version_24_checkpoints_last_ckptx_3_y_3_z_3_average_threshold_0_5_prediction_peak_min_val_0_25_method_max_filter.resampled_space_peaks_results.pickle
FEG200205_108_crop-image.logs_paraphronima_rhabdoms_lightning_logs_version_25_checkpoints_last_ckptx_3_y_3_z_3_average_threshold_0_5_prediction_peak_min_val_0_5_method_max_filter,./analysis_output/FEG200205_108_crop-image.logs_paraphronima_rhabdoms_lightning_logs_version_25_checkpoints_last_ckptx_3_y_3_z_3_average_threshold_0_5_prediction_peak_min_val_0_5_method_max_filter.resampled_space_peaks_results.pickle
P_crassipes_FEG191022_077A-image.logs_paraphronima_rhabdoms_lightning_logs_version_25_checkpoints_last_ckptx_3_y_3_z_3_average_threshold_0_25_prediction_peak_min_val_0_5_method_max_filter,./analysis_output/P_crassipes_FEG191022_077A-image.logs_paraphronima_rhabdoms_lightning_logs_version_25_checkpoints_last_ckptx_3_y_3_z_3_average_threshold_0_25_prediction_peak_min_val_0_5_method_max_filter.resampled_space_peaks_results.pickle
FEG200205_108_crop-image.logs_paraphronima_rhabdoms_lightning_logs_version_25_checkpoints_last_ckptx_3_y_3_z_3_average_threshold_0_25_prediction_peak_min_val_0_5_method_max_filter,./analysis_output/FEG200205_108_crop-image.logs_paraphronima_rhabdoms_lightning_logs_version_25_checkpoints_last_ckptx_3_y_3_z_3_average_threshold_0_25_prediction_peak_min_val_0_5_method_max_filter.resampled_space_peaks_results.pickle
P_crassipes_FEG200129_099-image.logs_paraphronima_rhabdoms_lightning_logs_version_25_checkpoints_last_ckptx_3_y_3_z_3_average_threshold_0_5_prediction_peak_min_val_0_5_method_max_filter,./analysis_output/P_crassipes_FEG200129_099-image.logs_paraphronima_rhabdoms_lightning_logs_version_25_checkpoints_last_ckptx_3_y_3_z_3_average_threshold_0_5_prediction_peak_min_val_0_5_method_max_filter.resampled_space_peaks_results.pickle
FEG200205_108_crop-image.logs_paraphronima_rhabdoms_lightning_logs_version_25_checkpoints_last_ckptx_3_y_3_z_3_average_threshold_None_prediction_peak_min_val_0_5_method_center_of_mass,./analysis_output/FEG200205_108_crop-image.logs_paraphronima_rhabdoms_lightning_logs_version_25_checkpoints_last_ckptx_3_y_3_z_3_average_threshold_None_prediction_peak_min_val_0_5_method_center_of_mass.resampled_space_peaks_results.pickle
FEG200205_108_crop-image.logs_paraphronima_rhabdoms_lightning_logs_version_25_checkpoints_last_ckptx_3_y_3_z_3_average_threshold_None_prediction_peak_min_val_0_5_method_max_filter,./analysis_output/FEG200205_108_crop-image.logs_paraphronima_rhabdoms_lightning_logs_version_25_checkpoints_last_ckptx_3_y_3_z_3_average_threshold_None_prediction_peak_min_val_0_5_method_max_filter.resampled_space_peaks_results.pickle
FEG200205_108_crop-image.logs_paraphronima_rhabdoms_lightning_logs_version_25_checkpoints_last_ckptx_3_y_3_z_3_average_threshold_0_5_prediction_peak_min_val_0_25_method_max_filter,./analysis_output/FEG200205_108_crop-image.logs_paraphronima_rhabdoms_lightning_logs_version_25_checkpoints_last_ckptx_3_y_3_z_3_average_threshold_0_5_prediction_peak_min_val_0_25_method_max_filter.resampled_space_peaks_results.pickle
P_crassipes_FEG200129_099-image.logs_paraphronima_rhabdoms_lightning_logs_version_25_checkpoints_last_ckptx_3_y_3_z_3_average_threshold_None_prediction_peak_min_val_0_5_method_max_filter,./analysis_output/P_crassipes_FEG200129_099-image.logs_paraphronima_rhabdoms_lightning_logs_version_25_checkpoints_last_ckptx_3_y_3_z_3_average_threshold_None_prediction_peak_min_val_0_5_method_max_filter.resampled_space_peaks_results.pickle
P_crassipes_FEG200129_099-image.logs_paraphronima_rhabdoms_lightning_logs_version_25_checkpoints_last_ckptx_3_y_3_z_3_average_threshold_0_5_prediction_peak_min_val_0_25_method_center_of_mass,./analysis_output/P_crassipes_FEG200129_099-image.logs_paraphronima_rhabdoms_lightning_logs_version_25_checkpoints_last_ckptx_3_y_3_z_3_average_threshold_0_5_prediction_peak_min_val_0_25_method_center_of_mass.resampled_space_peaks_results.pickle
P_crassipes_FEG200129_099-image.logs_paraphronima_rhabdoms_thresholded_heatmaps_lightning_logs_version_15_checkpoints_last_ckptx_3_y_3_z_3_average_threshold_0_5_prediction_peak_min_val_0_25_method_max_filter,./analysis_output/P_crassipes_FEG200129_099-image.logs_paraphronima_rhabdoms_thresholded_heatmaps_lightning_logs_version_15_checkpoints_last_ckptx_3_y_3_z_3_average_threshold_0_5_prediction_peak_min_val_0_25_method_max_filter.resampled_space_peaks_results.pickle
P_crassipes_FEG191022_077A-image.logs_paraphronima_rhabdoms_thresholded_heatmaps_lightning_logs_version_15_checkpoints_last_ckptx_3_y_3_z_3_average_threshold_0_25_prediction_peak_min_val_0_25_method_max_filter,./analysis_output/P_crassipes_FEG191022_077A-image.logs_paraphronima_rhabdoms_thresholded_heatmaps_lightning_logs_version_15_checkpoints_last_ckptx_3_y_3_z_3_average_threshold_0_25_prediction_peak_min_val_0_25_method_max_filter.resampled_space_peaks_results.pickle
P_crassipes_FEG200129_099-image.logs_paraphronima_rhabdoms_thresholded_heatmaps_lightning_logs_version_15_checkpoints_last_ckptx_3_y_3_z_3_average_threshold_0_25_prediction_peak_min_val_0_5_method_center_of_mass,./analysis_output/P_crassipes_FEG200129_099-image.logs_paraphronima_rhabdoms_thresholded_heatmaps_lightning_logs_version_15_checkpoints_last_ckptx_3_y_3_z_3_average_threshold_0_25_prediction_peak_min_val_0_5_method_center_of_mass.resampled_space_peaks_results.pickle
FEG200205_108_crop-image.logs_paraphronima_rhabdoms_thresholded_heatmaps_lightning_logs_version_15_checkpoints_last_ckptx_3_y_3_z_3_average_threshold_0_5_prediction_peak_min_val_0_5_method_center_of_mass,./analysis_output/FEG200205_108_crop-image.logs_paraphronima_rhabdoms_thresholded_heatmaps_lightning_logs_version_15_checkpoints_last_ckptx_3_y_3_z_3_average_threshold_0_5_prediction_peak_min_val_0_5_method_center_of_mass.resampled_space_peaks_results.pickle
FEG200205_108_crop-image.logs_paraphronima_rhabdoms_thresholded_heatmaps_lightning_logs_version_15_checkpoints_last_ckptx_3_y_3_z_3_average_threshold_0_5_prediction_peak_min_val_0_25_method_center_of_mass,./analysis_output/FEG200205_108_crop-image.logs_paraphronima_rhabdoms_thresholded_heatmaps_lightning_logs_version_15_checkpoints_last_ckptx_3_y_3_z_3_average_threshold_0_5_prediction_peak_min_val_0_25_method_center_of_mass.resampled_space_peaks_results.pickle
P_crassipes_FEG200129_099-image.logs_paraphronima_rhabdoms_thresholded_heatmaps_lightning_logs_version_15_checkpoints_last_ckptx_3_y_3_z_3_average_threshold_None_prediction_peak_min_val_0_5_method_max_filter,./analysis_output/P_crassipes_FEG200129_099-image.logs_paraphronima_rhabdoms_thresholded_heatmaps_lightning_logs_version_15_checkpoints_last_ckptx_3_y_3_z_3_average_threshold_None_prediction_peak_min_val_0_5_method_max_filter.resampled_space_peaks_results.pickle
P_crassipes_FEG200129_099-image.logs_paraphronima_rhabdoms_thresholded_heatmaps_lightning_logs_version_15_checkpoints_last_ckptx_3_y_3_z_3_average_threshold_None_prediction_peak_min_val_0_5_method_center_of_mass,./analysis_output/P_crassipes_FEG200129_099-image.logs_paraphronima_rhabdoms_thresholded_heatmaps_lightning_logs_version_15_checkpoints_last_ckptx_3_y_3_z_3_average_threshold_None_prediction_peak_min_val_0_5_method_center_of_mass.resampled_space_peaks_results.pickle
P_crassipes_FEG200129_099-image.logs_paraphronima_rhabdoms_thresholded_heatmaps_lightning_logs_version_15_checkpoints_last_ckptx_3_y_3_z_3_average_threshold_0_5_prediction_peak_min_val_0_5_method_max_filter,./analysis_output/P_crassipes_FEG200129_099-image.logs_paraphronima_rhabdoms_thresholded_heatmaps_lightning_logs_version_15_checkpoints_last_ckptx_3_y_3_z_3_average_threshold_0_5_prediction_peak_min_val_0_5_method_max_filter.resampled_space_peaks_results.pickle
Paraphronima_FEG181024_head_sp_8_1423158-image.logs_paraphronima_corneas_lightning_logs_version_11_checkpoints_last_ckptx_3_y_3_z_3_average_threshold_0_5_prediction_peak_min_val_0_25_method_center_of_mass,./analysis_output/Paraphronima_FEG181024_head_sp_8_1423158-image.logs_paraphronima_corneas_lightning_logs_version_11_checkpoints_last_ckptx_3_y_3_z_3_average_threshold_0_5_prediction_peak_min_val_0_25_method_center_of_mass.resampled_space_peaks_results.pickle
P_gracilis_FEG190213_003a_head-image.logs_paraphronima_corneas_lightning_logs_version_11_checkpoints_last_ckptx_3_y_3_z_3_average_threshold_None_prediction_peak_min_val_0_25_method_center_of_mass,./analysis_output/P_gracilis_FEG190213_003a_head-image.logs_paraphronima_corneas_lightning_logs_version_11_checkpoints_last_ckptx_3_y_3_z_3_average_threshold_None_prediction_peak_min_val_0_25_method_center_of_mass.resampled_space_peaks_results.pickle
P_gracilis_FEG190213_003a_head-image.logs_paraphronima_corneas_lightning_logs_version_11_checkpoints_last_x_3_y_3_z_3_average_threshold_0.5_prediction_peak_min_val_0_5_method_max_filter,./analysis_output/P_gracilis_FEG190213_003a_head-image.logs_paraphronima_corneas_lightning_logs_version_11_checkpoints_last_x_3_y_3_z_3_average_threshold_0.5_prediction_peak_min_val_0_5_method_max_filter.resampled_space_peaks_results.pickle
Paraphronima_FEG181024_head_sp_8_1423158-image.logs_paraphronima_corneas_lightning_logs_version_11_checkpoints_last_x_3_y_3_z_3_average_threshold_0.25_prediction_peak_min_val_0_25_method_center_of_mass,./analysis_output/Paraphronima_FEG181024_head_sp_8_1423158-image.logs_paraphronima_corneas_lightning_logs_version_11_checkpoints_last_x_3_y_3_z_3_average_threshold_0.25_prediction_peak_min_val_0_25_method_center_of_mass.resampled_space_peaks_results.pickle
P_crassipes_FEG190801_034_00001_new-image.logs_paraphronima_corneas_lightning_logs_version_11_checkpoints_last_x_3_y_3_z_3_average_threshold_None_prediction_peak_min_val_0_5_method_max_filter,./analysis_output/P_crassipes_FEG190801_034_00001_new-image.logs_paraphronima_corneas_lightning_logs_version_11_checkpoints_last_x_3_y_3_z_3_average_threshold_None_prediction_peak_min_val_0_5_method_max_filter.resampled_space_peaks_results.pickle
P_gracilis_FEG190213_003a_head-image.logs_paraphronima_corneas_lightning_logs_version_11_checkpoints_last_x_3_y_3_z_3_average_threshold_0.25_prediction_peak_min_val_0_5_method_center_of_mass,./analysis_output/P_gracilis_FEG190213_003a_head-image.logs_paraphronima_corneas_lightning_logs_version_11_checkpoints_last_x_3_y_3_z_3_average_threshold_0.25_prediction_peak_min_val_0_5_method_center_of_mass.resampled_space_peaks_results.pickle
P_robisoni_FEG200205_105-image.logs_paraphronima_corneas_lightning_logs_version_11_checkpoints_last_x_3_y_3_z_3_average_threshold_0.5_prediction_peak_min_val_0_5_method_max_filter,./analysis_output/P_robisoni_FEG200205_105-image.logs_paraphronima_corneas_lightning_logs_version_11_checkpoints_last_x_3_y_3_z_3_average_threshold_0.5_prediction_peak_min_val_0_5_method_max_filter.resampled_space_peaks_results.pickle
P_crassipes_FEG190213_003b_02_head-image.logs_paraphronima_corneas_lightning_logs_version_11_checkpoints_last_ckptx_3_y_3_z_3_average_threshold_0_25_prediction_peak_min_val_0_25_method_max_filter,./analysis_output/P_crassipes_FEG190213_003b_02_head-image.logs_paraphronima_corneas_lightning_logs_version_11_checkpoints_last_ckptx_3_y_3_z_3_average_threshold_0_25_prediction_peak_min_val_0_25_method_max_filter.resampled_space_peaks_results.pickle
P_robisoni_FEG200205_105-image.logs_paraphronima_corneas_lightning_logs_version_11_checkpoints_last_ckptx_3_y_3_z_3_average_threshold_None_prediction_peak_min_val_0_25_method_center_of_mass,./analysis_output/P_robisoni_FEG200205_105-image.logs_paraphronima_corneas_lightning_logs_version_11_checkpoints_last_ckptx_3_y_3_z_3_average_threshold_None_prediction_peak_min_val_0_25_method_center_of_mass.resampled_space_peaks_results.pickle
Paraphronima_FEG181024_head_sp_8_1423158-image.logs_paraphronima_corneas_lightning_logs_version_11_checkpoints_last_x_3_y_3_z_3_average_threshold_0.5_prediction_peak_min_val_0_25_method_max_filter,./analysis_output/Paraphronima_FEG181024_head_sp_8_1423158-image.logs_paraphronima_corneas_lightning_logs_version_11_checkpoints_last_x_3_y_3_z_3_average_threshold_0.5_prediction_peak_min_val_0_25_method_max_filter.resampled_space_peaks_results.pickle
P_gracilis_FEG190213_003a_head-image.logs_paraphronima_corneas_lightning_logs_version_11_checkpoints_last_ckptx_3_y_3_z_3_average_threshold_None_prediction_peak_min_val_0_25_method_max_filter,./analysis_output/P_gracilis_FEG190213_003a_head-image.logs_paraphronima_corneas_lightning_logs_version_11_checkpoints_last_ckptx_3_y_3_z_3_average_threshold_None_prediction_peak_min_val_0_25_method_max_filter.resampled_space_peaks_results.pickle
P_crassipes_FEG190213_003b_02_head-image.logs_paraphronima_corneas_lightning_logs_version_11_checkpoints_last_ckptx_3_y_3_z_3_average_threshold_None_prediction_peak_min_val_0_5_method_max_filter,./analysis_output/P_crassipes_FEG190213_003b_02_head-image.logs_paraphronima_corneas_lightning_logs_version_11_checkpoints_last_ckptx_3_y_3_z_3_average_threshold_None_prediction_peak_min_val_0_5_method_max_filter.resampled_space_peaks_results.pickle
Paraphronima_FEG181024_head_sp_8_1423158-image.logs_paraphronima_corneas_lightning_logs_version_11_checkpoints_last_ckptx_3_y_3_z_3_average_threshold_None_prediction_peak_min_val_0_5_method_center_of_mass,./analysis_output/Paraphronima_FEG181024_head_sp_8_1423158-image.logs_paraphronima_corneas_lightning_logs_version_11_checkpoints_last_ckptx_3_y_3_z_3_average_threshold_None_prediction_peak_min_val_0_5_method_center_of_mass.resampled_space_peaks_results.pickle
P_gracilis_FEG190213_003a_head-image.logs_paraphronima_corneas_lightning_logs_version_11_checkpoints_last_x_3_y_3_z_3_average_threshold_0.5_prediction_peak_min_val_0_5_method_center_of_mass,./analysis_output/P_gracilis_FEG190213_003a_head-image.logs_paraphronima_corneas_lightning_logs_version_11_checkpoints_last_x_3_y_3_z_3_average_threshold_0.5_prediction_peak_min_val_0_5_method_center_of_mass.resampled_space_peaks_results.pickle
Paraphronima_FEG181024_head_sp_8_1423158-image.logs_paraphronima_corneas_lightning_logs_version_11_checkpoints_last_x_3_y_3_z_3_average_threshold_0.5_prediction_peak_min_val_0_5_method_center_of_mass,./analysis_output/Paraphronima_FEG181024_head_sp_8_1423158-image.logs_paraphronima_corneas_lightning_logs_version_11_checkpoints_last_x_3_y_3_z_3_average_threshold_0.5_prediction_peak_min_val_0_5_method_center_of_mass.resampled_space_peaks_results.pickle
Paraphronima_FEG181024_head_sp_8_1423158-image.logs_paraphronima_corneas_lightning_logs_version_11_checkpoints_last_ckptx_3_y_3_z_3_average_threshold_None_prediction_peak_min_val_0_5_method_max_filter,./analysis_output/Paraphronima_FEG181024_head_sp_8_1423158-image.logs_paraphronima_corneas_lightning_logs_version_11_checkpoints_last_ckptx_3_y_3_z_3_average_threshold_None_prediction_peak_min_val_0_5_method_max_filter.resampled_space_peaks_results.pickle
P_gracilis_FEG190213_003a_head-image.logs_paraphronima_corneas_lightning_logs_version_11_checkpoints_last_ckptx_3_y_3_z_3_average_threshold_0_5_prediction_peak_min_val_0_25_method_center_of_mass,./analysis_output/P_gracilis_FEG190213_003a_head-image.logs_paraphronima_corneas_lightning_logs_version_11_checkpoints_last_ckptx_3_y_3_z_3_average_threshold_0_5_prediction_peak_min_val_0_25_method_center_of_mass.resampled_space_peaks_results.pickle
P_crassipes_FEG190801_034_00001_new-image.logs_paraphronima_corneas_lightning_logs_version_11_checkpoints_last_ckptx_3_y_3_z_3_average_threshold_None_prediction_peak_min_val_0_5_method_center_of_mass,./analysis_output/P_crassipes_FEG190801_034_00001_new-image.logs_paraphronima_corneas_lightning_logs_version_11_checkpoints_last_ckptx_3_y_3_z_3_average_threshold_None_prediction_peak_min_val_0_5_method_center_of_mass.resampled_space_peaks_results.pickle
Paraphronima_FEG181024_head_sp_8_1423158-image.logs_paraphronima_corneas_lightning_logs_version_11_checkpoints_last_x_3_y_3_z_3_average_threshold_0.25_prediction_peak_min_val_0_5_method_center_of_mass,./analysis_output/Paraphronima_FEG181024_head_sp_8_1423158-image.logs_paraphronima_corneas_lightning_logs_version_11_checkpoints_last_x_3_y_3_z_3_average_threshold_0.25_prediction_peak_min_val_0_5_method_center_of_mass.resampled_space_peaks_results.pickle
P_robisoni_FEG200205_105-image.logs_paraphronima_corneas_lightning_logs_version_11_checkpoints_last_x_3_y_3_z_3_average_threshold_0.25_prediction_peak_min_val_0_5_method_max_filter,./analysis_output/P_robisoni_FEG200205_105-image.logs_paraphronima_corneas_lightning_logs_version_11_checkpoints_last_x_3_y_3_z_3_average_threshold_0.25_prediction_peak_min_val_0_5_method_max_filter.resampled_space_peaks_results.pickle
Paraphronima_FEG181024_head_sp_8_1423158-image.logs_paraphronima_corneas_lightning_logs_version_11_checkpoints_last_x_3_y_3_z_3_average_threshold_0.5_prediction_peak_min_val_0_25_method_center_of_mass,./analysis_output/Paraphronima_FEG181024_head_sp_8_1423158-image.logs_paraphronima_corneas_lightning_logs_version_11_checkpoints_last_x_3_y_3_z_3_average_threshold_0.5_prediction_peak_min_val_0_25_method_center_of_mass.resampled_space_peaks_results.pickle
Paraphronima_FEG181024_head_sp_8_1423158-image.logs_paraphronima_corneas_lightning_logs_version_11_checkpoints_last_x_3_y_3_z_3_average_threshold_None_prediction_peak_min_val_0_5_method_center_of_mass,./analysis_output/Paraphronima_FEG181024_head_sp_8_1423158-image.logs_paraphronima_corneas_lightning_logs_version_11_checkpoints_last_x_3_y_3_z_3_average_threshold_None_prediction_peak_min_val_0_5_method_center_of_mass.resampled_space_peaks_results.pickle
P_crassipes_FEG190213_003b_02_head-image.logs_paraphronima_corneas_lightning_logs_version_11_checkpoints_last_ckptx_3_y_3_z_3_average_threshold_0_5_prediction_peak_min_val_0_5_method_center_of_mass,./analysis_output/P_crassipes_FEG190213_003b_02_head-image.logs_paraphronima_corneas_lightning_logs_version_11_checkpoints_last_ckptx_3_y_3_z_3_average_threshold_0_5_prediction_peak_min_val_0_5_method_center_of_mass.resampled_space_peaks_results.pickle
P_crassipes_FEG190801_034_00001_new-image.logs_paraphronima_corneas_lightning_logs_version_11_checkpoints_last_x_3_y_3_z_3_average_threshold_0.5_prediction_peak_min_val_0_5_method_center_of_mass,./analysis_output/P_crassipes_FEG190801_034_00001_new-image.logs_paraphronima_corneas_lightning_logs_version_11_checkpoints_last_x_3_y_3_z_3_average_threshold_0.5_prediction_peak_min_val_0_5_method_center_of_mass.resampled_space_peaks_results.pickle
P_crassipes_FEG190213_003b_02_head-image.logs_paraphronima_corneas_lightning_logs_version_11_checkpoints_last_ckptx_3_y_3_z_3_average_threshold_None_prediction_peak_min_val_0_25_method_center_of_mass,./analysis_output/P_crassipes_FEG190213_003b_02_head-image.logs_paraphronima_corneas_lightning_logs_version_11_checkpoints_last_ckptx_3_y_3_z_3_average_threshold_None_prediction_peak_min_val_0_25_method_center_of_mass.resampled_space_peaks_results.pickle
P_crassipes_FEG190213_003b_02_head-image.logs_paraphronima_corneas_lightning_logs_version_11_checkpoints_last_ckptx_3_y_3_z_3_average_threshold_0_25_prediction_peak_min_val_0_25_method_center_of_mass,./analysis_output/P_crassipes_FEG190213_003b_02_head-image.logs_paraphronima_corneas_lightning_logs_version_11_checkpoints_last_ckptx_3_y_3_z_3_average_threshold_0_25_prediction_peak_min_val_0_25_method_center_of_mass.resampled_space_peaks_results.pickle
Paraphronima_FEG181024_head_sp_8_1423158-image.logs_paraphronima_corneas_lightning_logs_version_12_checkpoints_last_ckptx_3_y_3_z_3_average_threshold_0_25_prediction_peak_min_val_0_5_method_center_of_mass,./analysis_output/Paraphronima_FEG181024_head_sp_8_1423158-image.logs_paraphronima_corneas_lightning_logs_version_12_checkpoints_last_ckptx_3_y_3_z_3_average_threshold_0_25_prediction_peak_min_val_0_5_method_center_of_mass.resampled_space_peaks_results.pickle
Paraphronima_FEG181024_head_sp_8_1423158-image.logs_paraphronima_corneas_lightning_logs_version_12_checkpoints_last_ckptx_3_y_3_z_3_average_threshold_None_prediction_peak_min_val_0_25_method_max_filter,./analysis_output/Paraphronima_FEG181024_head_sp_8_1423158-image.logs_paraphronima_corneas_lightning_logs_version_12_checkpoints_last_ckptx_3_y_3_z_3_average_threshold_None_prediction_peak_min_val_0_25_method_max_filter.resampled_space_peaks_results.pickle
P_gracilis_FEG190213_003a_head-image.logs_paraphronima_corneas_lightning_logs_version_12_checkpoints_last_ckptx_3_y_3_z_3_average_threshold_None_prediction_peak_min_val_0_25_method_center_of_mass,./analysis_output/P_gracilis_FEG190213_003a_head-image.logs_paraphronima_corneas_lightning_logs_version_12_checkpoints_last_ckptx_3_y_3_z_3_average_threshold_None_prediction_peak_min_val_0_25_method_center_of_mass.resampled_space_peaks_results.pickle
P_robisoni_FEG200205_105-image.logs_paraphronima_corneas_lightning_logs_version_12_checkpoints_last_ckptx_3_y_3_z_3_average_threshold_0_25_prediction_peak_min_val_0_5_method_max_filter,./analysis_output/P_robisoni_FEG200205_105-image.logs_paraphronima_corneas_lightning_logs_version_12_checkpoints_last_ckptx_3_y_3_z_3_average_threshold_0_25_prediction_peak_min_val_0_5_method_max_filter.resampled_space_peaks_results.pickle
P_crassipes_FEG190213_003b_02_head-image.logs_paraphronima_corneas_lightning_logs_version_12_checkpoints_last_ckptx_3_y_3_z_3_average_threshold_0_25_prediction_peak_min_val_0_5_method_center_of_mass,./analysis_output/P_crassipes_FEG190213_003b_02_head-image.logs_paraphronima_corneas_lightning_logs_version_12_checkpoints_last_ckptx_3_y_3_z_3_average_threshold_0_25_prediction_peak_min_val_0_5_method_center_of_mass.resampled_space_peaks_results.pickle
Paraphronima_FEG181024_head_sp_8_1423158-image.logs_paraphronima_corneas_lightning_logs_version_12_checkpoints_last_ckptx_3_y_3_z_3_average_threshold_0_5_prediction_peak_min_val_0_25_method_max_filter,./analysis_output/Paraphronima_FEG181024_head_sp_8_1423158-image.logs_paraphronima_corneas_lightning_logs_version_12_checkpoints_last_ckptx_3_y_3_z_3_average_threshold_0_5_prediction_peak_min_val_0_25_method_max_filter.resampled_space_peaks_results.pickle
P_gracilis_FEG190213_003a_head-image.logs_paraphronima_corneas_lightning_logs_version_12_checkpoints_last_ckptx_3_y_3_z_3_average_threshold_0_5_prediction_peak_min_val_0_5_method_center_of_mass,./analysis_output/P_gracilis_FEG190213_003a_head-image.logs_paraphronima_corneas_lightning_logs_version_12_checkpoints_last_ckptx_3_y_3_z_3_average_threshold_0_5_prediction_peak_min_val_0_5_method_center_of_mass.resampled_space_peaks_results.pickle
P_robisoni_FEG200205_105-image.logs_paraphronima_corneas_lightning_logs_version_12_checkpoints_last_ckptx_3_y_3_z_3_average_threshold_0_25_prediction_peak_min_val_0_25_method_center_of_mass,./analysis_output/P_robisoni_FEG200205_105-image.logs_paraphronima_corneas_lightning_logs_version_12_checkpoints_last_ckptx_3_y_3_z_3_average_threshold_0_25_prediction_peak_min_val_0_25_method_center_of_mass.resampled_space_peaks_results.pickle
P_crassipes_FEG190213_003b_02_head-image.logs_paraphronima_corneas_lightning_logs_version_12_checkpoints_last_ckptx_3_y_3_z_3_average_threshold_0_5_prediction_peak_min_val_0_5_method_max_filter,./analysis_output/P_crassipes_FEG190213_003b_02_head-image.logs_paraphronima_corneas_lightning_logs_version_12_checkpoints_last_ckptx_3_y_3_z_3_average_threshold_0_5_prediction_peak_min_val_0_5_method_max_filter.resampled_space_peaks_results.pickle
P_robisoni_FEG200205_105-image.logs_paraphronima_corneas_lightning_logs_version_12_checkpoints_last_ckptx_3_y_3_z_3_average_threshold_0_5_prediction_peak_min_val_0_25_method_center_of_mass,./analysis_output/P_robisoni_FEG200205_105-image.logs_paraphronima_corneas_lightning_logs_version_12_checkpoints_last_ckptx_3_y_3_z_3_average_threshold_0_5_prediction_peak_min_val_0_25_method_center_of_mass.resampled_space_peaks_results.pickle
P_robisoni_FEG200205_105-image.logs_paraphronima_corneas_lightning_logs_version_13_checkpoints_last_ckptx_3_y_3_z_3_average_threshold_0_25_prediction_peak_min_val_0_25_method_max_filter,./analysis_output/P_robisoni_FEG200205_105-image.logs_paraphronima_corneas_lightning_logs_version_13_checkpoints_last_ckptx_3_y_3_z_3_average_threshold_0_25_prediction_peak_min_val_0_25_method_max_filter.resampled_space_peaks_results.pickle
Paraphronima_FEG181024_head_sp_8_1423158-image.logs_paraphronima_corneas_lightning_logs_version_13_checkpoints_last_ckptx_3_y_3_z_3_average_threshold_0_5_prediction_peak_min_val_0_25_method_center_of_mass,./analysis_output/Paraphronima_FEG181024_head_sp_8_1423158-image.logs_paraphronima_corneas_lightning_logs_version_13_checkpoints_last_ckptx_3_y_3_z_3_average_threshold_0_5_prediction_peak_min_val_0_25_method_center_of_mass.resampled_space_peaks_results.pickle
P_crassipes_FEG190213_003b_02_head-image.logs_paraphronima_corneas_lightning_logs_version_13_checkpoints_last_ckptx_3_y_3_z_3_average_threshold_0_25_prediction_peak_min_val_0_5_method_max_filter,./analysis_output/P_crassipes_FEG190213_003b_02_head-image.logs_paraphronima_corneas_lightning_logs_version_13_checkpoints_last_ckptx_3_y_3_z_3_average_threshold_0_25_prediction_peak_min_val_0_5_method_max_filter.resampled_space_peaks_results.pickle
P_robisoni_FEG200205_105-image.logs_paraphronima_corneas_lightning_logs_version_13_checkpoints_last_ckptx_3_y_3_z_3_average_threshold_0_5_prediction_peak_min_val_0_25_method_center_of_mass,./analysis_output/P_robisoni_FEG200205_105-image.logs_paraphronima_corneas_lightning_logs_version_13_checkpoints_last_ckptx_3_y_3_z_3_average_threshold_0_5_prediction_peak_min_val_0_25_method_center_of_mass.resampled_space_peaks_results.pickle
Paraphronima_FEG181024_head_sp_8_1423158-image.logs_paraphronima_corneas_lightning_logs_version_13_checkpoints_last_ckptx_3_y_3_z_3_average_threshold_0_25_prediction_peak_min_val_0_5_method_center_of_mass,./analysis_output/Paraphronima_FEG181024_head_sp_8_1423158-image.logs_paraphronima_corneas_lightning_logs_version_13_checkpoints_last_ckptx_3_y_3_z_3_average_threshold_0_25_prediction_peak_min_val_0_5_method_center_of_mass.resampled_space_peaks_results.pickle
P_crassipes_FEG190801_034_00001_new-image.logs_paraphronima_corneas_lightning_logs_version_13_checkpoints_last_ckptx_3_y_3_z_3_average_threshold_0_5_prediction_peak_min_val_0_25_method_center_of_mass,./analysis_output/P_crassipes_FEG190801_034_00001_new-image.logs_paraphronima_corneas_lightning_logs_version_13_checkpoints_last_ckptx_3_y_3_z_3_average_threshold_0_5_prediction_peak_min_val_0_25_method_center_of_mass.resampled_space_peaks_results.pickle
P_gracilis_FEG190213_003a_head-image.logs_paraphronima_corneas_lightning_logs_version_13_checkpoints_last_ckptx_3_y_3_z_3_average_threshold_None_prediction_peak_min_val_0_25_method_center_of_mass,./analysis_output/P_gracilis_FEG190213_003a_head-image.logs_paraphronima_corneas_lightning_logs_version_13_checkpoints_last_ckptx_3_y_3_z_3_average_threshold_None_prediction_peak_min_val_0_25_method_center_of_mass.resampled_space_peaks_results.pickle
P_robisoni_FEG200205_105-image.logs_paraphronima_corneas_lightning_logs_version_13_checkpoints_last_ckptx_3_y_3_z_3_average_threshold_0_5_prediction_peak_min_val_0_5_method_max_filter,./analysis_output/P_robisoni_FEG200205_105-image.logs_paraphronima_corneas_lightning_logs_version_13_checkpoints_last_ckptx_3_y_3_z_3_average_threshold_0_5_prediction_peak_min_val_0_5_method_max_filter.resampled_space_peaks_results.pickle
Paraphronima_FEG181024_head_sp_8_1423158-image.logs_paraphronima_corneas_lightning_logs_version_13_checkpoints_last_ckptx_3_y_3_z_3_average_threshold_0_5_prediction_peak_min_val_0_25_method_max_filter,./analysis_output/Paraphronima_FEG181024_head_sp_8_1423158-image.logs_paraphronima_corneas_lightning_logs_version_13_checkpoints_last_ckptx_3_y_3_z_3_average_threshold_0_5_prediction_peak_min_val_0_25_method_max_filter.resampled_space_peaks_results.pickle
P_robisoni_FEG200205_105-image.logs_paraphronima_corneas_lightning_logs_version_13_checkpoints_last_ckptx_3_y_3_z_3_average_threshold_0_25_prediction_peak_min_val_0_5_method_center_of_mass,./analysis_output/P_robisoni_FEG200205_105-image.logs_paraphronima_corneas_lightning_logs_version_13_checkpoints_last_ckptx_3_y_3_z_3_average_threshold_0_25_prediction_peak_min_val_0_5_method_center_of_mass.resampled_space_peaks_results.pickle
P_crassipes_FEG191022_077A-image.logs_paraphronima_rhabdoms_lightning_logs_version_26_checkpoints_last_ckptx_3_y_3_z_3_average_threshold_0_25_prediction_peak_min_val_0_25_method_max_filter,./analysis_output/P_crassipes_FEG191022_077A-image.logs_paraphronima_rhabdoms_lightning_logs_version_26_checkpoints_last_ckptx_3_y_3_z_3_average_threshold_0_25_prediction_peak_min_val_0_25_method_max_filter.resampled_space_peaks_results.pickle
FEG200205_108_crop-image.logs_paraphronima_rhabdoms_lightning_logs_version_26_checkpoints_last_ckptx_3_y_3_z_3_average_threshold_None_prediction_peak_min_val_0_25_method_max_filter,./analysis_output/FEG200205_108_crop-image.logs_paraphronima_rhabdoms_lightning_logs_version_26_checkpoints_last_ckptx_3_y_3_z_3_average_threshold_None_prediction_peak_min_val_0_25_method_max_filter.resampled_space_peaks_results.pickle
FEG200205_108_crop-image.logs_paraphronima_rhabdoms_lightning_logs_version_26_checkpoints_last_ckptx_3_y_3_z_3_average_threshold_None_prediction_peak_min_val_0_5_method_max_filter,./analysis_output/FEG200205_108_crop-image.logs_paraphronima_rhabdoms_lightning_logs_version_26_checkpoints_last_ckptx_3_y_3_z_3_average_threshold_None_prediction_peak_min_val_0_5_method_max_filter.resampled_space_peaks_results.pickle
P_crassipes_FEG191022_077A-image.logs_paraphronima_rhabdoms_whole_scans_lightning_logs_version_1_checkpoints_last_ckptx_3_y_3_z_3_average_threshold_0_25_prediction_peak_min_val_0_5_method_center_of_mass,./analysis_output/P_crassipes_FEG191022_077A-image.logs_paraphronima_rhabdoms_whole_scans_lightning_logs_version_1_checkpoints_last_ckptx_3_y_3_z_3_average_threshold_0_25_prediction_peak_min_val_0_5_method_center_of_mass.resampled_space_peaks_results.pickle
P_crassipes_FEG200129_099-image.logs_paraphronima_rhabdoms_whole_scans_lightning_logs_version_1_checkpoints_last_ckptx_3_y_3_z_3_average_threshold_0_5_prediction_peak_min_val_0_5_method_max_filter,./analysis_output/P_crassipes_FEG200129_099-image.logs_paraphronima_rhabdoms_whole_scans_lightning_logs_version_1_checkpoints_last_ckptx_3_y_3_z_3_average_threshold_0_5_prediction_peak_min_val_0_5_method_max_filter.resampled_space_peaks_results.pickle
P_crassipes_FEG191022_077A-image.logs_paraphronima_rhabdoms_whole_scans_lightning_logs_version_1_checkpoints_last_ckptx_3_y_3_z_3_average_threshold_0_25_prediction_peak_min_val_0_5_method_max_filter,./analysis_output/P_crassipes_FEG191022_077A-image.logs_paraphronima_rhabdoms_whole_scans_lightning_logs_version_1_checkpoints_last_ckptx_3_y_3_z_3_average_threshold_0_25_prediction_peak_min_val_0_5_method_max_filter.resampled_space_peaks_results.pickle
P_crassipes_FEG200129_099-image.logs_paraphronima_rhabdoms_whole_scans_lightning_logs_version_1_checkpoints_last_ckptx_3_y_3_z_3_average_threshold_0_25_prediction_peak_min_val_0_5_method_max_filter,./analysis_output/P_crassipes_FEG200129_099-image.logs_paraphronima_rhabdoms_whole_scans_lightning_logs_version_1_checkpoints_last_ckptx_3_y_3_z_3_average_threshold_0_25_prediction_peak_min_val_0_5_method_max_filter.resampled_space_peaks_results.pickle
FEG200205_108_crop-image.logs_paraphronima_rhabdoms_whole_scans_lightning_logs_version_1_checkpoints_last_ckptx_3_y_3_z_3_average_threshold_0_5_prediction_peak_min_val_0_25_method_center_of_mass,./analysis_output/FEG200205_108_crop-image.logs_paraphronima_rhabdoms_whole_scans_lightning_logs_version_1_checkpoints_last_ckptx_3_y_3_z_3_average_threshold_0_5_prediction_peak_min_val_0_25_method_center_of_mass.resampled_space_peaks_results.pickle
FEG200205_108_crop-image.logs_paraphronima_rhabdoms_whole_scans_lightning_logs_version_1_checkpoints_last_ckptx_3_y_3_z_3_average_threshold_0_5_prediction_peak_min_val_0_5_method_center_of_mass,./analysis_output/FEG200205_108_crop-image.logs_paraphronima_rhabdoms_whole_scans_lightning_logs_version_1_checkpoints_last_ckptx_3_y_3_z_3_average_threshold_0_5_prediction_peak_min_val_0_5_method_center_of_mass.resampled_space_peaks_results.pickle
FEG200205_108_crop-image.logs_paraphronima_rhabdoms_whole_scans_lightning_logs_version_1_checkpoints_last_ckptx_3_y_3_z_3_average_threshold_0_5_prediction_peak_min_val_0_25_method_max_filter,./analysis_output/FEG200205_108_crop-image.logs_paraphronima_rhabdoms_whole_scans_lightning_logs_version_1_checkpoints_last_ckptx_3_y_3_z_3_average_threshold_0_5_prediction_peak_min_val_0_25_method_max_filter.resampled_space_peaks_results.pickle
Paraphronima_FEG181024_head_sp_8_1423158-image.logs_paraphronima_corneas_without_elastic_deformation_lightning_logs_version_2_checkpoints_last_x_3_y_3_z_3_average_threshold_0.5_prediction_peak_min_val_0_25_method_max_filter,./analysis_output/Paraphronima_FEG181024_head_sp_8_1423158-image.logs_paraphronima_corneas_without_elastic_deformation_lightning_logs_version_2_checkpoints_last_x_3_y_3_z_3_average_threshold_0.5_prediction_peak_min_val_0_25_method_max_filter.resampled_space__results.pickle
P_gracilis_FEG190213_003a_head-image.logs_paraphronima_corneas_without_elastic_deformation_lightning_logs_version_2_checkpoints_last_ckptx_3_y_3_z_3_average_threshold_0_5_prediction_peak_min_val_0_5_method_max_filter,./analysis_output/P_gracilis_FEG190213_003a_head-image.logs_paraphronima_corneas_without_elastic_deformation_lightning_logs_version_2_checkpoints_last_ckptx_3_y_3_z_3_average_threshold_0_5_prediction_peak_min_val_0_5_method_max_filter.resampled_space_peaks_results.pickle
P_crassipes_FEG190801_034_00001_new-image.logs_paraphronima_corneas_without_elastic_deformation_lightning_logs_version_2_checkpoints_last_ckptx_3_y_3_z_3_average_threshold_None_prediction_peak_min_val_0_5_method_center_of_mass,./analysis_output/P_crassipes_FEG190801_034_00001_new-image.logs_paraphronima_corneas_without_elastic_deformation_lightning_logs_version_2_checkpoints_last_ckptx_3_y_3_z_3_average_threshold_None_prediction_peak_min_val_0_5_method_center_of_mass.resampled_spa_results.pickle
P_crassipes_FEG190801_034_00001_new-image.logs_paraphronima_corneas_without_elastic_deformation_lightning_logs_version_2_checkpoints_last_x_3_y_3_z_3_average_threshold_0.5_prediction_peak_min_val_0_5_method_max_filter,./analysis_output/P_crassipes_FEG190801_034_00001_new-image.logs_paraphronima_corneas_without_elastic_deformation_lightning_logs_version_2_checkpoints_last_x_3_y_3_z_3_average_threshold_0.5_prediction_peak_min_val_0_5_method_max_filter.resampled_space_peaks_results.pickle
P_crassipes_FEG190801_034_00001_new-image.logs_paraphronima_corneas_without_elastic_deformation_lightning_logs_version_2_checkpoints_last_ckptx_3_y_3_z_3_average_threshold_None_prediction_peak_min_val_0_5_method_max_filter,./analysis_output/P_crassipes_FEG190801_034_00001_new-image.logs_paraphronima_corneas_without_elastic_deformation_lightning_logs_version_2_checkpoints_last_ckptx_3_y_3_z_3_average_threshold_None_prediction_peak_min_val_0_5_method_max_filter.resampled_space_p_results.pickle
Paraphronima_FEG181024_head_sp_8_1423158-image.logs_paraphronima_corneas_without_elastic_deformation_lightning_logs_version_2_checkpoints_last_ckptx_3_y_3_z_3_average_threshold_0_5_prediction_peak_min_val_0_25_method_max_filter,./analysis_output/Paraphronima_FEG181024_head_sp_8_1423158-image.logs_paraphronima_corneas_without_elastic_deformation_lightning_logs_version_2_checkpoints_last_ckptx_3_y_3_z_3_average_threshold_0_5_prediction_peak_min_val_0_25_method_max_filter.resampled_sp_results.pickle
P_crassipes_FEG190213_003b_02_head-image.logs_paraphronima_corneas_without_elastic_deformation_lightning_logs_version_2_checkpoints_last_ckptx_3_y_3_z_3_average_threshold_0_5_prediction_peak_min_val_0_25_method_max_filter,./analysis_output/P_crassipes_FEG190213_003b_02_head-image.logs_paraphronima_corneas_without_elastic_deformation_lightning_logs_version_2_checkpoints_last_ckptx_3_y_3_z_3_average_threshold_0_5_prediction_peak_min_val_0_25_method_max_filter.resampled_space_pe_results.pickle
Paraphronima_FEG181024_head_sp_8_1423158-image.logs_paraphronima_corneas_without_elastic_deformation_lightning_logs_version_2_checkpoints_last_ckptx_3_y_3_z_3_average_threshold_0_25_prediction_peak_min_val_0_25_method_max_filter,./analysis_output/Paraphronima_FEG181024_head_sp_8_1423158-image.logs_paraphronima_corneas_without_elastic_deformation_lightning_logs_version_2_checkpoints_last_ckptx_3_y_3_z_3_average_threshold_0_25_prediction_peak_min_val_0_25_method_max_filter.resampled_s_results.pickle
Paraphronima_FEG181024_head_sp_8_1423158-image.logs_paraphronima_corneas_without_elastic_deformation_lightning_logs_version_2_checkpoints_last_ckptx_3_y_3_z_3_average_threshold_None_prediction_peak_min_val_0_5_method_max_filter,./analysis_output/Paraphronima_FEG181024_head_sp_8_1423158-image.logs_paraphronima_corneas_without_elastic_deformation_lightning_logs_version_2_checkpoints_last_ckptx_3_y_3_z_3_average_threshold_None_prediction_peak_min_val_0_5_method_max_filter.resampled_sp_results.pickle
P_robisoni_FEG200205_105-image.logs_paraphronima_corneas_without_elastic_deformation_lightning_logs_version_2_checkpoints_last_x_3_y_3_z_3_average_threshold_0.25_prediction_peak_min_val_0_5_method_center_of_mass,./analysis_output/P_robisoni_FEG200205_105-image.logs_paraphronima_corneas_without_elastic_deformation_lightning_logs_version_2_checkpoints_last_x_3_y_3_z_3_average_threshold_0.25_prediction_peak_min_val_0_5_method_center_of_mass.resampled_space_peaks_results.pickle
P_crassipes_FEG190801_034_00001_new-image.logs_paraphronima_corneas_without_elastic_deformation_lightning_logs_version_2_checkpoints_last_x_3_y_3_z_3_average_threshold_0.5_prediction_peak_min_val_0_25_method_center_of_mass,./analysis_output/P_crassipes_FEG190801_034_00001_new-image.logs_paraphronima_corneas_without_elastic_deformation_lightning_logs_version_2_checkpoints_last_x_3_y_3_z_3_average_threshold_0.5_prediction_peak_min_val_0_25_method_center_of_mass.resampled_space_p_results.pickle
P_gracilis_FEG190213_003a_head-image.logs_paraphronima_corneas_without_elastic_deformation_lightning_logs_version_2_checkpoints_last_x_3_y_3_z_3_average_threshold_0.25_prediction_peak_min_val_0_5_method_center_of_mass,./analysis_output/P_gracilis_FEG190213_003a_head-image.logs_paraphronima_corneas_without_elastic_deformation_lightning_logs_version_2_checkpoints_last_x_3_y_3_z_3_average_threshold_0.25_prediction_peak_min_val_0_5_method_center_of_mass.resampled_space_peaks_results.pickle
P_robisoni_FEG200205_105-image.logs_paraphronima_corneas_without_elastic_deformation_lightning_logs_version_2_checkpoints_last_x_3_y_3_z_3_average_threshold_0.5_prediction_peak_min_val_0_25_method_max_filter,./analysis_output/P_robisoni_FEG200205_105-image.logs_paraphronima_corneas_without_elastic_deformation_lightning_logs_version_2_checkpoints_last_x_3_y_3_z_3_average_threshold_0.5_prediction_peak_min_val_0_25_method_max_filter.resampled_space_peaks_results.pickle
P_robisoni_FEG200205_105-image.logs_paraphronima_corneas_without_elastic_deformation_lightning_logs_version_2_checkpoints_last_x_3_y_3_z_3_average_threshold_0.5_prediction_peak_min_val_0_5_method_max_filter,./analysis_output/P_robisoni_FEG200205_105-image.logs_paraphronima_corneas_without_elastic_deformation_lightning_logs_version_2_checkpoints_last_x_3_y_3_z_3_average_threshold_0.5_prediction_peak_min_val_0_5_method_max_filter.resampled_space_peaks_results.pickle
P_crassipes_FEG190213_003b_02_head-image.logs_paraphronima_corneas_without_elastic_deformation_lightning_logs_version_2_checkpoints_last_x_3_y_3_z_3_average_threshold_None_prediction_peak_min_val_0_25_method_max_filter,./analysis_output/P_crassipes_FEG190213_003b_02_head-image.logs_paraphronima_corneas_without_elastic_deformation_lightning_logs_version_2_checkpoints_last_x_3_y_3_z_3_average_threshold_None_prediction_peak_min_val_0_25_method_max_filter.resampled_space_peaks_results.pickle
Paraphronima_FEG181024_head_sp_8_1423158-image.logs_paraphronima_corneas_without_elastic_deformation_lightning_logs_version_2_checkpoints_last_x_3_y_3_z_3_average_threshold_0.5_prediction_peak_min_val_0_25_method_center_of_mass,./analysis_output/Paraphronima_FEG181024_head_sp_8_1423158-image.logs_paraphronima_corneas_without_elastic_deformation_lightning_logs_version_2_checkpoints_last_x_3_y_3_z_3_average_threshold_0.5_prediction_peak_min_val_0_25_method_center_of_mass.resampled_sp_results.pickle
P_crassipes_FEG190213_003b_02_head-image.logs_paraphronima_corneas_without_elastic_deformation_lightning_logs_version_2_checkpoints_last_ckptx_3_y_3_z_3_average_threshold_None_prediction_peak_min_val_0_5_method_max_filter,./analysis_output/P_crassipes_FEG190213_003b_02_head-image.logs_paraphronima_corneas_without_elastic_deformation_lightning_logs_version_2_checkpoints_last_ckptx_3_y_3_z_3_average_threshold_None_prediction_peak_min_val_0_5_method_max_filter.resampled_space_pe_results.pickle
P_gracilis_FEG190213_003a_head-image.logs_paraphronima_corneas_without_random_scale_lightning_logs_version_3_checkpoints_last_ckptx_3_y_3_z_3_average_threshold_None_prediction_peak_min_val_0_5_method_center_of_mass,./analysis_output/P_gracilis_FEG190213_003a_head-image.logs_paraphronima_corneas_without_random_scale_lightning_logs_version_3_checkpoints_last_ckptx_3_y_3_z_3_average_threshold_None_prediction_peak_min_val_0_5_method_center_of_mass.resampled_space_peaks_results.pickle
P_crassipes_FEG190801_034_00001_new-image.logs_paraphronima_corneas_without_random_scale_lightning_logs_version_3_checkpoints_last_x_3_y_3_z_3_average_threshold_0.25_prediction_peak_min_val_0_5_method_max_filter,./analysis_output/P_crassipes_FEG190801_034_00001_new-image.logs_paraphronima_corneas_without_random_scale_lightning_logs_version_3_checkpoints_last_x_3_y_3_z_3_average_threshold_0.25_prediction_peak_min_val_0_5_method_max_filter.resampled_space_peaks_results.pickle
P_crassipes_FEG190213_003b_02_head-image.logs_paraphronima_corneas_without_random_scale_lightning_logs_version_3_checkpoints_last_ckptx_3_y_3_z_3_average_threshold_0_25_prediction_peak_min_val_0_25_method_max_filter,./analysis_output/P_crassipes_FEG190213_003b_02_head-image.logs_paraphronima_corneas_without_random_scale_lightning_logs_version_3_checkpoints_last_ckptx_3_y_3_z_3_average_threshold_0_25_prediction_peak_min_val_0_25_method_max_filter.resampled_space_peaks_results.pickle
Paraphronima_FEG181024_head_sp_8_1423158-image.logs_paraphronima_corneas_without_random_scale_lightning_logs_version_3_checkpoints_last_x_3_y_3_z_3_average_threshold_0.5_prediction_peak_min_val_0_5_method_max_filter,./analysis_output/Paraphronima_FEG181024_head_sp_8_1423158-image.logs_paraphronima_corneas_without_random_scale_lightning_logs_version_3_checkpoints_last_x_3_y_3_z_3_average_threshold_0.5_prediction_peak_min_val_0_5_method_max_filter.resampled_space_peaks_results.pickle
P_crassipes_FEG190213_003b_02_head-image.logs_paraphronima_corneas_without_random_scale_lightning_logs_version_3_checkpoints_last_ckptx_3_y_3_z_3_average_threshold_0_5_prediction_peak_min_val_0_25_method_max_filter,./analysis_output/P_crassipes_FEG190213_003b_02_head-image.logs_paraphronima_corneas_without_random_scale_lightning_logs_version_3_checkpoints_last_ckptx_3_y_3_z_3_average_threshold_0_5_prediction_peak_min_val_0_25_method_max_filter.resampled_space_peaks_results.pickle
Paraphronima_FEG181024_head_sp_8_1423158-image.logs_paraphronima_corneas_without_random_scale_lightning_logs_version_3_checkpoints_last_ckptx_3_y_3_z_3_average_threshold_0_25_prediction_peak_min_val_0_25_method_center_of_mass,./analysis_output/Paraphronima_FEG181024_head_sp_8_1423158-image.logs_paraphronima_corneas_without_random_scale_lightning_logs_version_3_checkpoints_last_ckptx_3_y_3_z_3_average_threshold_0_25_prediction_peak_min_val_0_25_method_center_of_mass.resampled_spac_results.pickle
P_robisoni_FEG200205_105-image.logs_paraphronima_corneas_without_random_scale_lightning_logs_version_3_checkpoints_last_x_3_y_3_z_3_average_threshold_None_prediction_peak_min_val_0_5_method_max_filter,./analysis_output/P_robisoni_FEG200205_105-image.logs_paraphronima_corneas_without_random_scale_lightning_logs_version_3_checkpoints_last_x_3_y_3_z_3_average_threshold_None_prediction_peak_min_val_0_5_method_max_filter.resampled_space_peaks_results.pickle
P_gracilis_FEG190213_003a_head-image.logs_paraphronima_corneas_without_random_scale_lightning_logs_version_3_checkpoints_last_ckptx_3_y_3_z_3_average_threshold_0_25_prediction_peak_min_val_0_5_method_max_filter,./analysis_output/P_gracilis_FEG190213_003a_head-image.logs_paraphronima_corneas_without_random_scale_lightning_logs_version_3_checkpoints_last_ckptx_3_y_3_z_3_average_threshold_0_25_prediction_peak_min_val_0_5_method_max_filter.resampled_space_peaks_results.pickle
P_robisoni_FEG200205_105-image.logs_paraphronima_corneas_without_random_scale_lightning_logs_version_3_checkpoints_last_ckptx_3_y_3_z_3_average_threshold_0_5_prediction_peak_min_val_0_5_method_center_of_mass,./analysis_output/P_robisoni_FEG200205_105-image.logs_paraphronima_corneas_without_random_scale_lightning_logs_version_3_checkpoints_last_ckptx_3_y_3_z_3_average_threshold_0_5_prediction_peak_min_val_0_5_method_center_of_mass.resampled_space_peaks_results.pickle
P_robisoni_FEG200205_105-image.logs_paraphronima_corneas_without_random_scale_lightning_logs_version_3_checkpoints_last_ckptx_3_y_3_z_3_average_threshold_0_5_prediction_peak_min_val_0_5_method_max_filter,./analysis_output/P_robisoni_FEG200205_105-image.logs_paraphronima_corneas_without_random_scale_lightning_logs_version_3_checkpoints_last_ckptx_3_y_3_z_3_average_threshold_0_5_prediction_peak_min_val_0_5_method_max_filter.resampled_space_peaks_results.pickle
P_robisoni_FEG200205_105-image.logs_paraphronima_corneas_without_random_scale_lightning_logs_version_3_checkpoints_last_ckptx_3_y_3_z_3_average_threshold_0_5_prediction_peak_min_val_0_25_method_max_filter,./analysis_output/P_robisoni_FEG200205_105-image.logs_paraphronima_corneas_without_random_scale_lightning_logs_version_3_checkpoints_last_ckptx_3_y_3_z_3_average_threshold_0_5_prediction_peak_min_val_0_25_method_max_filter.resampled_space_peaks_results.pickle
P_crassipes_FEG190801_034_00001_new-image.logs_paraphronima_corneas_without_random_scale_lightning_logs_version_3_checkpoints_last_ckptx_3_y_3_z_3_average_threshold_None_prediction_peak_min_val_0_25_method_max_filter,./analysis_output/P_crassipes_FEG190801_034_00001_new-image.logs_paraphronima_corneas_without_random_scale_lightning_logs_version_3_checkpoints_last_ckptx_3_y_3_z_3_average_threshold_None_prediction_peak_min_val_0_25_method_max_filter.resampled_space_peaks_results.pickle
P_crassipes_FEG190801_034_00001_new-image.logs_paraphronima_corneas_without_random_rotation_lightning_logs_version_1_checkpoints_last_ckptx_3_y_3_z_3_average_threshold_0_25_prediction_peak_min_val_0_25_method_center_of_mass,./analysis_output/P_crassipes_FEG190801_034_00001_new-image.logs_paraphronima_corneas_without_random_rotation_lightning_logs_version_1_checkpoints_last_ckptx_3_y_3_z_3_average_threshold_0_25_prediction_peak_min_val_0_25_method_center_of_mass.resampled_space__results.pickle
Paraphronima_FEG181024_head_sp_8_1423158-image.logs_paraphronima_corneas_without_random_rotation_lightning_logs_version_1_checkpoints_last_ckptx_3_y_3_z_3_average_threshold_None_prediction_peak_min_val_0_25_method_center_of_mass,./analysis_output/Paraphronima_FEG181024_head_sp_8_1423158-image.logs_paraphronima_corneas_without_random_rotation_lightning_logs_version_1_checkpoints_last_ckptx_3_y_3_z_3_average_threshold_None_prediction_peak_min_val_0_25_method_center_of_mass.resampled_s_results.pickle
P_gracilis_FEG190213_003a_head-image.logs_paraphronima_corneas_without_random_rotation_lightning_logs_version_1_checkpoints_last_x_3_y_3_z_3_average_threshold_None_prediction_peak_min_val_0_5_method_max_filter,./analysis_output/P_gracilis_FEG190213_003a_head-image.logs_paraphronima_corneas_without_random_rotation_lightning_logs_version_1_checkpoints_last_x_3_y_3_z_3_average_threshold_None_prediction_peak_min_val_0_5_method_max_filter.resampled_space_peaks_results.pickle
P_crassipes_FEG190801_034_00001_new-image.logs_paraphronima_corneas_without_random_rotation_lightning_logs_version_1_checkpoints_last_ckptx_3_y_3_z_3_average_threshold_None_prediction_peak_min_val_0_25_method_max_filter,./analysis_output/P_crassipes_FEG190801_034_00001_new-image.logs_paraphronima_corneas_without_random_rotation_lightning_logs_version_1_checkpoints_last_ckptx_3_y_3_z_3_average_threshold_None_prediction_peak_min_val_0_25_method_max_filter.resampled_space_peak_results.pickle
Paraphronima_FEG181024_head_sp_8_1423158-image.logs_paraphronima_corneas_without_random_rotation_lightning_logs_version_1_checkpoints_last_ckptx_3_y_3_z_3_average_threshold_0_5_prediction_peak_min_val_0_25_method_center_of_mass,./analysis_output/Paraphronima_FEG181024_head_sp_8_1423158-image.logs_paraphronima_corneas_without_random_rotation_lightning_logs_version_1_checkpoints_last_ckptx_3_y_3_z_3_average_threshold_0_5_prediction_peak_min_val_0_25_method_center_of_mass.resampled_sp_results.pickle
Paraphronima_FEG181024_head_sp_8_1423158-image.logs_paraphronima_corneas_without_random_rotation_lightning_logs_version_1_checkpoints_last_ckptx_3_y_3_z_3_average_threshold_0_25_prediction_peak_min_val_0_25_method_max_filter,./analysis_output/Paraphronima_FEG181024_head_sp_8_1423158-image.logs_paraphronima_corneas_without_random_rotation_lightning_logs_version_1_checkpoints_last_ckptx_3_y_3_z_3_average_threshold_0_25_prediction_peak_min_val_0_25_method_max_filter.resampled_space_results.pickle
P_crassipes_FEG190213_003b_02_head-image.logs_paraphronima_corneas_without_random_rotation_lightning_logs_version_1_checkpoints_last_ckptx_3_y_3_z_3_average_threshold_None_prediction_peak_min_val_0_5_method_center_of_mass,./analysis_output/P_crassipes_FEG190213_003b_02_head-image.logs_paraphronima_corneas_without_random_rotation_lightning_logs_version_1_checkpoints_last_ckptx_3_y_3_z_3_average_threshold_None_prediction_peak_min_val_0_5_method_center_of_mass.resampled_space_pe_results.pickle
P_gracilis_FEG190213_003a_head-image.logs_paraphronima_corneas_without_random_rotation_lightning_logs_version_1_checkpoints_last_ckptx_3_y_3_z_3_average_threshold_0_25_prediction_peak_min_val_0_25_method_center_of_mass,./analysis_output/P_gracilis_FEG190213_003a_head-image.logs_paraphronima_corneas_without_random_rotation_lightning_logs_version_1_checkpoints_last_ckptx_3_y_3_z_3_average_threshold_0_25_prediction_peak_min_val_0_25_method_center_of_mass.resampled_space_peaks_results.pickle
P_crassipes_FEG190801_034_00001_new-image.logs_paraphronima_corneas_without_random_rotation_lightning_logs_version_1_checkpoints_last_ckptx_3_y_3_z_3_average_threshold_0_5_prediction_peak_min_val_0_25_method_center_of_mass,./analysis_output/P_crassipes_FEG190801_034_00001_new-image.logs_paraphronima_corneas_without_random_rotation_lightning_logs_version_1_checkpoints_last_ckptx_3_y_3_z_3_average_threshold_0_5_prediction_peak_min_val_0_25_method_center_of_mass.resampled_space_p_results.pickle
P_robisoni_FEG200205_105-image.logs_paraphronima_corneas_without_random_rotation_lightning_logs_version_1_checkpoints_last_ckptx_3_y_3_z_3_average_threshold_0_5_prediction_peak_min_val_0_5_method_max_filter,./analysis_output/P_robisoni_FEG200205_105-image.logs_paraphronima_corneas_without_random_rotation_lightning_logs_version_1_checkpoints_last_ckptx_3_y_3_z_3_average_threshold_0_5_prediction_peak_min_val_0_5_method_max_filter.resampled_space_peaks_results.pickle
P_crassipes_FEG190801_034_00001_new-image.logs_paraphronima_corneas_without_random_rotation_lightning_logs_version_1_checkpoints_last_ckptx_3_y_3_z_3_average_threshold_0_25_prediction_peak_min_val_0_5_method_max_filter,./analysis_output/P_crassipes_FEG190801_034_00001_new-image.logs_paraphronima_corneas_without_random_rotation_lightning_logs_version_1_checkpoints_last_ckptx_3_y_3_z_3_average_threshold_0_25_prediction_peak_min_val_0_5_method_max_filter.resampled_space_peaks_results.pickle
P_robisoni_FEG200205_105-image.logs_paraphronima_corneas_without_random_rotation_lightning_logs_version_1_checkpoints_last_x_3_y_3_z_3_average_threshold_None_prediction_peak_min_val_0_5_method_max_filter,./analysis_output/P_robisoni_FEG200205_105-image.logs_paraphronima_corneas_without_random_rotation_lightning_logs_version_1_checkpoints_last_x_3_y_3_z_3_average_threshold_None_prediction_peak_min_val_0_5_method_max_filter.resampled_space_peaks_results.pickle
Paraphronima_FEG181024_head_sp_8_1423158-image.logs_paraphronima_corneas_without_random_rotation_lightning_logs_version_1_checkpoints_last_ckptx_3_y_3_z_3_average_threshold_None_prediction_peak_min_val_0_5_method_center_of_mass,./analysis_output/Paraphronima_FEG181024_head_sp_8_1423158-image.logs_paraphronima_corneas_without_random_rotation_lightning_logs_version_1_checkpoints_last_ckptx_3_y_3_z_3_average_threshold_None_prediction_peak_min_val_0_5_method_center_of_mass.resampled_sp_results.pickle
Paraphronima_FEG181024_head_sp_8_1423158-image.logs_paraphronima_corneas_without_random_rotation_lightning_logs_version_1_checkpoints_last_ckptx_3_y_3_z_3_average_threshold_0_25_prediction_peak_min_val_0_5_method_max_filter,./analysis_output/Paraphronima_FEG181024_head_sp_8_1423158-image.logs_paraphronima_corneas_without_random_rotation_lightning_logs_version_1_checkpoints_last_ckptx_3_y_3_z_3_average_threshold_0_25_prediction_peak_min_val_0_5_method_max_filter.resampled_space__results.pickle
P_robisoni_FEG200205_105-image.logs_paraphronima_corneas_without_random_rotation_lightning_logs_version_1_checkpoints_last_ckptx_3_y_3_z_3_average_threshold_None_prediction_peak_min_val_0_5_method_center_of_mass,./analysis_output/P_robisoni_FEG200205_105-image.logs_paraphronima_corneas_without_random_rotation_lightning_logs_version_1_checkpoints_last_ckptx_3_y_3_z_3_average_threshold_None_prediction_peak_min_val_0_5_method_center_of_mass.resampled_space_peaks_results.pickle
P_crassipes_FEG190801_034_00001_new-image.logs_paraphronima_corneas_without_random_rotation_lightning_logs_version_1_checkpoints_last_ckptx_3_y_3_z_3_average_threshold_0_5_prediction_peak_min_val_0_5_method_center_of_mass,./analysis_output/P_crassipes_FEG190801_034_00001_new-image.logs_paraphronima_corneas_without_random_rotation_lightning_logs_version_1_checkpoints_last_ckptx_3_y_3_z_3_average_threshold_0_5_prediction_peak_min_val_0_5_method_center_of_mass.resampled_space_pe_results.pickle
P_robisoni_FEG200205_105-image.logs_paraphronima_corneas_without_random_rotation_lightning_logs_version_1_checkpoints_last_x_3_y_3_z_3_average_threshold_None_prediction_peak_min_val_0_5_method_center_of_mass,./analysis_output/P_robisoni_FEG200205_105-image.logs_paraphronima_corneas_without_random_rotation_lightning_logs_version_1_checkpoints_last_x_3_y_3_z_3_average_threshold_None_prediction_peak_min_val_0_5_method_center_of_mass.resampled_space_peaks_results.pickle
P_robisoni_FEG200205_105-image.logs_paraphronima_corneas_without_random_rotation_lightning_logs_version_1_checkpoints_last_x_3_y_3_z_3_average_threshold_0.25_prediction_peak_min_val_0_25_method_center_of_mass,./analysis_output/P_robisoni_FEG200205_105-image.logs_paraphronima_corneas_without_random_rotation_lightning_logs_version_1_checkpoints_last_x_3_y_3_z_3_average_threshold_0.25_prediction_peak_min_val_0_25_method_center_of_mass.resampled_space_peaks_results.pickle
P_gracilis_FEG190213_003a_head-image.logs_paraphronima_corneas_without_random_rotation_lightning_logs_version_1_checkpoints_last_ckptx_3_y_3_z_3_average_threshold_0_25_prediction_peak_min_val_0_5_method_max_filter,./analysis_output/P_gracilis_FEG190213_003a_head-image.logs_paraphronima_corneas_without_random_rotation_lightning_logs_version_1_checkpoints_last_ckptx_3_y_3_z_3_average_threshold_0_25_prediction_peak_min_val_0_5_method_max_filter.resampled_space_peaks_results.pickle
P_robisoni_FEG200205_105-image.logs_paraphronima_corneas_without_random_rotation_lightning_logs_version_1_checkpoints_last_x_3_y_3_z_3_average_threshold_None_prediction_peak_min_val_0_25_method_max_filter,./analysis_output/P_robisoni_FEG200205_105-image.logs_paraphronima_corneas_without_random_rotation_lightning_logs_version_1_checkpoints_last_x_3_y_3_z_3_average_threshold_None_prediction_peak_min_val_0_25_method_max_filter.resampled_space_peaks_results.pickle
P_robisoni_FEG200205_105-image.logs_paraphronima_corneas_without_random_rotation_lightning_logs_version_1_checkpoints_last_x_3_y_3_z_3_average_threshold_0.25_prediction_peak_min_val_0_5_method_max_filter,./analysis_output/P_robisoni_FEG200205_105-image.logs_paraphronima_corneas_without_random_rotation_lightning_logs_version_1_checkpoints_last_x_3_y_3_z_3_average_threshold_0.25_prediction_peak_min_val_0_5_method_max_filter.resampled_space_peaks_results.pickle
P_crassipes_FEG190801_034_00001_new-image.logs_paraphronima_corneas_without_random_rotation_lightning_logs_version_1_checkpoints_last_ckptx_3_y_3_z_3_average_threshold_0_25_prediction_peak_min_val_0_25_method_max_filter,./analysis_output/P_crassipes_FEG190801_034_00001_new-image.logs_paraphronima_corneas_without_random_rotation_lightning_logs_version_1_checkpoints_last_ckptx_3_y_3_z_3_average_threshold_0_25_prediction_peak_min_val_0_25_method_max_filter.resampled_space_peak_results.pickle
P_gracilis_FEG190213_003a_head-image.logs_paraphronima_corneas_without_random_rotation_lightning_logs_version_1_checkpoints_last_ckptx_3_y_3_z_3_average_threshold_None_prediction_peak_min_val_0_25_method_max_filter,./analysis_output/P_gracilis_FEG190213_003a_head-image.logs_paraphronima_corneas_without_random_rotation_lightning_logs_version_1_checkpoints_last_ckptx_3_y_3_z_3_average_threshold_None_prediction_peak_min_val_0_25_method_max_filter.resampled_space_peaks_results.pickle
Paraphronima_FEG181024_head_sp_8_1423158-image.logs_paraphronima_corneas_without_random_rotation_lightning_logs_version_1_checkpoints_last_x_3_y_3_z_3_average_threshold_None_prediction_peak_min_val_0_5_method_max_filter,./analysis_output/Paraphronima_FEG181024_head_sp_8_1423158-image.logs_paraphronima_corneas_without_random_rotation_lightning_logs_version_1_checkpoints_last_x_3_y_3_z_3_average_threshold_None_prediction_peak_min_val_0_5_method_max_filter.resampled_space_peak_results.pickle
P_robisoni_FEG200205_105-image.logs_paraphronima_corneas_without_random_rotation_lightning_logs_version_1_checkpoints_last_x_3_y_3_z_3_average_threshold_0.25_prediction_peak_min_val_0_25_method_max_filter,./analysis_output/P_robisoni_FEG200205_105-image.logs_paraphronima_corneas_without_random_rotation_lightning_logs_version_1_checkpoints_last_x_3_y_3_z_3_average_threshold_0.25_prediction_peak_min_val_0_25_method_max_filter.resampled_space_peaks_results.pickle
P_crassipes_FEG190213_003b_02_head-image.logs_paraphronima_corneas_without_random_rotation_lightning_logs_version_1_checkpoints_last_ckptx_3_y_3_z_3_average_threshold_None_prediction_peak_min_val_0_25_method_max_filter,./analysis_output/P_crassipes_FEG190213_003b_02_head-image.logs_paraphronima_corneas_without_random_rotation_lightning_logs_version_1_checkpoints_last_ckptx_3_y_3_z_3_average_threshold_None_prediction_peak_min_val_0_25_method_max_filter.resampled_space_peaks_results.pickle
Paraphronima_FEG181024_head_sp_8_1423158-image.logs_paraphronima_corneas_without_random_rotation_lightning_logs_version_1_checkpoints_last_x_3_y_3_z_3_average_threshold_0.25_prediction_peak_min_val_0_25_method_max_filter,./analysis_output/Paraphronima_FEG181024_head_sp_8_1423158-image.logs_paraphronima_corneas_without_random_rotation_lightning_logs_version_1_checkpoints_last_x_3_y_3_z_3_average_threshold_0.25_prediction_peak_min_val_0_25_method_max_filter.resampled_space_pea_results.pickle
Paraphronima_FEG181024_head_sp_8_1423158-image.logs_paraphronima_corneas_without_random_rotation_lightning_logs_version_1_checkpoints_last_ckptx_3_y_3_z_3_average_threshold_0_5_prediction_peak_min_val_0_25_method_max_filter,./analysis_output/Paraphronima_FEG181024_head_sp_8_1423158-image.logs_paraphronima_corneas_without_random_rotation_lightning_logs_version_1_checkpoints_last_ckptx_3_y_3_z_3_average_threshold_0_5_prediction_peak_min_val_0_25_method_max_filter.resampled_space__results.pickle
P_crassipes_FEG190801_034_00001_new-image.logs_paraphronima_corneas_without_random_rotation_lightning_logs_version_1_checkpoints_last_x_3_y_3_z_3_average_threshold_None_prediction_peak_min_val_0_5_method_max_filter,./analysis_output/P_crassipes_FEG190801_034_00001_new-image.logs_paraphronima_corneas_without_random_rotation_lightning_logs_version_1_checkpoints_last_x_3_y_3_z_3_average_threshold_None_prediction_peak_min_val_0_5_method_max_filter.resampled_space_peaks_results.pickle
P_robisoni_FEG200205_105-image.logs_paraphronima_corneas_without_random_rotation_lightning_logs_version_1_checkpoints_last_ckptx_3_y_3_z_3_average_threshold_0_25_prediction_peak_min_val_0_25_method_max_filter,./analysis_output/P_robisoni_FEG200205_105-image.logs_paraphronima_corneas_without_random_rotation_lightning_logs_version_1_checkpoints_last_ckptx_3_y_3_z_3_average_threshold_0_25_prediction_peak_min_val_0_25_method_max_filter.resampled_space_peaks_results.pickle
P_crassipes_FEG190801_034_00001_new-image.logs_paraphronima_corneas_without_random_rotation_lightning_logs_version_1_checkpoints_last_x_3_y_3_z_3_average_threshold_0.5_prediction_peak_min_val_0_5_method_max_filter,./analysis_output/P_crassipes_FEG190801_034_00001_new-image.logs_paraphronima_corneas_without_random_rotation_lightning_logs_version_1_checkpoints_last_x_3_y_3_z_3_average_threshold_0.5_prediction_peak_min_val_0_5_method_max_filter.resampled_space_peaks_results.pickle
P_crassipes_FEG191022_077A-image.logs_paraphronima_rhabdoms_without_random_rotation_lightning_logs_version_2_checkpoints_last_x_3_y_3_z_3_average_threshold_0.25_prediction_peak_min_val_0_25_method_center_of_mass,./analysis_output/P_crassipes_FEG191022_077A-image.logs_paraphronima_rhabdoms_without_random_rotation_lightning_logs_version_2_checkpoints_last_x_3_y_3_z_3_average_threshold_0.25_prediction_peak_min_val_0_25_method_center_of_mass.resampled_space_peaks_results.pickle
flammula_20190925_male_left-image.logs_fiddlercrab_corneas_hist_std_lightning_logs_version_0_checkpoints_last_x_3_y_3_z_3_average_threshold_0.25_prediction_peak_min_val_0_25_method_max_filter,./analysis_output/flammula_20190925_male_left-image.logs_fiddlercrab_corneas_hist_std_lightning_logs_version_0_checkpoints_last_x_3_y_3_z_3_average_threshold_0.25_prediction_peak_min_val_0_25_method_max_filter.resampled_space_peaks_results.pickle
dampieri_male_16-image.logs_fiddlercrab_rhabdoms_hist_std_lightning_logs_version_0_checkpoints_last_x_3_y_3_z_3_average_threshold_0.25_prediction_peak_min_val_0_25_method_center_of_mass,./analysis_output/dampieri_male_16-image.logs_fiddlercrab_rhabdoms_hist_std_lightning_logs_version_0_checkpoints_last_x_3_y_3_z_3_average_threshold_0.25_prediction_peak_min_val_0_25_method_center_of_mass.resampled_space_peaks_results.pickle
FEG200205_108_crop-image.logs_paraphronima_rhabdoms_without_random_rotation_lightning_logs_version_2_checkpoints_last_x_3_y_3_z_3_average_threshold_0.25_prediction_peak_min_val_0_25_method_center_of_mass,./analysis_output/FEG200205_108_crop-image.logs_paraphronima_rhabdoms_without_random_rotation_lightning_logs_version_2_checkpoints_last_x_3_y_3_z_3_average_threshold_0.25_prediction_peak_min_val_0_25_method_center_of_mass.resampled_space_peaks_results.pickle
P_crassipes_FEG191022_077A-image.logs_paraphronima_rhabdoms_without_random_rotation_lightning_logs_version_2_checkpoints_last_x_3_y_3_z_3_average_threshold_None_prediction_peak_min_val_0_5_method_center_of_mass,./analysis_output/P_crassipes_FEG191022_077A-image.logs_paraphronima_rhabdoms_without_random_rotation_lightning_logs_version_2_checkpoints_last_x_3_y_3_z_3_average_threshold_None_prediction_peak_min_val_0_5_method_center_of_mass.resampled_space_peaks_results.pickle
dampieri_male_16-image.logs_fiddlercrab_corneas_without_random_rotation_lightning_logs_version_2_checkpoints_last_x_3_y_3_z_3_average_threshold_0.5_prediction_peak_min_val_0_5_method_center_of_mass,./analysis_output/dampieri_male_16-image.logs_fiddlercrab_corneas_without_random_rotation_lightning_logs_version_2_checkpoints_last_x_3_y_3_z_3_average_threshold_0.5_prediction_peak_min_val_0_5_method_center_of_mass.resampled_space_peaks_results.pickle
flammula_20190925_male_left-image.logs_fiddlercrab_corneas_random_affine_prop_1_lightning_logs_version_0_checkpoints_last_x_3_y_3_z_3_average_threshold_0.5_prediction_peak_min_val_0_5_method_max_filter,./analysis_output/flammula_20190925_male_left-image.logs_fiddlercrab_corneas_random_affine_prop_1_lightning_logs_version_0_checkpoints_last_x_3_y_3_z_3_average_threshold_0.5_prediction_peak_min_val_0_5_method_max_filter.resampled_space_peaks_results.pickle
flammula_20190925_male_left-image.logs_fiddlercrab_corneas_without_elastic_deformation_lightning_logs_version_2_checkpoints_last_x_3_y_3_z_3_average_threshold_None_prediction_peak_min_val_0_5_method_center_of_mass,./analysis_output/flammula_20190925_male_left-image.logs_fiddlercrab_corneas_without_elastic_deformation_lightning_logs_version_2_checkpoints_last_x_3_y_3_z_3_average_threshold_None_prediction_peak_min_val_0_5_method_center_of_mass.resampled_space_peaks_results.pickle
P_crassipes_FEG191022_077A-image.logs_paraphronima_rhabdoms_without_elastic_deformation_lightning_logs_version_2_checkpoints_last_x_3_y_3_z_3_average_threshold_0.25_prediction_peak_min_val_0_25_method_max_filter,./analysis_output/P_crassipes_FEG191022_077A-image.logs_paraphronima_rhabdoms_without_elastic_deformation_lightning_logs_version_2_checkpoints_last_x_3_y_3_z_3_average_threshold_0.25_prediction_peak_min_val_0_25_method_max_filter.resampled_space_peaks_results.pickle
dampieri_male_16-image.logs_fiddlercrab_rhabdoms_hist_std_z_norm_lightning_logs_version_0_checkpoints_last_x_3_y_3_z_3_average_threshold_0.5_prediction_peak_min_val_0_25_method_max_filter,./analysis_output/dampieri_male_16-image.logs_fiddlercrab_rhabdoms_hist_std_z_norm_lightning_logs_version_0_checkpoints_last_x_3_y_3_z_3_average_threshold_0.5_prediction_peak_min_val_0_25_method_max_filter.resampled_space_peaks_results.pickle
flammula_20190925_male_left-image.logs_fiddlercrab_corneas_hist_std_lightning_logs_version_0_checkpoints_last_x_3_y_3_z_3_average_threshold_0.25_prediction_peak_min_val_0_5_method_max_filter,./analysis_output/flammula_20190925_male_left-image.logs_fiddlercrab_corneas_hist_std_lightning_logs_version_0_checkpoints_last_x_3_y_3_z_3_average_threshold_0.25_prediction_peak_min_val_0_5_method_max_filter.resampled_space_peaks_results.pickle
FEG200205_108_crop-image.logs_paraphronima_rhabdoms_lightning_logs_version_23_checkpoints_last_x_3_y_3_z_3_average_threshold_0.5_prediction_peak_min_val_0_25_method_max_filter,./analysis_output/FEG200205_108_crop-image.logs_paraphronima_rhabdoms_lightning_logs_version_23_checkpoints_last_x_3_y_3_z_3_average_threshold_0.5_prediction_peak_min_val_0_25_method_max_filter.resampled_space_peaks_results.pickle
dampieri_male_16-image.logs_fiddlercrab_corneas_without_random_rotation_lightning_logs_version_2_checkpoints_last_x_3_y_3_z_3_average_threshold_0.25_prediction_peak_min_val_0_5_method_max_filter,./analysis_output/dampieri_male_16-image.logs_fiddlercrab_corneas_without_random_rotation_lightning_logs_version_2_checkpoints_last_x_3_y_3_z_3_average_threshold_0.25_prediction_peak_min_val_0_5_method_max_filter.resampled_space_peaks_results.pickle
flammula_20190925_male_left-image.logs_fiddlercrab_rhabdoms_hist_std_lightning_logs_version_0_checkpoints_last_x_3_y_3_z_3_average_threshold_0.25_prediction_peak_min_val_0_5_method_max_filter,./analysis_output/flammula_20190925_male_left-image.logs_fiddlercrab_rhabdoms_hist_std_lightning_logs_version_0_checkpoints_last_x_3_y_3_z_3_average_threshold_0.25_prediction_peak_min_val_0_5_method_max_filter.resampled_space_peaks_results.pickle
dampieri_male_16-image.logs_fiddlercrab_rhabdoms_lightning_logs_version_10_checkpoints_last_x_3_y_3_z_3_average_threshold_None_prediction_peak_min_val_0_25_method_center_of_mass,./analysis_output/dampieri_male_16-image.logs_fiddlercrab_rhabdoms_lightning_logs_version_10_checkpoints_last_x_3_y_3_z_3_average_threshold_None_prediction_peak_min_val_0_25_method_center_of_mass.resampled_space_peaks_results.pickle
P_crassipes_FEG190213_003b_02_head-image.logs_paraphronima_corneas_without_random_rotation_lightning_logs_version_1_checkpoints_last_x_3_y_3_z_3_average_threshold_None_prediction_peak_min_val_0_25_method_max_filter,./analysis_output/P_crassipes_FEG190213_003b_02_head-image.logs_paraphronima_corneas_without_random_rotation_lightning_logs_version_1_checkpoints_last_x_3_y_3_z_3_average_threshold_None_prediction_peak_min_val_0_25_method_max_filter.resampled_space_peaks_results.pickle
dampieri_male_16-image.logs_fiddlercrab_corneas_hist_std_z_norm_lightning_logs_version_0_checkpoints_last_x_3_y_3_z_3_average_threshold_0.25_prediction_peak_min_val_0_5_method_max_filter,./analysis_output/dampieri_male_16-image.logs_fiddlercrab_corneas_hist_std_z_norm_lightning_logs_version_0_checkpoints_last_x_3_y_3_z_3_average_threshold_0.25_prediction_peak_min_val_0_5_method_max_filter.resampled_space_peaks_results.pickle
dampieri_male_16-image.logs_fiddlercrab_rhabdoms_hist_std_lightning_logs_version_0_checkpoints_last_x_3_y_3_z_3_average_threshold_0.25_prediction_peak_min_val_0_25_method_max_filter,./analysis_output/dampieri_male_16-image.logs_fiddlercrab_rhabdoms_hist_std_lightning_logs_version_0_checkpoints_last_x_3_y_3_z_3_average_threshold_0.25_prediction_peak_min_val_0_25_method_max_filter.resampled_space_peaks_results.pickle
P_crassipes_FEG190213_003b_02_head-image.logs_paraphronima_corneas_lightning_logs_version_11_checkpoints_last_x_3_y_3_z_3_average_threshold_None_prediction_peak_min_val_0_25_method_max_filter,./analysis_output/P_crassipes_FEG190213_003b_02_head-image.logs_paraphronima_corneas_lightning_logs_version_11_checkpoints_last_x_3_y_3_z_3_average_threshold_None_prediction_peak_min_val_0_25_method_max_filter.resampled_space_peaks_results.pickle
FEG200205_108_crop-image.logs_paraphronima_rhabdoms_without_target_heatmap_masking_lightning_logs_version_1_checkpoints_last_x_3_y_3_z_3_average_threshold_0.5_prediction_peak_min_val_0_5_method_center_of_mass,./analysis_output/FEG200205_108_crop-image.logs_paraphronima_rhabdoms_without_target_heatmap_masking_lightning_logs_version_1_checkpoints_last_x_3_y_3_z_3_average_threshold_0.5_prediction_peak_min_val_0_5_method_center_of_mass.resampled_space_peaks_results.pickle
dampieri_male_16-image.logs_fiddlercrab_corneas_hist_std_lightning_logs_version_0_checkpoints_last_x_3_y_3_z_3_average_threshold_None_prediction_peak_min_val_0_25_method_center_of_mass,./analysis_output/dampieri_male_16-image.logs_fiddlercrab_corneas_hist_std_lightning_logs_version_0_checkpoints_last_x_3_y_3_z_3_average_threshold_None_prediction_peak_min_val_0_25_method_center_of_mass.resampled_space_peaks_results.pickle
flammula_20190925_male_left-image.logs_fiddlercrab_rhabdoms_with_target_heatmap_masking_lightning_logs_version_2_checkpoints_last_x_3_y_3_z_3_average_threshold_0.25_prediction_peak_min_val_0_5_method_max_filter,./analysis_output/flammula_20190925_male_left-image.logs_fiddlercrab_rhabdoms_with_target_heatmap_masking_lightning_logs_version_2_checkpoints_last_x_3_y_3_z_3_average_threshold_0.25_prediction_peak_min_val_0_5_method_max_filter.resampled_space_peaks_results.pickle
dampieri_male_16-image.logs_fiddlercrab_rhabdoms_hist_std_z_norm_lightning_logs_version_0_checkpoints_last_x_3_y_3_z_3_average_threshold_0.5_prediction_peak_min_val_0_25_method_center_of_mass,./analysis_output/dampieri_male_16-image.logs_fiddlercrab_rhabdoms_hist_std_z_norm_lightning_logs_version_0_checkpoints_last_x_3_y_3_z_3_average_threshold_0.5_prediction_peak_min_val_0_25_method_center_of_mass.resampled_space_peaks_results.pickle
P_crassipes_FEG190213_003b_02_head-image.logs_paraphronima_corneas_lightning_logs_version_11_checkpoints_last_x_3_y_3_z_3_average_threshold_0.5_prediction_peak_min_val_0_5_method_center_of_mass,./analysis_output/P_crassipes_FEG190213_003b_02_head-image.logs_paraphronima_corneas_lightning_logs_version_11_checkpoints_last_x_3_y_3_z_3_average_threshold_0.5_prediction_peak_min_val_0_5_method_center_of_mass.resampled_space_peaks_results.pickle
P_crassipes_FEG200129_099-image.logs_paraphronima_rhabdoms_without_random_scale_lightning_logs_version_3_checkpoints_last_x_3_y_3_z_3_average_threshold_None_prediction_peak_min_val_0_25_method_max_filter,./analysis_output/P_crassipes_FEG200129_099-image.logs_paraphronima_rhabdoms_without_random_scale_lightning_logs_version_3_checkpoints_last_x_3_y_3_z_3_average_threshold_None_prediction_peak_min_val_0_25_method_max_filter.resampled_space_peaks_results.pickle
flammula_20190925_male_left-image.logs_fiddlercrab_corneas_without_elastic_deformation_lightning_logs_version_2_checkpoints_last_x_3_y_3_z_3_average_threshold_0.25_prediction_peak_min_val_0_5_method_center_of_mass,./analysis_output/flammula_20190925_male_left-image.logs_fiddlercrab_corneas_without_elastic_deformation_lightning_logs_version_2_checkpoints_last_x_3_y_3_z_3_average_threshold_0.25_prediction_peak_min_val_0_5_method_center_of_mass.resampled_space_peaks_results.pickle
dampieri_male_16-image.logs_fiddlercrab_rhabdoms_without_elastic_deformation_lightning_logs_version_3_checkpoints_last_x_3_y_3_z_3_average_threshold_0.25_prediction_peak_min_val_0_25_method_max_filter,./analysis_output/dampieri_male_16-image.logs_fiddlercrab_rhabdoms_without_elastic_deformation_lightning_logs_version_3_checkpoints_last_x_3_y_3_z_3_average_threshold_0.25_prediction_peak_min_val_0_25_method_max_filter.resampled_space_peaks_results.pickle
P_crassipes_FEG191022_077A-image.logs_paraphronima_rhabdoms_without_random_scale_lightning_logs_version_3_checkpoints_last_x_3_y_3_z_3_average_threshold_0.5_prediction_peak_min_val_0_5_method_max_filter,./analysis_output/P_crassipes_FEG191022_077A-image.logs_paraphronima_rhabdoms_without_random_scale_lightning_logs_version_3_checkpoints_last_x_3_y_3_z_3_average_threshold_0.5_prediction_peak_min_val_0_5_method_max_filter.resampled_space_peaks_results.pickle
flammula_20190925_male_left-image.logs_fiddlercrab_corneas_random_affine_prop_1_lightning_logs_version_0_checkpoints_last_x_3_y_3_z_3_average_threshold_None_prediction_peak_min_val_0_5_method_max_filter,./analysis_output/flammula_20190925_male_left-image.logs_fiddlercrab_corneas_random_affine_prop_1_lightning_logs_version_0_checkpoints_last_x_3_y_3_z_3_average_threshold_None_prediction_peak_min_val_0_5_method_max_filter.resampled_space_peaks_results.pickle
dampieri_male_16-image.logs_fiddlercrab_rhabdoms_hist_std_z_norm_lightning_logs_version_0_checkpoints_last_x_3_y_3_z_3_average_threshold_0.25_prediction_peak_min_val_0_5_method_max_filter,./analysis_output/dampieri_male_16-image.logs_fiddlercrab_rhabdoms_hist_std_z_norm_lightning_logs_version_0_checkpoints_last_x_3_y_3_z_3_average_threshold_0.25_prediction_peak_min_val_0_5_method_max_filter.resampled_space_peaks_results.pickle
dampieri_male_16-image.logs_fiddlercrab_corneas_without_random_rotation_lightning_logs_version_2_checkpoints_last_x_3_y_3_z_3_average_threshold_0.5_prediction_peak_min_val_0_25_method_max_filter,./analysis_output/dampieri_male_16-image.logs_fiddlercrab_corneas_without_random_rotation_lightning_logs_version_2_checkpoints_last_x_3_y_3_z_3_average_threshold_0.5_prediction_peak_min_val_0_25_method_max_filter.resampled_space_peaks_results.pickle
P_crassipes_FEG200129_099-image.logs_paraphronima_rhabdoms_without_target_heatmap_masking_lightning_logs_version_1_checkpoints_last_x_3_y_3_z_3_average_threshold_None_prediction_peak_min_val_0_5_method_max_filter,./analysis_output/P_crassipes_FEG200129_099-image.logs_paraphronima_rhabdoms_without_target_heatmap_masking_lightning_logs_version_1_checkpoints_last_x_3_y_3_z_3_average_threshold_None_prediction_peak_min_val_0_5_method_max_filter.resampled_space_peaks_results.pickle
P_crassipes_FEG200129_099-image.logs_paraphronima_rhabdoms_without_elastic_deformation_lightning_logs_version_2_checkpoints_last_x_3_y_3_z_3_average_threshold_0.5_prediction_peak_min_val_0_25_method_center_of_mass,./analysis_output/P_crassipes_FEG200129_099-image.logs_paraphronima_rhabdoms_without_elastic_deformation_lightning_logs_version_2_checkpoints_last_x_3_y_3_z_3_average_threshold_0.5_prediction_peak_min_val_0_25_method_center_of_mass.resampled_space_peaks_results.pickle
flammula_20190925_male_left-image.logs_fiddlercrab_corneas_random_affine_prop_1_lightning_logs_version_0_checkpoints_last_x_3_y_3_z_3_average_threshold_0.25_prediction_peak_min_val_0_5_method_max_filter,./analysis_output/flammula_20190925_male_left-image.logs_fiddlercrab_corneas_random_affine_prop_1_lightning_logs_version_0_checkpoints_last_x_3_y_3_z_3_average_threshold_0.25_prediction_peak_min_val_0_5_method_max_filter.resampled_space_peaks_results.pickle
dampieri_male_16-image.logs_fiddlercrab_rhabdoms_hist_std_lightning_logs_version_0_checkpoints_last_x_3_y_3_z_3_average_threshold_None_prediction_peak_min_val_0_25_method_center_of_mass,./analysis_output/dampieri_male_16-image.logs_fiddlercrab_rhabdoms_hist_std_lightning_logs_version_0_checkpoints_last_x_3_y_3_z_3_average_threshold_None_prediction_peak_min_val_0_25_method_center_of_mass.resampled_space_peaks_results.pickle
FEG200205_108_crop-image.logs_paraphronima_rhabdoms_without_random_rotation_lightning_logs_version_2_checkpoints_last_x_3_y_3_z_3_average_threshold_0.5_prediction_peak_min_val_0_5_method_center_of_mass,./analysis_output/FEG200205_108_crop-image.logs_paraphronima_rhabdoms_without_random_rotation_lightning_logs_version_2_checkpoints_last_x_3_y_3_z_3_average_threshold_0.5_prediction_peak_min_val_0_5_method_center_of_mass.resampled_space_peaks_results.pickle
P_crassipes_FEG200129_099-image.logs_paraphronima_rhabdoms_without_random_rotation_lightning_logs_version_2_checkpoints_last_x_3_y_3_z_3_average_threshold_0.25_prediction_peak_min_val_0_5_method_max_filter,./analysis_output/P_crassipes_FEG200129_099-image.logs_paraphronima_rhabdoms_without_random_rotation_lightning_logs_version_2_checkpoints_last_x_3_y_3_z_3_average_threshold_0.25_prediction_peak_min_val_0_5_method_max_filter.resampled_space_peaks_results.pickle
flammula_20190925_male_left-image.logs_fiddlercrab_corneas_hist_std_z_norm_lightning_logs_version_0_checkpoints_last_x_3_y_3_z_3_average_threshold_0.25_prediction_peak_min_val_0_25_method_max_filter,./analysis_output/flammula_20190925_male_left-image.logs_fiddlercrab_corneas_hist_std_z_norm_lightning_logs_version_0_checkpoints_last_x_3_y_3_z_3_average_threshold_0.25_prediction_peak_min_val_0_25_method_max_filter.resampled_space_peaks_results.pickle
flammula_20190925_male_left-image.logs_fiddlercrab_rhabdoms_without_random_rotation_lightning_logs_version_0_checkpoints_last_x_3_y_3_z_3_average_threshold_0.5_prediction_peak_min_val_0_25_method_max_filter,./analysis_output/flammula_20190925_male_left-image.logs_fiddlercrab_rhabdoms_without_random_rotation_lightning_logs_version_0_checkpoints_last_x_3_y_3_z_3_average_threshold_0.5_prediction_peak_min_val_0_25_method_max_filter.resampled_space_peaks_results.pickle
flammula_20190925_male_left-image.logs_fiddlercrab_rhabdoms_with_target_heatmap_masking_lightning_logs_version_2_checkpoints_last_x_3_y_3_z_3_average_threshold_0.5_prediction_peak_min_val_0_25_method_max_filter,./analysis_output/flammula_20190925_male_left-image.logs_fiddlercrab_rhabdoms_with_target_heatmap_masking_lightning_logs_version_2_checkpoints_last_x_3_y_3_z_3_average_threshold_0.5_prediction_peak_min_val_0_25_method_max_filter.resampled_space_peaks_results.pickle
FEG200205_108_crop-image.logs_paraphronima_rhabdoms_lightning_logs_version_23_checkpoints_last_x_3_y_3_z_3_average_threshold_0.25_prediction_peak_min_val_0_25_method_center_of_mass,./analysis_output/FEG200205_108_crop-image.logs_paraphronima_rhabdoms_lightning_logs_version_23_checkpoints_last_x_3_y_3_z_3_average_threshold_0.25_prediction_peak_min_val_0_25_method_center_of_mass.resampled_space_peaks_results.pickle
P_crassipes_FEG191022_077A-image.logs_paraphronima_rhabdoms_without_elastic_deformation_lightning_logs_version_2_checkpoints_last_x_3_y_3_z_3_average_threshold_None_prediction_peak_min_val_0_25_method_center_of_mass,./analysis_output/P_crassipes_FEG191022_077A-image.logs_paraphronima_rhabdoms_without_elastic_deformation_lightning_logs_version_2_checkpoints_last_x_3_y_3_z_3_average_threshold_None_prediction_peak_min_val_0_25_method_center_of_mass.resampled_space_peaks_results.pickle
dampieri_male_16-image.logs_fiddlercrab_rhabdoms_lightning_logs_version_10_checkpoints_last_x_3_y_3_z_3_average_threshold_0.25_prediction_peak_min_val_0_25_method_center_of_mass,./analysis_output/dampieri_male_16-image.logs_fiddlercrab_rhabdoms_lightning_logs_version_10_checkpoints_last_x_3_y_3_z_3_average_threshold_0.25_prediction_peak_min_val_0_25_method_center_of_mass.resampled_space_peaks_results.pickle
flammula_20190925_male_left-image.logs_fiddlercrab_corneas_without_random_rotation_lightning_logs_version_2_checkpoints_last_x_3_y_3_z_3_average_threshold_0.25_prediction_peak_min_val_0_25_method_max_filter,./analysis_output/flammula_20190925_male_left-image.logs_fiddlercrab_corneas_without_random_rotation_lightning_logs_version_2_checkpoints_last_x_3_y_3_z_3_average_threshold_0.25_prediction_peak_min_val_0_25_method_max_filter.resampled_space_peaks_results.pickle
P_crassipes_FEG200129_099-image.logs_paraphronima_rhabdoms_without_random_rotation_lightning_logs_version_2_checkpoints_last_x_3_y_3_z_3_average_threshold_None_prediction_peak_min_val_0_25_method_max_filter,./analysis_output/P_crassipes_FEG200129_099-image.logs_paraphronima_rhabdoms_without_random_rotation_lightning_logs_version_2_checkpoints_last_x_3_y_3_z_3_average_threshold_None_prediction_peak_min_val_0_25_method_max_filter.resampled_space_peaks_results.pickle
P_crassipes_FEG200129_099-image.logs_paraphronima_rhabdoms_without_random_rotation_lightning_logs_version_2_checkpoints_last_x_3_y_3_z_3_average_threshold_None_prediction_peak_min_val_0_5_method_center_of_mass,./analysis_output/P_crassipes_FEG200129_099-image.logs_paraphronima_rhabdoms_without_random_rotation_lightning_logs_version_2_checkpoints_last_x_3_y_3_z_3_average_threshold_None_prediction_peak_min_val_0_5_method_center_of_mass.resampled_space_peaks_results.pickle
P_crassipes_FEG200129_099-image.logs_paraphronima_rhabdoms_without_elastic_deformation_lightning_logs_version_2_checkpoints_last_x_3_y_3_z_3_average_threshold_0.5_prediction_peak_min_val_0_25_method_max_filter,./analysis_output/P_crassipes_FEG200129_099-image.logs_paraphronima_rhabdoms_without_elastic_deformation_lightning_logs_version_2_checkpoints_last_x_3_y_3_z_3_average_threshold_0.5_prediction_peak_min_val_0_25_method_max_filter.resampled_space_peaks_results.pickle
P_crassipes_FEG200129_099-image.logs_paraphronima_rhabdoms_lightning_logs_version_23_checkpoints_last_x_3_y_3_z_3_average_threshold_0.5_prediction_peak_min_val_0_5_method_center_of_mass,./analysis_output/P_crassipes_FEG200129_099-image.logs_paraphronima_rhabdoms_lightning_logs_version_23_checkpoints_last_x_3_y_3_z_3_average_threshold_0.5_prediction_peak_min_val_0_5_method_center_of_mass.resampled_space_peaks_results.pickle
flammula_20190925_male_left-image.logs_fiddlercrab_corneas_hist_std_lightning_logs_version_0_checkpoints_last_x_3_y_3_z_3_average_threshold_0.5_prediction_peak_min_val_0_25_method_center_of_mass,./analysis_output/flammula_20190925_male_left-image.logs_fiddlercrab_corneas_hist_std_lightning_logs_version_0_checkpoints_last_x_3_y_3_z_3_average_threshold_0.5_prediction_peak_min_val_0_25_method_center_of_mass.resampled_space_peaks_results.pickle
FEG200205_108_crop-image.logs_paraphronima_rhabdoms_without_random_rotation_lightning_logs_version_2_checkpoints_last_x_3_y_3_z_3_average_threshold_0.5_prediction_peak_min_val_0_25_method_max_filter,./analysis_output/FEG200205_108_crop-image.logs_paraphronima_rhabdoms_without_random_rotation_lightning_logs_version_2_checkpoints_last_x_3_y_3_z_3_average_threshold_0.5_prediction_peak_min_val_0_25_method_max_filter.resampled_space_peaks_results.pickle
P_crassipes_FEG190213_003b_02_head-image.logs_paraphronima_corneas_without_elastic_deformation_lightning_logs_version_2_checkpoints_last_x_3_y_3_z_3_average_threshold_None_prediction_peak_min_val_0_5_method_max_filter,./analysis_output/P_crassipes_FEG190213_003b_02_head-image.logs_paraphronima_corneas_without_elastic_deformation_lightning_logs_version_2_checkpoints_last_x_3_y_3_z_3_average_threshold_None_prediction_peak_min_val_0_5_method_max_filter.resampled_space_peaks_results.pickle
P_crassipes_FEG191022_077A-image.logs_paraphronima_rhabdoms_without_target_heatmap_masking_lightning_logs_version_1_checkpoints_last_x_3_y_3_z_3_average_threshold_0.5_prediction_peak_min_val_0_5_method_center_of_mass,./analysis_output/P_crassipes_FEG191022_077A-image.logs_paraphronima_rhabdoms_without_target_heatmap_masking_lightning_logs_version_1_checkpoints_last_x_3_y_3_z_3_average_threshold_0.5_prediction_peak_min_val_0_5_method_center_of_mass.resampled_space_peaks_results.pickle
flammula_20190925_male_left-image.logs_fiddlercrab_rhabdoms_lightning_logs_version_10_checkpoints_last_x_3_y_3_z_3_average_threshold_None_prediction_peak_min_val_0_25_method_max_filter,./analysis_output/flammula_20190925_male_left-image.logs_fiddlercrab_rhabdoms_lightning_logs_version_10_checkpoints_last_x_3_y_3_z_3_average_threshold_None_prediction_peak_min_val_0_25_method_max_filter.resampled_space_peaks_results.pickle
FEG200205_108_crop-image.logs_paraphronima_rhabdoms_without_target_heatmap_masking_lightning_logs_version_1_checkpoints_last_x_3_y_3_z_3_average_threshold_0.25_prediction_peak_min_val_0_5_method_center_of_mass,./analysis_output/FEG200205_108_crop-image.logs_paraphronima_rhabdoms_without_target_heatmap_masking_lightning_logs_version_1_checkpoints_last_x_3_y_3_z_3_average_threshold_0.25_prediction_peak_min_val_0_5_method_center_of_mass.resampled_space_peaks_results.pickle
P_crassipes_FEG190213_003b_02_head-image.logs_paraphronima_corneas_without_random_scale_lightning_logs_version_3_checkpoints_last_x_3_y_3_z_3_average_threshold_None_prediction_peak_min_val_0_5_method_center_of_mass,./analysis_output/P_crassipes_FEG190213_003b_02_head-image.logs_paraphronima_corneas_without_random_scale_lightning_logs_version_3_checkpoints_last_x_3_y_3_z_3_average_threshold_None_prediction_peak_min_val_0_5_method_center_of_mass.resampled_space_peaks_results.pickle
FEG200205_108_crop-image.logs_paraphronima_rhabdoms_lightning_logs_version_23_checkpoints_last_x_3_y_3_z_3_average_threshold_0.5_prediction_peak_min_val_0_5_method_max_filter,./analysis_output/FEG200205_108_crop-image.logs_paraphronima_rhabdoms_lightning_logs_version_23_checkpoints_last_x_3_y_3_z_3_average_threshold_0.5_prediction_peak_min_val_0_5_method_max_filter.resampled_space_peaks_results.pickle
P_crassipes_FEG190213_003b_02_head-image.logs_paraphronima_corneas_without_elastic_deformation_lightning_logs_version_2_checkpoints_last_x_3_y_3_z_3_average_threshold_0.25_prediction_peak_min_val_0_5_method_max_filter,./analysis_output/P_crassipes_FEG190213_003b_02_head-image.logs_paraphronima_corneas_without_elastic_deformation_lightning_logs_version_2_checkpoints_last_x_3_y_3_z_3_average_threshold_0.25_prediction_peak_min_val_0_5_method_max_filter.resampled_space_peaks_results.pickle
dampieri_male_16-image.logs_fiddlercrab_rhabdoms_without_random_scale_lightning_logs_version_3_checkpoints_last_x_3_y_3_z_3_average_threshold_0.25_prediction_peak_min_val_0_25_method_max_filter,./analysis_output/dampieri_male_16-image.logs_fiddlercrab_rhabdoms_without_random_scale_lightning_logs_version_3_checkpoints_last_x_3_y_3_z_3_average_threshold_0.25_prediction_peak_min_val_0_25_method_max_filter.resampled_space_peaks_results.pickle
flammula_20190925_male_left-image.logs_fiddlercrab_corneas_without_elastic_deformation_lightning_logs_version_2_checkpoints_last_x_3_y_3_z_3_average_threshold_0.5_prediction_peak_min_val_0_5_method_max_filter,./analysis_output/flammula_20190925_male_left-image.logs_fiddlercrab_corneas_without_elastic_deformation_lightning_logs_version_2_checkpoints_last_x_3_y_3_z_3_average_threshold_0.5_prediction_peak_min_val_0_5_method_max_filter.resampled_space_peaks_results.pickle
P_crassipes_FEG190213_003b_02_head-image.logs_paraphronima_corneas_lightning_logs_version_11_checkpoints_last_x_3_y_3_z_3_average_threshold_None_prediction_peak_min_val_0_25_method_center_of_mass,./analysis_output/P_crassipes_FEG190213_003b_02_head-image.logs_paraphronima_corneas_lightning_logs_version_11_checkpoints_last_x_3_y_3_z_3_average_threshold_None_prediction_peak_min_val_0_25_method_center_of_mass.resampled_space_peaks_results.pickle
dampieri_male_16-image.logs_fiddlercrab_rhabdoms_without_elastic_deformation_lightning_logs_version_3_checkpoints_last_x_3_y_3_z_3_average_threshold_0.25_prediction_peak_min_val_0_5_method_center_of_mass,./analysis_output/dampieri_male_16-image.logs_fiddlercrab_rhabdoms_without_elastic_deformation_lightning_logs_version_3_checkpoints_last_x_3_y_3_z_3_average_threshold_0.25_prediction_peak_min_val_0_5_method_center_of_mass.resampled_space_peaks_results.pickle
P_crassipes_FEG190213_003b_02_head-image.logs_paraphronima_corneas_without_elastic_deformation_lightning_logs_version_2_ckpts_last_x_3_y_3_z_3_average_threshold_0.5_prediction_peak_min_val_0_25_method_center_of_mass,./analysis_output/P_crassipes_FEG190213_003b_02_head-image.logs_paraphronima_corneas_without_elastic_deformation_lightning_logs_version_2_ckpts_last_x_3_y_3_z_3_average_threshold_0.5_prediction_peak_min_val_0_25_method_center_of_mass.resampled_space_peaks_results.pickle
flammula_20190925_male_left-image.logs_fiddlercrab_rhabdoms_hist_std_lightning_logs_version_0_checkpoints_last_x_3_y_3_z_3_average_threshold_0.25_prediction_peak_min_val_0_5_method_center_of_mass,./analysis_output/flammula_20190925_male_left-image.logs_fiddlercrab_rhabdoms_hist_std_lightning_logs_version_0_checkpoints_last_x_3_y_3_z_3_average_threshold_0.25_prediction_peak_min_val_0_5_method_center_of_mass.resampled_space_peaks_results.pickle
dampieri_male_16-image.logs_fiddlercrab_corneas_hist_std_z_norm_lightning_logs_version_0_checkpoints_last_x_3_y_3_z_3_average_threshold_0.5_prediction_peak_min_val_0_5_method_center_of_mass,./analysis_output/dampieri_male_16-image.logs_fiddlercrab_corneas_hist_std_z_norm_lightning_logs_version_0_checkpoints_last_x_3_y_3_z_3_average_threshold_0.5_prediction_peak_min_val_0_5_method_center_of_mass.resampled_space_peaks_results.pickle
P_crassipes_FEG190213_003b_02_head-image.logs_paraphronima_corneas_without_random_scale_lightning_logs_version_3_checkpoints_last_x_3_y_3_z_3_average_threshold_0.25_prediction_peak_min_val_0_5_method_center_of_mass,./analysis_output/P_crassipes_FEG190213_003b_02_head-image.logs_paraphronima_corneas_without_random_scale_lightning_logs_version_3_checkpoints_last_x_3_y_3_z_3_average_threshold_0.25_prediction_peak_min_val_0_5_method_center_of_mass.resampled_space_peaks_results.pickle
P_crassipes_FEG200129_099-image.logs_paraphronima_rhabdoms_without_random_scale_lightning_logs_version_3_checkpoints_last_x_3_y_3_z_3_average_threshold_0.5_prediction_peak_min_val_0_25_method_max_filter,./analysis_output/P_crassipes_FEG200129_099-image.logs_paraphronima_rhabdoms_without_random_scale_lightning_logs_version_3_checkpoints_last_x_3_y_3_z_3_average_threshold_0.5_prediction_peak_min_val_0_25_method_max_filter.resampled_space_peaks_results.pickle
P_crassipes_FEG190213_003b_02_head-image.logs_paraphronima_corneas_without_random_scale_lightning_logs_version_3_checkpoints_last_x_3_y_3_z_3_average_threshold_None_prediction_peak_min_val_0_5_method_max_filter,./analysis_output/P_crassipes_FEG190213_003b_02_head-image.logs_paraphronima_corneas_without_random_scale_lightning_logs_version_3_checkpoints_last_x_3_y_3_z_3_average_threshold_None_prediction_peak_min_val_0_5_method_max_filter.resampled_space_peaks_results.pickle
P_crassipes_FEG200129_099-image.logs_paraphronima_rhabdoms_lightning_logs_version_23_checkpoints_last_x_3_y_3_z_3_average_threshold_0.25_prediction_peak_min_val_0_25_method_max_filter,./analysis_output/P_crassipes_FEG200129_099-image.logs_paraphronima_rhabdoms_lightning_logs_version_23_checkpoints_last_x_3_y_3_z_3_average_threshold_0.25_prediction_peak_min_val_0_25_method_max_filter.resampled_space_peaks_results.pickle
flammula_20190925_male_left-image.logs_fiddlercrab_rhabdoms_hist_std_lightning_logs_version_0_checkpoints_last_x_3_y_3_z_3_average_threshold_0.5_prediction_peak_min_val_0_5_method_max_filter,./analysis_output/flammula_20190925_male_left-image.logs_fiddlercrab_rhabdoms_hist_std_lightning_logs_version_0_checkpoints_last_x_3_y_3_z_3_average_threshold_0.5_prediction_peak_min_val_0_5_method_max_filter.resampled_space_peaks_results.pickle
dampieri_male_16-image.logs_fiddlercrab_rhabdoms_without_random_rotation_lightning_logs_version_0_checkpoints_last_x_3_y_3_z_3_average_threshold_0.25_prediction_peak_min_val_0_5_method_max_filter,./analysis_output/dampieri_male_16-image.logs_fiddlercrab_rhabdoms_without_random_rotation_lightning_logs_version_0_checkpoints_last_x_3_y_3_z_3_average_threshold_0.25_prediction_peak_min_val_0_5_method_max_filter.resampled_space_peaks_results.pickle
flammula_20190925_male_left-image.logs_fiddlercrab_rhabdoms_without_random_scale_lightning_logs_version_3_checkpoints_last_x_3_y_3_z_3_average_threshold_0.25_prediction_peak_min_val_0_25_method_max_filter,./analysis_output/flammula_20190925_male_left-image.logs_fiddlercrab_rhabdoms_without_random_scale_lightning_logs_version_3_checkpoints_last_x_3_y_3_z_3_average_threshold_0.25_prediction_peak_min_val_0_25_method_max_filter.resampled_space_peaks_results.pickle
dampieri_male_16-image.logs_fiddlercrab_corneas_without_elastic_deformation_lightning_logs_version_2_checkpoints_last_x_3_y_3_z_3_average_threshold_0.5_prediction_peak_min_val_0_25_method_max_filter,./analysis_output/dampieri_male_16-image.logs_fiddlercrab_corneas_without_elastic_deformation_lightning_logs_version_2_checkpoints_last_x_3_y_3_z_3_average_threshold_0.5_prediction_peak_min_val_0_25_method_max_filter.resampled_space_peaks_results.pickle
P_crassipes_FEG200129_099-image.logs_paraphronima_rhabdoms_without_random_scale_lightning_logs_version_3_checkpoints_last_x_3_y_3_z_3_average_threshold_0.5_prediction_peak_min_val_0_5_method_center_of_mass,./analysis_output/P_crassipes_FEG200129_099-image.logs_paraphronima_rhabdoms_without_random_scale_lightning_logs_version_3_checkpoints_last_x_3_y_3_z_3_average_threshold_0.5_prediction_peak_min_val_0_5_method_center_of_mass.resampled_space_peaks_results.pickle
FEG200205_108_crop-image.logs_paraphronima_rhabdoms_without_random_rotation_lightning_logs_version_2_checkpoints_last_x_3_y_3_z_3_average_threshold_0.25_prediction_peak_min_val_0_5_method_center_of_mass,./analysis_output/FEG200205_108_crop-image.logs_paraphronima_rhabdoms_without_random_rotation_lightning_logs_version_2_checkpoints_last_x_3_y_3_z_3_average_threshold_0.25_prediction_peak_min_val_0_5_method_center_of_mass.resampled_space_peaks_results.pickle
P_crassipes_FEG200129_099-image.logs_paraphronima_rhabdoms_lightning_logs_version_23_checkpoints_last_x_3_y_3_z_3_average_threshold_0.25_prediction_peak_min_val_0_5_method_max_filter,./analysis_output/P_crassipes_FEG200129_099-image.logs_paraphronima_rhabdoms_lightning_logs_version_23_checkpoints_last_x_3_y_3_z_3_average_threshold_0.25_prediction_peak_min_val_0_5_method_max_filter.resampled_space_peaks_results.pickle
P_crassipes_FEG190213_003b_02_head-image.logs_paraphronima_corneas_lightning_logs_version_11_checkpoints_last_x_3_y_3_z_3_average_threshold_0.25_prediction_peak_min_val_0_5_method_center_of_mass,./analysis_output/P_crassipes_FEG190213_003b_02_head-image.logs_paraphronima_corneas_lightning_logs_version_11_checkpoints_last_x_3_y_3_z_3_average_threshold_0.25_prediction_peak_min_val_0_5_method_center_of_mass.resampled_space_peaks_results.pickle
P_crassipes_FEG190213_003b_02_head-image.logs_paraphronima_corneas_without_random_rotation_lightning_logs_version_1_checkpoints_last_x_3_y_3_z_3_average_threshold_0.5_prediction_peak_min_val_0_25_method_max_filter,./analysis_output/P_crassipes_FEG190213_003b_02_head-image.logs_paraphronima_corneas_without_random_rotation_lightning_logs_version_1_checkpoints_last_x_3_y_3_z_3_average_threshold_0.5_prediction_peak_min_val_0_25_method_max_filter.resampled_space_peaks_results.pickle
flammula_20190925_male_left-image.logs_fiddlercrab_corneas_random_affine_prop_1_lightning_logs_version_0_checkpoints_last_x_3_y_3_z_3_average_threshold_None_prediction_peak_min_val_0_5_method_center_of_mass,./analysis_output/flammula_20190925_male_left-image.logs_fiddlercrab_corneas_random_affine_prop_1_lightning_logs_version_0_checkpoints_last_x_3_y_3_z_3_average_threshold_None_prediction_peak_min_val_0_5_method_center_of_mass.resampled_space_peaks_results.pickle
dampieri_male_16-image.logs_fiddlercrab_rhabdoms_lightning_logs_version_10_checkpoints_last_x_3_y_3_z_3_average_threshold_0.5_prediction_peak_min_val_0_25_method_max_filter,./analysis_output/dampieri_male_16-image.logs_fiddlercrab_rhabdoms_lightning_logs_version_10_checkpoints_last_x_3_y_3_z_3_average_threshold_0.5_prediction_peak_min_val_0_25_method_max_filter.resampled_space_peaks_results.pickle
dampieri_male_16-image.logs_fiddlercrab_rhabdoms_hist_std_lightning_logs_version_0_checkpoints_last_x_3_y_3_z_3_average_threshold_0.5_prediction_peak_min_val_0_5_method_center_of_mass,./analysis_output/dampieri_male_16-image.logs_fiddlercrab_rhabdoms_hist_std_lightning_logs_version_0_checkpoints_last_x_3_y_3_z_3_average_threshold_0.5_prediction_peak_min_val_0_5_method_center_of_mass.resampled_space_peaks_results.pickle
flammula_20190925_male_left-image.logs_fiddlercrab_rhabdoms_hist_std_z_norm_lightning_logs_version_0_checkpoints_last_x_3_y_3_z_3_average_threshold_0.5_prediction_peak_min_val_0_25_method_center_of_mass,./analysis_output/flammula_20190925_male_left-image.logs_fiddlercrab_rhabdoms_hist_std_z_norm_lightning_logs_version_0_checkpoints_last_x_3_y_3_z_3_average_threshold_0.5_prediction_peak_min_val_0_25_method_center_of_mass.resampled_space_peaks_results.pickle
dampieri_male_16-image.logs_fiddlercrab_corneas_without_random_rotation_lightning_logs_version_2_checkpoints_last_x_3_y_3_z_3_average_threshold_0.5_prediction_peak_min_val_0_25_method_center_of_mass,./analysis_output/dampieri_male_16-image.logs_fiddlercrab_corneas_without_random_rotation_lightning_logs_version_2_checkpoints_last_x_3_y_3_z_3_average_threshold_0.5_prediction_peak_min_val_0_25_method_center_of_mass.resampled_space_peaks_results.pickle
flammula_20190925_male_left-image.logs_fiddlercrab_rhabdoms_lightning_logs_version_10_checkpoints_last_x_3_y_3_z_3_average_threshold_None_prediction_peak_min_val_0_5_method_max_filter,./analysis_output/flammula_20190925_male_left-image.logs_fiddlercrab_rhabdoms_lightning_logs_version_10_checkpoints_last_x_3_y_3_z_3_average_threshold_None_prediction_peak_min_val_0_5_method_max_filter.resampled_space_peaks_results.pickle
dampieri_male_16-image.logs_fiddlercrab_corneas_hist_std_z_norm_lightning_logs_version_0_checkpoints_last_x_3_y_3_z_3_average_threshold_None_prediction_peak_min_val_0_5_method_center_of_mass,./analysis_output/dampieri_male_16-image.logs_fiddlercrab_corneas_hist_std_z_norm_lightning_logs_version_0_checkpoints_last_x_3_y_3_z_3_average_threshold_None_prediction_peak_min_val_0_5_method_center_of_mass.resampled_space_peaks_results.pickle
FEG200205_108_crop-image.logs_paraphronima_rhabdoms_without_random_rotation_lightning_logs_version_2_checkpoints_last_x_3_y_3_z_3_average_threshold_0.25_prediction_peak_min_val_0_5_method_max_filter,./analysis_output/FEG200205_108_crop-image.logs_paraphronima_rhabdoms_without_random_rotation_lightning_logs_version_2_checkpoints_last_x_3_y_3_z_3_average_threshold_0.25_prediction_peak_min_val_0_5_method_max_filter.resampled_space_peaks_results.pickle
dampieri_male_16-image.logs_fiddlercrab_rhabdoms_without_elastic_deformation_lightning_logs_version_3_checkpoints_last_x_3_y_3_z_3_average_threshold_0.5_prediction_peak_min_val_0_25_method_center_of_mass,./analysis_output/dampieri_male_16-image.logs_fiddlercrab_rhabdoms_without_elastic_deformation_lightning_logs_version_3_checkpoints_last_x_3_y_3_z_3_average_threshold_0.5_prediction_peak_min_val_0_25_method_center_of_mass.resampled_space_peaks_results.pickle
P_crassipes_FEG200129_099-image.logs_paraphronima_rhabdoms_without_target_heatmap_masking_lightning_logs_version_1_checkpoints_last_x_3_y_3_z_3_average_threshold_0.25_prediction_peak_min_val_0_25_method_center_of_mass,./analysis_output/P_crassipes_FEG200129_099-image.logs_paraphronima_rhabdoms_without_target_heatmap_masking_lightning_logs_version_1_checkpoints_last_x_3_y_3_z_3_average_threshold_0.25_prediction_peak_min_val_0_25_method_center_of_mass.resampled_space_peaks_results.pickle
dampieri_male_16-image.logs_fiddlercrab_rhabdoms_without_random_scale_lightning_logs_version_3_checkpoints_last_x_3_y_3_z_3_average_threshold_0.5_prediction_peak_min_val_0_25_method_center_of_mass,./analysis_output/dampieri_male_16-image.logs_fiddlercrab_rhabdoms_without_random_scale_lightning_logs_version_3_checkpoints_last_x_3_y_3_z_3_average_threshold_0.5_prediction_peak_min_val_0_25_method_center_of_mass.resampled_space_peaks_results.pickle
dampieri_male_16-image.logs_fiddlercrab_rhabdoms_without_random_rotation_lightning_logs_version_0_checkpoints_last_x_3_y_3_z_3_average_threshold_None_prediction_peak_min_val_0_25_method_center_of_mass,./analysis_output/dampieri_male_16-image.logs_fiddlercrab_rhabdoms_without_random_rotation_lightning_logs_version_0_checkpoints_last_x_3_y_3_z_3_average_threshold_None_prediction_peak_min_val_0_25_method_center_of_mass.resampled_space_peaks_results.pickle
flammula_20190925_male_left-image.logs_fiddlercrab_corneas_hist_std_z_norm_lightning_logs_version_0_checkpoints_last_x_3_y_3_z_3_average_threshold_None_prediction_peak_min_val_0_5_method_max_filter,./analysis_output/flammula_20190925_male_left-image.logs_fiddlercrab_corneas_hist_std_z_norm_lightning_logs_version_0_checkpoints_last_x_3_y_3_z_3_average_threshold_None_prediction_peak_min_val_0_5_method_max_filter.resampled_space_peaks_results.pickle
dampieri_male_16-image.logs_fiddlercrab_corneas_hist_std_z_norm_lightning_logs_version_0_checkpoints_last_x_3_y_3_z_3_average_threshold_0.25_prediction_peak_min_val_0_25_method_max_filter,./analysis_output/dampieri_male_16-image.logs_fiddlercrab_corneas_hist_std_z_norm_lightning_logs_version_0_checkpoints_last_x_3_y_3_z_3_average_threshold_0.25_prediction_peak_min_val_0_25_method_max_filter.resampled_space_peaks_results.pickle
flammula_20190925_male_left-image.logs_fiddlercrab_rhabdoms_without_random_scale_lightning_logs_version_3_checkpoints_last_x_3_y_3_z_3_average_threshold_None_prediction_peak_min_val_0_5_method_max_filter,./analysis_output/flammula_20190925_male_left-image.logs_fiddlercrab_rhabdoms_without_random_scale_lightning_logs_version_3_checkpoints_last_x_3_y_3_z_3_average_threshold_None_prediction_peak_min_val_0_5_method_max_filter.resampled_space_peaks_results.pickle
dampieri_male_16-image.logs_fiddlercrab_corneas_without_elastic_deformation_lightning_logs_version_2_checkpoints_last_x_3_y_3_z_3_average_threshold_0.25_prediction_peak_min_val_0_5_method_max_filter,./analysis_output/dampieri_male_16-image.logs_fiddlercrab_corneas_without_elastic_deformation_lightning_logs_version_2_checkpoints_last_x_3_y_3_z_3_average_threshold_0.25_prediction_peak_min_val_0_5_method_max_filter.resampled_space_peaks_results.pickle
flammula_20190925_male_left-image.logs_fiddlercrab_rhabdoms_with_target_heatmap_masking_lightning_logs_version_2_checkpoints_last_x_3_y_3_z_3_average_threshold_0.5_prediction_peak_min_val_0_5_method_center_of_mass,./analysis_output/flammula_20190925_male_left-image.logs_fiddlercrab_rhabdoms_with_target_heatmap_masking_lightning_logs_version_2_checkpoints_last_x_3_y_3_z_3_average_threshold_0.5_prediction_peak_min_val_0_5_method_center_of_mass.resampled_space_peaks_results.pickle
dampieri_male_16-image.logs_fiddlercrab_corneas_random_affine_prop_1_lightning_logs_version_0_checkpoints_last_x_3_y_3_z_3_average_threshold_0.5_prediction_peak_min_val_0_5_method_max_filter,./analysis_output/dampieri_male_16-image.logs_fiddlercrab_corneas_random_affine_prop_1_lightning_logs_version_0_checkpoints_last_x_3_y_3_z_3_average_threshold_0.5_prediction_peak_min_val_0_5_method_max_filter.resampled_space_peaks_results.pickle
P_crassipes_FEG191022_077A-image.logs_paraphronima_rhabdoms_without_elastic_deformation_lightning_logs_version_2_checkpoints_last_x_3_y_3_z_3_average_threshold_None_prediction_peak_min_val_0_25_method_max_filter,./analysis_output/P_crassipes_FEG191022_077A-image.logs_paraphronima_rhabdoms_without_elastic_deformation_lightning_logs_version_2_checkpoints_last_x_3_y_3_z_3_average_threshold_None_prediction_peak_min_val_0_25_method_max_filter.resampled_space_peaks_results.pickle
P_crassipes_FEG191022_077A-image.logs_paraphronima_rhabdoms_lightning_logs_version_23_checkpoints_last_x_3_y_3_z_3_average_threshold_0.5_prediction_peak_min_val_0_5_method_max_filter,./analysis_output/P_crassipes_FEG191022_077A-image.logs_paraphronima_rhabdoms_lightning_logs_version_23_checkpoints_last_x_3_y_3_z_3_average_threshold_0.5_prediction_peak_min_val_0_5_method_max_filter.resampled_space_peaks_results.pickle
P_crassipes_FEG190213_003b_02_head-image.logs_paraphronima_corneas_lightning_logs_version_11_checkpoints_last_x_3_y_3_z_3_average_threshold_0.5_prediction_peak_min_val_0_25_method_center_of_mass,./analysis_output/P_crassipes_FEG190213_003b_02_head-image.logs_paraphronima_corneas_lightning_logs_version_11_checkpoints_last_x_3_y_3_z_3_average_threshold_0.5_prediction_peak_min_val_0_25_method_center_of_mass.resampled_space_peaks_results.pickle
flammula_20190925_male_left-image.logs_fiddlercrab_rhabdoms_hist_std_z_norm_lightning_logs_version_0_checkpoints_last_x_3_y_3_z_3_average_threshold_0.25_prediction_peak_min_val_0_5_method_max_filter,./analysis_output/flammula_20190925_male_left-image.logs_fiddlercrab_rhabdoms_hist_std_z_norm_lightning_logs_version_0_checkpoints_last_x_3_y_3_z_3_average_threshold_0.25_prediction_peak_min_val_0_5_method_max_filter.resampled_space_peaks_results.pickle
dampieri_male_16-image.logs_fiddlercrab_corneas_without_random_rotation_lightning_logs_version_2_checkpoints_last_x_3_y_3_z_3_average_threshold_0.25_prediction_peak_min_val_0_25_method_max_filter,./analysis_output/dampieri_male_16-image.logs_fiddlercrab_corneas_without_random_rotation_lightning_logs_version_2_checkpoints_last_x_3_y_3_z_3_average_threshold_0.25_prediction_peak_min_val_0_25_method_max_filter.resampled_space_peaks_results.pickle
dampieri_male_16-image.logs_fiddlercrab_corneas_without_elastic_deformation_lightning_logs_version_2_checkpoints_last_x_3_y_3_z_3_average_threshold_0.5_prediction_peak_min_val_0_5_method_center_of_mass,./analysis_output/dampieri_male_16-image.logs_fiddlercrab_corneas_without_elastic_deformation_lightning_logs_version_2_checkpoints_last_x_3_y_3_z_3_average_threshold_0.5_prediction_peak_min_val_0_5_method_center_of_mass.resampled_space_peaks_results.pickle
flammula_20190925_male_left-image.logs_fiddlercrab_corneas_hist_std_lightning_logs_version_0_checkpoints_last_x_3_y_3_z_3_average_threshold_None_prediction_peak_min_val_0_5_method_center_of_mass,./analysis_output/flammula_20190925_male_left-image.logs_fiddlercrab_corneas_hist_std_lightning_logs_version_0_checkpoints_last_x_3_y_3_z_3_average_threshold_None_prediction_peak_min_val_0_5_method_center_of_mass.resampled_space_peaks_results.pickle
P_crassipes_FEG191022_077A-image.logs_paraphronima_rhabdoms_without_target_heatmap_masking_lightning_logs_version_1_checkpoints_last_x_3_y_3_z_3_average_threshold_None_prediction_peak_min_val_0_25_method_center_of_mass,./analysis_output/P_crassipes_FEG191022_077A-image.logs_paraphronima_rhabdoms_without_target_heatmap_masking_lightning_logs_version_1_checkpoints_last_x_3_y_3_z_3_average_threshold_None_prediction_peak_min_val_0_25_method_center_of_mass.resampled_space_peaks_results.pickle
P_crassipes_FEG191022_077A-image.logs_paraphronima_rhabdoms_lightning_logs_version_24_checkpoints_last_x_3_y_3_z_3_average_threshold_0.5_prediction_peak_min_val_0_5_method_center_of_mass,./analysis_output/P_crassipes_FEG191022_077A-image.logs_paraphronima_rhabdoms_lightning_logs_version_24_checkpoints_last_x_3_y_3_z_3_average_threshold_0.5_prediction_peak_min_val_0_5_method_center_of_mass.resampled_space_peaks_results.pickle
FEG200205_108_crop-image.logs_paraphronima_rhabdoms_lightning_logs_version_24_checkpoints_last_ckptx_3_y_3_z_3_average_threshold_0_25_prediction_peak_min_val_0_5_method_max_filter,./analysis_output/FEG200205_108_crop-image.logs_paraphronima_rhabdoms_lightning_logs_version_24_checkpoints_last_ckptx_3_y_3_z_3_average_threshold_0_25_prediction_peak_min_val_0_5_method_max_filter.resampled_space_peaks_results.pickle
P_crassipes_FEG191022_077A-image.logs_paraphronima_rhabdoms_lightning_logs_version_24_checkpoints_last_ckptx_3_y_3_z_3_average_threshold_None_prediction_peak_min_val_0_25_method_center_of_mass,./analysis_output/P_crassipes_FEG191022_077A-image.logs_paraphronima_rhabdoms_lightning_logs_version_24_checkpoints_last_ckptx_3_y_3_z_3_average_threshold_None_prediction_peak_min_val_0_25_method_center_of_mass.resampled_space_peaks_results.pickle
P_crassipes_FEG191022_077A-image.logs_paraphronima_rhabdoms_lightning_logs_version_24_checkpoints_last_x_3_y_3_z_3_average_threshold_None_prediction_peak_min_val_0_5_method_center_of_mass,./analysis_output/P_crassipes_FEG191022_077A-image.logs_paraphronima_rhabdoms_lightning_logs_version_24_checkpoints_last_x_3_y_3_z_3_average_threshold_None_prediction_peak_min_val_0_5_method_center_of_mass.resampled_space_peaks_results.pickle
FEG200205_108_crop-image.logs_paraphronima_rhabdoms_lightning_logs_version_25_checkpoints_last_ckptx_3_y_3_z_3_average_threshold_0_25_prediction_peak_min_val_0_25_method_max_filter,./analysis_output/FEG200205_108_crop-image.logs_paraphronima_rhabdoms_lightning_logs_version_25_checkpoints_last_ckptx_3_y_3_z_3_average_threshold_0_25_prediction_peak_min_val_0_25_method_max_filter.resampled_space_peaks_results.pickle
P_crassipes_FEG200129_099-image.logs_paraphronima_rhabdoms_lightning_logs_version_25_checkpoints_last_ckptx_3_y_3_z_3_average_threshold_0_25_prediction_peak_min_val_0_25_method_center_of_mass,./analysis_output/P_crassipes_FEG200129_099-image.logs_paraphronima_rhabdoms_lightning_logs_version_25_checkpoints_last_ckptx_3_y_3_z_3_average_threshold_0_25_prediction_peak_min_val_0_25_method_center_of_mass.resampled_space_peaks_results.pickle
P_crassipes_FEG191022_077A-image.logs_paraphronima_rhabdoms_lightning_logs_version_25_checkpoints_last_ckptx_3_y_3_z_3_average_threshold_None_prediction_peak_min_val_0_5_method_max_filter,./analysis_output/P_crassipes_FEG191022_077A-image.logs_paraphronima_rhabdoms_lightning_logs_version_25_checkpoints_last_ckptx_3_y_3_z_3_average_threshold_None_prediction_peak_min_val_0_5_method_max_filter.resampled_space_peaks_results.pickle
FEG200205_108_crop-image.logs_paraphronima_rhabdoms_lightning_logs_version_25_checkpoints_last_ckptx_3_y_3_z_3_average_threshold_None_prediction_peak_min_val_0_25_method_center_of_mass,./analysis_output/FEG200205_108_crop-image.logs_paraphronima_rhabdoms_lightning_logs_version_25_checkpoints_last_ckptx_3_y_3_z_3_average_threshold_None_prediction_peak_min_val_0_25_method_center_of_mass.resampled_space_peaks_results.pickle
P_crassipes_FEG191022_077A-image.logs_paraphronima_rhabdoms_lightning_logs_version_25_checkpoints_last_ckptx_3_y_3_z_3_average_threshold_0_5_prediction_peak_min_val_0_25_method_center_of_mass,./analysis_output/P_crassipes_FEG191022_077A-image.logs_paraphronima_rhabdoms_lightning_logs_version_25_checkpoints_last_ckptx_3_y_3_z_3_average_threshold_0_5_prediction_peak_min_val_0_25_method_center_of_mass.resampled_space_peaks_results.pickle
P_crassipes_FEG200129_099-image.logs_paraphronima_rhabdoms_lightning_logs_version_25_checkpoints_last_ckptx_3_y_3_z_3_average_threshold_None_prediction_peak_min_val_0_25_method_max_filter,./analysis_output/P_crassipes_FEG200129_099-image.logs_paraphronima_rhabdoms_lightning_logs_version_25_checkpoints_last_ckptx_3_y_3_z_3_average_threshold_None_prediction_peak_min_val_0_25_method_max_filter.resampled_space_peaks_results.pickle
FEG200205_108_crop-image.logs_paraphronima_rhabdoms_thresholded_heatmaps_lightning_logs_version_15_checkpoints_last_ckptx_3_y_3_z_3_average_threshold_0_25_prediction_peak_min_val_0_25_method_max_filter,./analysis_output/FEG200205_108_crop-image.logs_paraphronima_rhabdoms_thresholded_heatmaps_lightning_logs_version_15_checkpoints_last_ckptx_3_y_3_z_3_average_threshold_0_25_prediction_peak_min_val_0_25_method_max_filter.resampled_space_peaks_results.pickle
FEG200205_108_crop-image.logs_paraphronima_rhabdoms_thresholded_heatmaps_lightning_logs_version_15_checkpoints_last_ckptx_3_y_3_z_3_average_threshold_0_25_prediction_peak_min_val_0_25_method_center_of_mass,./analysis_output/FEG200205_108_crop-image.logs_paraphronima_rhabdoms_thresholded_heatmaps_lightning_logs_version_15_checkpoints_last_ckptx_3_y_3_z_3_average_threshold_0_25_prediction_peak_min_val_0_25_method_center_of_mass.resampled_space_peaks_results.pickle
P_crassipes_FEG200129_099-image.logs_paraphronima_rhabdoms_thresholded_heatmaps_lightning_logs_version_15_checkpoints_last_ckptx_3_y_3_z_3_average_threshold_0_5_prediction_peak_min_val_0_5_method_center_of_mass,./analysis_output/P_crassipes_FEG200129_099-image.logs_paraphronima_rhabdoms_thresholded_heatmaps_lightning_logs_version_15_checkpoints_last_ckptx_3_y_3_z_3_average_threshold_0_5_prediction_peak_min_val_0_5_method_center_of_mass.resampled_space_peaks_results.pickle
P_crassipes_FEG191022_077A-image.logs_paraphronima_rhabdoms_thresholded_heatmaps_lightning_logs_version_15_checkpoints_last_ckptx_3_y_3_z_3_average_threshold_0_25_prediction_peak_min_val_0_25_method_center_of_mass,./analysis_output/P_crassipes_FEG191022_077A-image.logs_paraphronima_rhabdoms_thresholded_heatmaps_lightning_logs_version_15_checkpoints_last_ckptx_3_y_3_z_3_average_threshold_0_25_prediction_peak_min_val_0_25_method_center_of_mass.resampled_space_peaks_results.pickle
P_crassipes_FEG191022_077A-image.logs_paraphronima_rhabdoms_thresholded_heatmaps_lightning_logs_version_15_checkpoints_last_ckptx_3_y_3_z_3_average_threshold_None_prediction_peak_min_val_0_5_method_center_of_mass,./analysis_output/P_crassipes_FEG191022_077A-image.logs_paraphronima_rhabdoms_thresholded_heatmaps_lightning_logs_version_15_checkpoints_last_ckptx_3_y_3_z_3_average_threshold_None_prediction_peak_min_val_0_5_method_center_of_mass.resampled_space_peaks_results.pickle
P_crassipes_FEG200129_099-image.logs_paraphronima_rhabdoms_thresholded_heatmaps_lightning_logs_version_15_checkpoints_last_ckptx_3_y_3_z_3_average_threshold_None_prediction_peak_min_val_0_25_method_center_of_mass,./analysis_output/P_crassipes_FEG200129_099-image.logs_paraphronima_rhabdoms_thresholded_heatmaps_lightning_logs_version_15_checkpoints_last_ckptx_3_y_3_z_3_average_threshold_None_prediction_peak_min_val_0_25_method_center_of_mass.resampled_space_peaks_results.pickle
P_crassipes_FEG191022_077A-image.logs_paraphronima_rhabdoms_thresholded_heatmaps_lightning_logs_version_15_checkpoints_last_ckptx_3_y_3_z_3_average_threshold_0_25_prediction_peak_min_val_0_5_method_max_filter,./analysis_output/P_crassipes_FEG191022_077A-image.logs_paraphronima_rhabdoms_thresholded_heatmaps_lightning_logs_version_15_checkpoints_last_ckptx_3_y_3_z_3_average_threshold_0_25_prediction_peak_min_val_0_5_method_max_filter.resampled_space_peaks_results.pickle
P_gracilis_FEG190213_003a_head-image.logs_paraphronima_corneas_lightning_logs_version_11_checkpoints_last_x_3_y_3_z_3_average_threshold_0.5_prediction_peak_min_val_0_25_method_max_filter,./analysis_output/P_gracilis_FEG190213_003a_head-image.logs_paraphronima_corneas_lightning_logs_version_11_checkpoints_last_x_3_y_3_z_3_average_threshold_0.5_prediction_peak_min_val_0_25_method_max_filter.resampled_space_peaks_results.pickle
Paraphronima_FEG181024_head_sp_8_1423158-image.logs_paraphronima_corneas_lightning_logs_version_11_checkpoints_last_ckptx_3_y_3_z_3_average_threshold_0_5_prediction_peak_min_val_0_5_method_max_filter,./analysis_output/Paraphronima_FEG181024_head_sp_8_1423158-image.logs_paraphronima_corneas_lightning_logs_version_11_checkpoints_last_ckptx_3_y_3_z_3_average_threshold_0_5_prediction_peak_min_val_0_5_method_max_filter.resampled_space_peaks_results.pickle
P_robisoni_FEG200205_105-image.logs_paraphronima_corneas_lightning_logs_version_11_checkpoints_last_ckptx_3_y_3_z_3_average_threshold_0_5_prediction_peak_min_val_0_25_method_center_of_mass,./analysis_output/P_robisoni_FEG200205_105-image.logs_paraphronima_corneas_lightning_logs_version_11_checkpoints_last_ckptx_3_y_3_z_3_average_threshold_0_5_prediction_peak_min_val_0_25_method_center_of_mass.resampled_space_peaks_results.pickle
P_robisoni_FEG200205_105-image.logs_paraphronima_corneas_lightning_logs_version_11_checkpoints_last_x_3_y_3_z_3_average_threshold_0.5_prediction_peak_min_val_0_5_method_center_of_mass,./analysis_output/P_robisoni_FEG200205_105-image.logs_paraphronima_corneas_lightning_logs_version_11_checkpoints_last_x_3_y_3_z_3_average_threshold_0.5_prediction_peak_min_val_0_5_method_center_of_mass.resampled_space_peaks_results.pickle
P_crassipes_FEG190213_003b_02_head-image.logs_paraphronima_corneas_lightning_logs_version_11_checkpoints_last_ckptx_3_y_3_z_3_average_threshold_0_5_prediction_peak_min_val_0_25_method_max_filter,./analysis_output/P_crassipes_FEG190213_003b_02_head-image.logs_paraphronima_corneas_lightning_logs_version_11_checkpoints_last_ckptx_3_y_3_z_3_average_threshold_0_5_prediction_peak_min_val_0_25_method_max_filter.resampled_space_peaks_results.pickle
Paraphronima_FEG181024_head_sp_8_1423158-image.logs_paraphronima_corneas_lightning_logs_version_11_checkpoints_last_ckptx_3_y_3_z_3_average_threshold_0_5_prediction_peak_min_val_0_25_method_max_filter,./analysis_output/Paraphronima_FEG181024_head_sp_8_1423158-image.logs_paraphronima_corneas_lightning_logs_version_11_checkpoints_last_ckptx_3_y_3_z_3_average_threshold_0_5_prediction_peak_min_val_0_25_method_max_filter.resampled_space_peaks_results.pickle
P_crassipes_FEG190801_034_00001_new-image.logs_paraphronima_corneas_lightning_logs_version_11_checkpoints_last_ckptx_3_y_3_z_3_average_threshold_0_25_prediction_peak_min_val_0_5_method_center_of_mass,./analysis_output/P_crassipes_FEG190801_034_00001_new-image.logs_paraphronima_corneas_lightning_logs_version_11_checkpoints_last_ckptx_3_y_3_z_3_average_threshold_0_25_prediction_peak_min_val_0_5_method_center_of_mass.resampled_space_peaks_results.pickle
P_crassipes_FEG190801_034_00001_new-image.logs_paraphronima_corneas_lightning_logs_version_11_checkpoints_last_ckptx_3_y_3_z_3_average_threshold_0_5_prediction_peak_min_val_0_25_method_max_filter,./analysis_output/P_crassipes_FEG190801_034_00001_new-image.logs_paraphronima_corneas_lightning_logs_version_11_checkpoints_last_ckptx_3_y_3_z_3_average_threshold_0_5_prediction_peak_min_val_0_25_method_max_filter.resampled_space_peaks_results.pickle
P_robisoni_FEG200205_105-image.logs_paraphronima_corneas_lightning_logs_version_11_checkpoints_last_x_3_y_3_z_3_average_threshold_0.5_prediction_peak_min_val_0_25_method_max_filter,./analysis_output/P_robisoni_FEG200205_105-image.logs_paraphronima_corneas_lightning_logs_version_11_checkpoints_last_x_3_y_3_z_3_average_threshold_0.5_prediction_peak_min_val_0_25_method_max_filter.resampled_space_peaks_results.pickle
P_gracilis_FEG190213_003a_head-image.logs_paraphronima_corneas_lightning_logs_version_11_checkpoints_last_ckptx_3_y_3_z_3_average_threshold_0_25_prediction_peak_min_val_0_25_method_max_filter,./analysis_output/P_gracilis_FEG190213_003a_head-image.logs_paraphronima_corneas_lightning_logs_version_11_checkpoints_last_ckptx_3_y_3_z_3_average_threshold_0_25_prediction_peak_min_val_0_25_method_max_filter.resampled_space_peaks_results.pickle
P_gracilis_FEG190213_003a_head-image.logs_paraphronima_corneas_lightning_logs_version_11_checkpoints_last_x_3_y_3_z_3_average_threshold_None_prediction_peak_min_val_0_25_method_center_of_mass,./analysis_output/P_gracilis_FEG190213_003a_head-image.logs_paraphronima_corneas_lightning_logs_version_11_checkpoints_last_x_3_y_3_z_3_average_threshold_None_prediction_peak_min_val_0_25_method_center_of_mass.resampled_space_peaks_results.pickle
Paraphronima_FEG181024_head_sp_8_1423158-image.logs_paraphronima_corneas_lightning_logs_version_11_checkpoints_last_ckptx_3_y_3_z_3_average_threshold_0_25_prediction_peak_min_val_0_5_method_max_filter,./analysis_output/Paraphronima_FEG181024_head_sp_8_1423158-image.logs_paraphronima_corneas_lightning_logs_version_11_checkpoints_last_ckptx_3_y_3_z_3_average_threshold_0_25_prediction_peak_min_val_0_5_method_max_filter.resampled_space_peaks_results.pickle
P_crassipes_FEG190801_034_00001_new-image.logs_paraphronima_corneas_lightning_logs_version_11_checkpoints_last_x_3_y_3_z_3_average_threshold_0.5_prediction_peak_min_val_0_5_method_max_filter,./analysis_output/P_crassipes_FEG190801_034_00001_new-image.logs_paraphronima_corneas_lightning_logs_version_11_checkpoints_last_x_3_y_3_z_3_average_threshold_0.5_prediction_peak_min_val_0_5_method_max_filter.resampled_space_peaks_results.pickle
P_crassipes_FEG190801_034_00001_new-image.logs_paraphronima_corneas_lightning_logs_version_11_checkpoints_last_x_3_y_3_z_3_average_threshold_0.25_prediction_peak_min_val_0_25_method_center_of_mass,./analysis_output/P_crassipes_FEG190801_034_00001_new-image.logs_paraphronima_corneas_lightning_logs_version_11_checkpoints_last_x_3_y_3_z_3_average_threshold_0.25_prediction_peak_min_val_0_25_method_center_of_mass.resampled_space_peaks_results.pickle
P_robisoni_FEG200205_105-image.logs_paraphronima_corneas_lightning_logs_version_11_checkpoints_last_ckptx_3_y_3_z_3_average_threshold_0_25_prediction_peak_min_val_0_5_method_center_of_mass,./analysis_output/P_robisoni_FEG200205_105-image.logs_paraphronima_corneas_lightning_logs_version_11_checkpoints_last_ckptx_3_y_3_z_3_average_threshold_0_25_prediction_peak_min_val_0_5_method_center_of_mass.resampled_space_peaks_results.pickle
P_robisoni_FEG200205_105-image.logs_paraphronima_corneas_lightning_logs_version_11_checkpoints_last_ckptx_3_y_3_z_3_average_threshold_None_prediction_peak_min_val_0_5_method_max_filter,./analysis_output/P_robisoni_FEG200205_105-image.logs_paraphronima_corneas_lightning_logs_version_11_checkpoints_last_ckptx_3_y_3_z_3_average_threshold_None_prediction_peak_min_val_0_5_method_max_filter.resampled_space_peaks_results.pickle
P_crassipes_FEG190213_003b_02_head-image.logs_paraphronima_corneas_lightning_logs_version_11_checkpoints_last_ckptx_3_y_3_z_3_average_threshold_0_5_prediction_peak_min_val_0_25_method_center_of_mass,./analysis_output/P_crassipes_FEG190213_003b_02_head-image.logs_paraphronima_corneas_lightning_logs_version_11_checkpoints_last_ckptx_3_y_3_z_3_average_threshold_0_5_prediction_peak_min_val_0_25_method_center_of_mass.resampled_space_peaks_results.pickle
P_gracilis_FEG190213_003a_head-image.logs_paraphronima_corneas_lightning_logs_version_11_checkpoints_last_x_3_y_3_z_3_average_threshold_0.5_prediction_peak_min_val_0_25_method_center_of_mass,./analysis_output/P_gracilis_FEG190213_003a_head-image.logs_paraphronima_corneas_lightning_logs_version_11_checkpoints_last_x_3_y_3_z_3_average_threshold_0.5_prediction_peak_min_val_0_25_method_center_of_mass.resampled_space_peaks_results.pickle
P_robisoni_FEG200205_105-image.logs_paraphronima_corneas_lightning_logs_version_11_checkpoints_last_x_3_y_3_z_3_average_threshold_None_prediction_peak_min_val_0_25_method_max_filter,./analysis_output/P_robisoni_FEG200205_105-image.logs_paraphronima_corneas_lightning_logs_version_11_checkpoints_last_x_3_y_3_z_3_average_threshold_None_prediction_peak_min_val_0_25_method_max_filter.resampled_space_peaks_results.pickle
Paraphronima_FEG181024_head_sp_8_1423158-image.logs_paraphronima_corneas_lightning_logs_version_11_checkpoints_last_x_3_y_3_z_3_average_threshold_None_prediction_peak_min_val_0_25_method_center_of_mass,./analysis_output/Paraphronima_FEG181024_head_sp_8_1423158-image.logs_paraphronima_corneas_lightning_logs_version_11_checkpoints_last_x_3_y_3_z_3_average_threshold_None_prediction_peak_min_val_0_25_method_center_of_mass.resampled_space_peaks_results.pickle
P_crassipes_FEG190213_003b_02_head-image.logs_paraphronima_corneas_lightning_logs_version_11_checkpoints_last_ckptx_3_y_3_z_3_average_threshold_0_5_prediction_peak_min_val_0_5_method_max_filter,./analysis_output/P_crassipes_FEG190213_003b_02_head-image.logs_paraphronima_corneas_lightning_logs_version_11_checkpoints_last_ckptx_3_y_3_z_3_average_threshold_0_5_prediction_peak_min_val_0_5_method_max_filter.resampled_space_peaks_results.pickle
P_crassipes_FEG190213_003b_02_head-image.logs_paraphronima_corneas_lightning_logs_version_12_checkpoints_last_ckptx_3_y_3_z_3_average_threshold_0_5_prediction_peak_min_val_0_5_method_center_of_mass,./analysis_output/P_crassipes_FEG190213_003b_02_head-image.logs_paraphronima_corneas_lightning_logs_version_12_checkpoints_last_ckptx_3_y_3_z_3_average_threshold_0_5_prediction_peak_min_val_0_5_method_center_of_mass.resampled_space_peaks_results.pickle
Paraphronima_FEG181024_head_sp_8_1423158-image.logs_paraphronima_corneas_lightning_logs_version_12_checkpoints_last_ckptx_3_y_3_z_3_average_threshold_None_prediction_peak_min_val_0_5_method_center_of_mass,./analysis_output/Paraphronima_FEG181024_head_sp_8_1423158-image.logs_paraphronima_corneas_lightning_logs_version_12_checkpoints_last_ckptx_3_y_3_z_3_average_threshold_None_prediction_peak_min_val_0_5_method_center_of_mass.resampled_space_peaks_results.pickle
P_crassipes_FEG190213_003b_02_head-image.logs_paraphronima_corneas_lightning_logs_version_12_checkpoints_last_ckptx_3_y_3_z_3_average_threshold_None_prediction_peak_min_val_0_25_method_max_filter,./analysis_output/P_crassipes_FEG190213_003b_02_head-image.logs_paraphronima_corneas_lightning_logs_version_12_checkpoints_last_ckptx_3_y_3_z_3_average_threshold_None_prediction_peak_min_val_0_25_method_max_filter.resampled_space_peaks_results.pickle
P_gracilis_FEG190213_003a_head-image.logs_paraphronima_corneas_lightning_logs_version_12_checkpoints_last_ckptx_3_y_3_z_3_average_threshold_0_5_prediction_peak_min_val_0_25_method_max_filter,./analysis_output/P_gracilis_FEG190213_003a_head-image.logs_paraphronima_corneas_lightning_logs_version_12_checkpoints_last_ckptx_3_y_3_z_3_average_threshold_0_5_prediction_peak_min_val_0_25_method_max_filter.resampled_space_peaks_results.pickle
P_gracilis_FEG190213_003a_head-image.logs_paraphronima_corneas_lightning_logs_version_12_checkpoints_last_ckptx_3_y_3_z_3_average_threshold_0_25_prediction_peak_min_val_0_25_method_center_of_mass,./analysis_output/P_gracilis_FEG190213_003a_head-image.logs_paraphronima_corneas_lightning_logs_version_12_checkpoints_last_ckptx_3_y_3_z_3_average_threshold_0_25_prediction_peak_min_val_0_25_method_center_of_mass.resampled_space_peaks_results.pickle
P_crassipes_FEG190213_003b_02_head-image.logs_paraphronima_corneas_lightning_logs_version_12_checkpoints_last_ckptx_3_y_3_z_3_average_threshold_0_5_prediction_peak_min_val_0_25_method_center_of_mass,./analysis_output/P_crassipes_FEG190213_003b_02_head-image.logs_paraphronima_corneas_lightning_logs_version_12_checkpoints_last_ckptx_3_y_3_z_3_average_threshold_0_5_prediction_peak_min_val_0_25_method_center_of_mass.resampled_space_peaks_results.pickle
P_robisoni_FEG200205_105-image.logs_paraphronima_corneas_lightning_logs_version_12_checkpoints_last_ckptx_3_y_3_z_3_average_threshold_0_5_prediction_peak_min_val_0_25_method_max_filter,./analysis_output/P_robisoni_FEG200205_105-image.logs_paraphronima_corneas_lightning_logs_version_12_checkpoints_last_ckptx_3_y_3_z_3_average_threshold_0_5_prediction_peak_min_val_0_25_method_max_filter.resampled_space_peaks_results.pickle
P_crassipes_FEG190801_034_00001_new-image.logs_paraphronima_corneas_lightning_logs_version_12_checkpoints_last_ckptx_3_y_3_z_3_average_threshold_0_5_prediction_peak_min_val_0_25_method_max_filter,./analysis_output/P_crassipes_FEG190801_034_00001_new-image.logs_paraphronima_corneas_lightning_logs_version_12_checkpoints_last_ckptx_3_y_3_z_3_average_threshold_0_5_prediction_peak_min_val_0_25_method_max_filter.resampled_space_peaks_results.pickle
P_robisoni_FEG200205_105-image.logs_paraphronima_corneas_lightning_logs_version_12_checkpoints_last_ckptx_3_y_3_z_3_average_threshold_0_5_prediction_peak_min_val_0_5_method_max_filter,./analysis_output/P_robisoni_FEG200205_105-image.logs_paraphronima_corneas_lightning_logs_version_12_checkpoints_last_ckptx_3_y_3_z_3_average_threshold_0_5_prediction_peak_min_val_0_5_method_max_filter.resampled_space_peaks_results.pickle
P_gracilis_FEG190213_003a_head-image.logs_paraphronima_corneas_lightning_logs_version_12_checkpoints_last_ckptx_3_y_3_z_3_average_threshold_0_25_prediction_peak_min_val_0_5_method_max_filter,./analysis_output/P_gracilis_FEG190213_003a_head-image.logs_paraphronima_corneas_lightning_logs_version_12_checkpoints_last_ckptx_3_y_3_z_3_average_threshold_0_25_prediction_peak_min_val_0_5_method_max_filter.resampled_space_peaks_results.pickle
P_crassipes_FEG190213_003b_02_head-image.logs_paraphronima_corneas_lightning_logs_version_12_checkpoints_last_ckptx_3_y_3_z_3_average_threshold_None_prediction_peak_min_val_0_5_method_max_filter,./analysis_output/P_crassipes_FEG190213_003b_02_head-image.logs_paraphronima_corneas_lightning_logs_version_12_checkpoints_last_ckptx_3_y_3_z_3_average_threshold_None_prediction_peak_min_val_0_5_method_max_filter.resampled_space_peaks_results.pickle
P_crassipes_FEG190213_003b_02_head-image.logs_paraphronima_corneas_lightning_logs_version_13_checkpoints_last_ckptx_3_y_3_z_3_average_threshold_None_prediction_peak_min_val_0_25_method_max_filter,./analysis_output/P_crassipes_FEG190213_003b_02_head-image.logs_paraphronima_corneas_lightning_logs_version_13_checkpoints_last_ckptx_3_y_3_z_3_average_threshold_None_prediction_peak_min_val_0_25_method_max_filter.resampled_space_peaks_results.pickle
P_crassipes_FEG190213_003b_02_head-image.logs_paraphronima_corneas_lightning_logs_version_13_checkpoints_last_ckptx_3_y_3_z_3_average_threshold_0_25_prediction_peak_min_val_0_5_method_center_of_mass,./analysis_output/P_crassipes_FEG190213_003b_02_head-image.logs_paraphronima_corneas_lightning_logs_version_13_checkpoints_last_ckptx_3_y_3_z_3_average_threshold_0_25_prediction_peak_min_val_0_5_method_center_of_mass.resampled_space_peaks_results.pickle
P_crassipes_FEG190801_034_00001_new-image.logs_paraphronima_corneas_lightning_logs_version_13_checkpoints_last_ckptx_3_y_3_z_3_average_threshold_0_5_prediction_peak_min_val_0_25_method_max_filter,./analysis_output/P_crassipes_FEG190801_034_00001_new-image.logs_paraphronima_corneas_lightning_logs_version_13_checkpoints_last_ckptx_3_y_3_z_3_average_threshold_0_5_prediction_peak_min_val_0_25_method_max_filter.resampled_space_peaks_results.pickle
Paraphronima_FEG181024_head_sp_8_1423158-image.logs_paraphronima_corneas_lightning_logs_version_13_checkpoints_last_ckptx_3_y_3_z_3_average_threshold_0_25_prediction_peak_min_val_0_25_method_center_of_mass,./analysis_output/Paraphronima_FEG181024_head_sp_8_1423158-image.logs_paraphronima_corneas_lightning_logs_version_13_checkpoints_last_ckptx_3_y_3_z_3_average_threshold_0_25_prediction_peak_min_val_0_25_method_center_of_mass.resampled_space_peaks_results.pickle
P_robisoni_FEG200205_105-image.logs_paraphronima_corneas_lightning_logs_version_13_checkpoints_last_ckptx_3_y_3_z_3_average_threshold_None_prediction_peak_min_val_0_5_method_center_of_mass,./analysis_output/P_robisoni_FEG200205_105-image.logs_paraphronima_corneas_lightning_logs_version_13_checkpoints_last_ckptx_3_y_3_z_3_average_threshold_None_prediction_peak_min_val_0_5_method_center_of_mass.resampled_space_peaks_results.pickle
P_gracilis_FEG190213_003a_head-image.logs_paraphronima_corneas_lightning_logs_version_13_checkpoints_last_ckptx_3_y_3_z_3_average_threshold_0_5_prediction_peak_min_val_0_25_method_center_of_mass,./analysis_output/P_gracilis_FEG190213_003a_head-image.logs_paraphronima_corneas_lightning_logs_version_13_checkpoints_last_ckptx_3_y_3_z_3_average_threshold_0_5_prediction_peak_min_val_0_25_method_center_of_mass.resampled_space_peaks_results.pickle
P_crassipes_FEG190801_034_00001_new-image.logs_paraphronima_corneas_lightning_logs_version_13_checkpoints_last_ckptx_3_y_3_z_3_average_threshold_None_prediction_peak_min_val_0_25_method_center_of_mass,./analysis_output/P_crassipes_FEG190801_034_00001_new-image.logs_paraphronima_corneas_lightning_logs_version_13_checkpoints_last_ckptx_3_y_3_z_3_average_threshold_None_prediction_peak_min_val_0_25_method_center_of_mass.resampled_space_peaks_results.pickle
P_crassipes_FEG190213_003b_02_head-image.logs_paraphronima_corneas_lightning_logs_version_13_checkpoints_last_ckptx_3_y_3_z_3_average_threshold_0_5_prediction_peak_min_val_0_25_method_center_of_mass,./analysis_output/P_crassipes_FEG190213_003b_02_head-image.logs_paraphronima_corneas_lightning_logs_version_13_checkpoints_last_ckptx_3_y_3_z_3_average_threshold_0_5_prediction_peak_min_val_0_25_method_center_of_mass.resampled_space_peaks_results.pickle
P_gracilis_FEG190213_003a_head-image.logs_paraphronima_corneas_lightning_logs_version_13_checkpoints_last_ckptx_3_y_3_z_3_average_threshold_0_5_prediction_peak_min_val_0_5_method_max_filter,./analysis_output/P_gracilis_FEG190213_003a_head-image.logs_paraphronima_corneas_lightning_logs_version_13_checkpoints_last_ckptx_3_y_3_z_3_average_threshold_0_5_prediction_peak_min_val_0_5_method_max_filter.resampled_space_peaks_results.pickle
Paraphronima_FEG181024_head_sp_8_1423158-image.logs_paraphronima_corneas_lightning_logs_version_13_checkpoints_last_ckptx_3_y_3_z_3_average_threshold_None_prediction_peak_min_val_0_25_method_center_of_mass,./analysis_output/Paraphronima_FEG181024_head_sp_8_1423158-image.logs_paraphronima_corneas_lightning_logs_version_13_checkpoints_last_ckptx_3_y_3_z_3_average_threshold_None_prediction_peak_min_val_0_25_method_center_of_mass.resampled_space_peaks_results.pickle
Paraphronima_FEG181024_head_sp_8_1423158-image.logs_paraphronima_corneas_lightning_logs_version_13_checkpoints_last_ckptx_3_y_3_z_3_average_threshold_0_25_prediction_peak_min_val_0_25_method_max_filter,./analysis_output/Paraphronima_FEG181024_head_sp_8_1423158-image.logs_paraphronima_corneas_lightning_logs_version_13_checkpoints_last_ckptx_3_y_3_z_3_average_threshold_0_25_prediction_peak_min_val_0_25_method_max_filter.resampled_space_peaks_results.pickle
P_gracilis_FEG190213_003a_head-image.logs_paraphronima_corneas_lightning_logs_version_13_checkpoints_last_ckptx_3_y_3_z_3_average_threshold_0_25_prediction_peak_min_val_0_25_method_center_of_mass,./analysis_output/P_gracilis_FEG190213_003a_head-image.logs_paraphronima_corneas_lightning_logs_version_13_checkpoints_last_ckptx_3_y_3_z_3_average_threshold_0_25_prediction_peak_min_val_0_25_method_center_of_mass.resampled_space_peaks_results.pickle
P_crassipes_FEG200129_099-image.logs_paraphronima_rhabdoms_lightning_logs_version_26_checkpoints_last_ckptx_3_y_3_z_3_average_threshold_0_5_prediction_peak_min_val_0_25_method_max_filter,./analysis_output/P_crassipes_FEG200129_099-image.logs_paraphronima_rhabdoms_lightning_logs_version_26_checkpoints_last_ckptx_3_y_3_z_3_average_threshold_0_5_prediction_peak_min_val_0_25_method_max_filter.resampled_space_peaks_results.pickle
P_crassipes_FEG191022_077A-image.logs_paraphronima_rhabdoms_lightning_logs_version_26_checkpoints_last_ckptx_3_y_3_z_3_average_threshold_0_25_prediction_peak_min_val_0_5_method_max_filter,./analysis_output/P_crassipes_FEG191022_077A-image.logs_paraphronima_rhabdoms_lightning_logs_version_26_checkpoints_last_ckptx_3_y_3_z_3_average_threshold_0_25_prediction_peak_min_val_0_5_method_max_filter.resampled_space_peaks_results.pickle
P_crassipes_FEG200129_099-image.logs_paraphronima_rhabdoms_whole_scans_lightning_logs_version_1_checkpoints_last_ckptx_3_y_3_z_3_average_threshold_None_prediction_peak_min_val_0_25_method_center_of_mass,./analysis_output/P_crassipes_FEG200129_099-image.logs_paraphronima_rhabdoms_whole_scans_lightning_logs_version_1_checkpoints_last_ckptx_3_y_3_z_3_average_threshold_None_prediction_peak_min_val_0_25_method_center_of_mass.resampled_space_peaks_results.pickle
P_crassipes_FEG191022_077A-image.logs_paraphronima_rhabdoms_whole_scans_lightning_logs_version_1_checkpoints_last_ckptx_3_y_3_z_3_average_threshold_0_5_prediction_peak_min_val_0_25_method_center_of_mass,./analysis_output/P_crassipes_FEG191022_077A-image.logs_paraphronima_rhabdoms_whole_scans_lightning_logs_version_1_checkpoints_last_ckptx_3_y_3_z_3_average_threshold_0_5_prediction_peak_min_val_0_25_method_center_of_mass.resampled_space_peaks_results.pickle
P_crassipes_FEG191022_077A-image.logs_paraphronima_rhabdoms_whole_scans_lightning_logs_version_1_checkpoints_last_ckptx_3_y_3_z_3_average_threshold_0_5_prediction_peak_min_val_0_5_method_max_filter,./analysis_output/P_crassipes_FEG191022_077A-image.logs_paraphronima_rhabdoms_whole_scans_lightning_logs_version_1_checkpoints_last_ckptx_3_y_3_z_3_average_threshold_0_5_prediction_peak_min_val_0_5_method_max_filter.resampled_space_peaks_results.pickle
P_crassipes_FEG191022_077A-image.logs_paraphronima_rhabdoms_whole_scans_lightning_logs_version_1_checkpoints_last_ckptx_3_y_3_z_3_average_threshold_None_prediction_peak_min_val_0_5_method_max_filter,./analysis_output/P_crassipes_FEG191022_077A-image.logs_paraphronima_rhabdoms_whole_scans_lightning_logs_version_1_checkpoints_last_ckptx_3_y_3_z_3_average_threshold_None_prediction_peak_min_val_0_5_method_max_filter.resampled_space_peaks_results.pickle
P_crassipes_FEG191022_077A-image.logs_paraphronima_rhabdoms_whole_scans_lightning_logs_version_1_checkpoints_last_ckptx_3_y_3_z_3_average_threshold_None_prediction_peak_min_val_0_25_method_max_filter,./analysis_output/P_crassipes_FEG191022_077A-image.logs_paraphronima_rhabdoms_whole_scans_lightning_logs_version_1_checkpoints_last_ckptx_3_y_3_z_3_average_threshold_None_prediction_peak_min_val_0_25_method_max_filter.resampled_space_peaks_results.pickle
P_crassipes_FEG200129_099-image.logs_paraphronima_rhabdoms_whole_scans_lightning_logs_version_1_checkpoints_last_ckptx_3_y_3_z_3_average_threshold_0_25_prediction_peak_min_val_0_25_method_max_filter,./analysis_output/P_crassipes_FEG200129_099-image.logs_paraphronima_rhabdoms_whole_scans_lightning_logs_version_1_checkpoints_last_ckptx_3_y_3_z_3_average_threshold_0_25_prediction_peak_min_val_0_25_method_max_filter.resampled_space_peaks_results.pickle
P_crassipes_FEG191022_077A-image.logs_paraphronima_rhabdoms_whole_scans_lightning_logs_version_1_checkpoints_last_ckptx_3_y_3_z_3_average_threshold_0_25_prediction_peak_min_val_0_25_method_center_of_mass,./analysis_output/P_crassipes_FEG191022_077A-image.logs_paraphronima_rhabdoms_whole_scans_lightning_logs_version_1_checkpoints_last_ckptx_3_y_3_z_3_average_threshold_0_25_prediction_peak_min_val_0_25_method_center_of_mass.resampled_space_peaks_results.pickle
FEG200205_108_crop-image.logs_paraphronima_rhabdoms_whole_scans_lightning_logs_version_1_checkpoints_last_ckptx_3_y_3_z_3_average_threshold_0_25_prediction_peak_min_val_0_5_method_center_of_mass,./analysis_output/FEG200205_108_crop-image.logs_paraphronima_rhabdoms_whole_scans_lightning_logs_version_1_checkpoints_last_ckptx_3_y_3_z_3_average_threshold_0_25_prediction_peak_min_val_0_5_method_center_of_mass.resampled_space_peaks_results.pickle
FEG200205_108_crop-image.logs_paraphronima_rhabdoms_whole_scans_lightning_logs_version_1_checkpoints_last_ckptx_3_y_3_z_3_average_threshold_None_prediction_peak_min_val_0_25_method_max_filter,./analysis_output/FEG200205_108_crop-image.logs_paraphronima_rhabdoms_whole_scans_lightning_logs_version_1_checkpoints_last_ckptx_3_y_3_z_3_average_threshold_None_prediction_peak_min_val_0_25_method_max_filter.resampled_space_peaks_results.pickle
P_crassipes_FEG191022_077A-image.logs_paraphronima_rhabdoms_whole_scans_lightning_logs_version_1_checkpoints_last_ckptx_3_y_3_z_3_average_threshold_0_25_prediction_peak_min_val_0_25_method_max_filter,./analysis_output/P_crassipes_FEG191022_077A-image.logs_paraphronima_rhabdoms_whole_scans_lightning_logs_version_1_checkpoints_last_ckptx_3_y_3_z_3_average_threshold_0_25_prediction_peak_min_val_0_25_method_max_filter.resampled_space_peaks_results.pickle
P_crassipes_FEG200129_099-image.logs_paraphronima_rhabdoms_whole_scans_lightning_logs_version_1_checkpoints_last_ckptx_3_y_3_z_3_average_threshold_0_5_prediction_peak_min_val_0_25_method_center_of_mass,./analysis_output/P_crassipes_FEG200129_099-image.logs_paraphronima_rhabdoms_whole_scans_lightning_logs_version_1_checkpoints_last_ckptx_3_y_3_z_3_average_threshold_0_5_prediction_peak_min_val_0_25_method_center_of_mass.resampled_space_peaks_results.pickle
P_crassipes_FEG190213_003b_02_head-image.logs_paraphronima_corneas_without_elastic_deformation_lightning_logs_version_2_checkpoints_last_x_3_y_3_z_3_average_threshold_0.5_prediction_peak_min_val_0_25_method_center_of_mass,./analysis_output/P_crassipes_FEG190213_003b_02_head-image.logs_paraphronima_corneas_without_elastic_deformation_lightning_logs_version_2_checkpoints_last_x_3_y_3_z_3_average_threshold_0.5_prediction_peak_min_val_0_25_method_center_of_mass.resampled_space_pe_results.pickle
P_crassipes_FEG190801_034_00001_new-image.logs_paraphronima_corneas_without_elastic_deformation_lightning_logs_version_2_checkpoints_last_ckptx_3_y_3_z_3_average_threshold_0_5_prediction_peak_min_val_0_5_method_center_of_mass,./analysis_output/P_crassipes_FEG190801_034_00001_new-image.logs_paraphronima_corneas_without_elastic_deformation_lightning_logs_version_2_checkpoints_last_ckptx_3_y_3_z_3_average_threshold_0_5_prediction_peak_min_val_0_5_method_center_of_mass.resampled_spac_results.pickle
P_gracilis_FEG190213_003a_head-image.logs_paraphronima_corneas_without_elastic_deformation_lightning_logs_version_2_checkpoints_last_x_3_y_3_z_3_average_threshold_0.5_prediction_peak_min_val_0_5_method_center_of_mass,./analysis_output/P_gracilis_FEG190213_003a_head-image.logs_paraphronima_corneas_without_elastic_deformation_lightning_logs_version_2_checkpoints_last_x_3_y_3_z_3_average_threshold_0.5_prediction_peak_min_val_0_5_method_center_of_mass.resampled_space_peaks_results.pickle
Paraphronima_FEG181024_head_sp_8_1423158-image.logs_paraphronima_corneas_without_elastic_deformation_lightning_logs_version_2_checkpoints_last_x_3_y_3_z_3_average_threshold_0.25_prediction_peak_min_val_0_25_method_center_of_mass,./analysis_output/Paraphronima_FEG181024_head_sp_8_1423158-image.logs_paraphronima_corneas_without_elastic_deformation_lightning_logs_version_2_checkpoints_last_x_3_y_3_z_3_average_threshold_0.25_prediction_peak_min_val_0_25_method_center_of_mass.resampled_s_results.pickle
P_robisoni_FEG200205_105-image.logs_paraphronima_corneas_without_elastic_deformation_lightning_logs_version_2_checkpoints_last_ckptx_3_y_3_z_3_average_threshold_0_25_prediction_peak_min_val_0_5_method_max_filter,./analysis_output/P_robisoni_FEG200205_105-image.logs_paraphronima_corneas_without_elastic_deformation_lightning_logs_version_2_checkpoints_last_ckptx_3_y_3_z_3_average_threshold_0_25_prediction_peak_min_val_0_5_method_max_filter.resampled_space_peaks_results.pickle
P_crassipes_FEG190801_034_00001_new-image.logs_paraphronima_corneas_without_elastic_deformation_lightning_logs_version_2_checkpoints_last_ckptx_3_y_3_z_3_average_threshold_0_5_prediction_peak_min_val_0_25_method_max_filter,./analysis_output/P_crassipes_FEG190801_034_00001_new-image.logs_paraphronima_corneas_without_elastic_deformation_lightning_logs_version_2_checkpoints_last_ckptx_3_y_3_z_3_average_threshold_0_5_prediction_peak_min_val_0_25_method_max_filter.resampled_space_p_results.pickle
Paraphronima_FEG181024_head_sp_8_1423158-image.logs_paraphronima_corneas_without_elastic_deformation_lightning_logs_version_2_checkpoints_last_x_3_y_3_z_3_average_threshold_0.25_prediction_peak_min_val_0_25_method_max_filter,./analysis_output/Paraphronima_FEG181024_head_sp_8_1423158-image.logs_paraphronima_corneas_without_elastic_deformation_lightning_logs_version_2_checkpoints_last_x_3_y_3_z_3_average_threshold_0.25_prediction_peak_min_val_0_25_method_max_filter.resampled_space_results.pickle
P_gracilis_FEG190213_003a_head-image.logs_paraphronima_corneas_without_elastic_deformation_lightning_logs_version_2_checkpoints_last_x_3_y_3_z_3_average_threshold_0.5_prediction_peak_min_val_0_5_method_max_filter,./analysis_output/P_gracilis_FEG190213_003a_head-image.logs_paraphronima_corneas_without_elastic_deformation_lightning_logs_version_2_checkpoints_last_x_3_y_3_z_3_average_threshold_0.5_prediction_peak_min_val_0_5_method_max_filter.resampled_space_peaks_results.pickle
P_robisoni_FEG200205_105-image.logs_paraphronima_corneas_without_elastic_deformation_lightning_logs_version_2_checkpoints_last_x_3_y_3_z_3_average_threshold_0.25_prediction_peak_min_val_0_25_method_max_filter,./analysis_output/P_robisoni_FEG200205_105-image.logs_paraphronima_corneas_without_elastic_deformation_lightning_logs_version_2_checkpoints_last_x_3_y_3_z_3_average_threshold_0.25_prediction_peak_min_val_0_25_method_max_filter.resampled_space_peaks_results.pickle
Paraphronima_FEG181024_head_sp_8_1423158-image.logs_paraphronima_corneas_without_elastic_deformation_lightning_logs_version_2_checkpoints_last_x_3_y_3_z_3_average_threshold_0.25_prediction_peak_min_val_0_5_method_center_of_mass,./analysis_output/Paraphronima_FEG181024_head_sp_8_1423158-image.logs_paraphronima_corneas_without_elastic_deformation_lightning_logs_version_2_checkpoints_last_x_3_y_3_z_3_average_threshold_0.25_prediction_peak_min_val_0_5_method_center_of_mass.resampled_sp_results.pickle
Paraphronima_FEG181024_head_sp_8_1423158-image.logs_paraphronima_corneas_without_elastic_deformation_lightning_logs_version_2_checkpoints_last_ckptx_3_y_3_z_3_average_threshold_0_5_prediction_peak_min_val_0_5_method_max_filter,./analysis_output/Paraphronima_FEG181024_head_sp_8_1423158-image.logs_paraphronima_corneas_without_elastic_deformation_lightning_logs_version_2_checkpoints_last_ckptx_3_y_3_z_3_average_threshold_0_5_prediction_peak_min_val_0_5_method_max_filter.resampled_spa_results.pickle
P_robisoni_FEG200205_105-image.logs_paraphronima_corneas_without_elastic_deformation_lightning_logs_version_2_checkpoints_last_x_3_y_3_z_3_average_threshold_None_prediction_peak_min_val_0_25_method_center_of_mass,./analysis_output/P_robisoni_FEG200205_105-image.logs_paraphronima_corneas_without_elastic_deformation_lightning_logs_version_2_checkpoints_last_x_3_y_3_z_3_average_threshold_None_prediction_peak_min_val_0_25_method_center_of_mass.resampled_space_peaks_results.pickle
P_crassipes_FEG190213_003b_02_head-image.logs_paraphronima_corneas_without_elastic_deformation_lightning_logs_version_2_checkpoints_last_x_3_y_3_z_3_average_threshold_0.25_prediction_peak_min_val_0_5_method_center_of_mass,./analysis_output/P_crassipes_FEG190213_003b_02_head-image.logs_paraphronima_corneas_without_elastic_deformation_lightning_logs_version_2_checkpoints_last_x_3_y_3_z_3_average_threshold_0.25_prediction_peak_min_val_0_5_method_center_of_mass.resampled_space_pe_results.pickle
P_crassipes_FEG190801_034_00001_new-image.logs_paraphronima_corneas_without_elastic_deformation_lightning_logs_version_2_checkpoints_last_x_3_y_3_z_3_average_threshold_None_prediction_peak_min_val_0_25_method_center_of_mass,./analysis_output/P_crassipes_FEG190801_034_00001_new-image.logs_paraphronima_corneas_without_elastic_deformation_lightning_logs_version_2_checkpoints_last_x_3_y_3_z_3_average_threshold_None_prediction_peak_min_val_0_25_method_center_of_mass.resampled_space__results.pickle
P_crassipes_FEG190213_003b_02_head-image.logs_paraphronima_corneas_without_elastic_deformation_lightning_logs_version_2_checkpoints_last_x_3_y_3_z_3_average_threshold_0.25_prediction_peak_min_val_0_25_method_center_of_mass,./analysis_output/P_crassipes_FEG190213_003b_02_head-image.logs_paraphronima_corneas_without_elastic_deformation_lightning_logs_version_2_checkpoints_last_x_3_y_3_z_3_average_threshold_0.25_prediction_peak_min_val_0_25_method_center_of_mass.resampled_space_p_results.pickle
P_gracilis_FEG190213_003a_head-image.logs_paraphronima_corneas_without_elastic_deformation_lightning_logs_version_2_checkpoints_last_ckptx_3_y_3_z_3_average_threshold_0_25_prediction_peak_min_val_0_25_method_max_filter,./analysis_output/P_gracilis_FEG190213_003a_head-image.logs_paraphronima_corneas_without_elastic_deformation_lightning_logs_version_2_checkpoints_last_ckptx_3_y_3_z_3_average_threshold_0_25_prediction_peak_min_val_0_25_method_max_filter.resampled_space_peaks_results.pickle
P_robisoni_FEG200205_105-image.logs_paraphronima_corneas_without_elastic_deformation_lightning_logs_version_2_checkpoints_last_ckptx_3_y_3_z_3_average_threshold_0_5_prediction_peak_min_val_0_5_method_max_filter,./analysis_output/P_robisoni_FEG200205_105-image.logs_paraphronima_corneas_without_elastic_deformation_lightning_logs_version_2_checkpoints_last_ckptx_3_y_3_z_3_average_threshold_0_5_prediction_peak_min_val_0_5_method_max_filter.resampled_space_peaks_results.pickle
P_gracilis_FEG190213_003a_head-image.logs_paraphronima_corneas_without_elastic_deformation_lightning_logs_version_2_checkpoints_last_x_3_y_3_z_3_average_threshold_0.25_prediction_peak_min_val_0_5_method_max_filter,./analysis_output/P_gracilis_FEG190213_003a_head-image.logs_paraphronima_corneas_without_elastic_deformation_lightning_logs_version_2_checkpoints_last_x_3_y_3_z_3_average_threshold_0.25_prediction_peak_min_val_0_5_method_max_filter.resampled_space_peaks_results.pickle
Paraphronima_FEG181024_head_sp_8_1423158-image.logs_paraphronima_corneas_without_elastic_deformation_lightning_logs_version_2_checkpoints_last_x_3_y_3_z_3_average_threshold_0.5_prediction_peak_min_val_0_5_method_center_of_mass,./analysis_output/Paraphronima_FEG181024_head_sp_8_1423158-image.logs_paraphronima_corneas_without_elastic_deformation_lightning_logs_version_2_checkpoints_last_x_3_y_3_z_3_average_threshold_0.5_prediction_peak_min_val_0_5_method_center_of_mass.resampled_spa_results.pickle
P_crassipes_FEG190801_034_00001_new-image.logs_paraphronima_corneas_without_random_scale_lightning_logs_version_3_checkpoints_last_x_3_y_3_z_3_average_threshold_0.25_prediction_peak_min_val_0_5_method_center_of_mass,./analysis_output/P_crassipes_FEG190801_034_00001_new-image.logs_paraphronima_corneas_without_random_scale_lightning_logs_version_3_checkpoints_last_x_3_y_3_z_3_average_threshold_0.25_prediction_peak_min_val_0_5_method_center_of_mass.resampled_space_peaks_results.pickle
P_crassipes_FEG190213_003b_02_head-image.logs_paraphronima_corneas_without_random_scale_lightning_logs_version_3_checkpoints_last_ckptx_3_y_3_z_3_average_threshold_None_prediction_peak_min_val_0_25_method_max_filter,./analysis_output/P_crassipes_FEG190213_003b_02_head-image.logs_paraphronima_corneas_without_random_scale_lightning_logs_version_3_checkpoints_last_ckptx_3_y_3_z_3_average_threshold_None_prediction_peak_min_val_0_25_method_max_filter.resampled_space_peaks_results.pickle
P_crassipes_FEG190801_034_00001_new-image.logs_paraphronima_corneas_without_random_scale_lightning_logs_version_3_checkpoints_last_ckptx_3_y_3_z_3_average_threshold_0_5_prediction_peak_min_val_0_25_method_center_of_mass,./analysis_output/P_crassipes_FEG190801_034_00001_new-image.logs_paraphronima_corneas_without_random_scale_lightning_logs_version_3_checkpoints_last_ckptx_3_y_3_z_3_average_threshold_0_5_prediction_peak_min_val_0_25_method_center_of_mass.resampled_space_peak_results.pickle
Paraphronima_FEG181024_head_sp_8_1423158-image.logs_paraphronima_corneas_without_random_scale_lightning_logs_version_3_checkpoints_last_x_3_y_3_z_3_average_threshold_0.25_prediction_peak_min_val_0_5_method_max_filter,./analysis_output/Paraphronima_FEG181024_head_sp_8_1423158-image.logs_paraphronima_corneas_without_random_scale_lightning_logs_version_3_checkpoints_last_x_3_y_3_z_3_average_threshold_0.25_prediction_peak_min_val_0_5_method_max_filter.resampled_space_peaks_results.pickle
P_gracilis_FEG190213_003a_head-image.logs_paraphronima_corneas_without_random_scale_lightning_logs_version_3_checkpoints_last_x_3_y_3_z_3_average_threshold_None_prediction_peak_min_val_0_5_method_max_filter,./analysis_output/P_gracilis_FEG190213_003a_head-image.logs_paraphronima_corneas_without_random_scale_lightning_logs_version_3_checkpoints_last_x_3_y_3_z_3_average_threshold_None_prediction_peak_min_val_0_5_method_max_filter.resampled_space_peaks_results.pickle
P_crassipes_FEG190801_034_00001_new-image.logs_paraphronima_corneas_without_random_scale_lightning_logs_version_3_checkpoints_last_x_3_y_3_z_3_average_threshold_0.5_prediction_peak_min_val_0_5_method_center_of_mass,./analysis_output/P_crassipes_FEG190801_034_00001_new-image.logs_paraphronima_corneas_without_random_scale_lightning_logs_version_3_checkpoints_last_x_3_y_3_z_3_average_threshold_0.5_prediction_peak_min_val_0_5_method_center_of_mass.resampled_space_peaks_results.pickle
Paraphronima_FEG181024_head_sp_8_1423158-image.logs_paraphronima_corneas_without_random_scale_lightning_logs_version_3_checkpoints_last_x_3_y_3_z_3_average_threshold_None_prediction_peak_min_val_0_5_method_center_of_mass,./analysis_output/Paraphronima_FEG181024_head_sp_8_1423158-image.logs_paraphronima_corneas_without_random_scale_lightning_logs_version_3_checkpoints_last_x_3_y_3_z_3_average_threshold_None_prediction_peak_min_val_0_5_method_center_of_mass.resampled_space_pea_results.pickle
P_crassipes_FEG190213_003b_02_head-image.logs_paraphronima_corneas_without_random_scale_lightning_logs_version_3_checkpoints_last_ckptx_3_y_3_z_3_average_threshold_0_25_prediction_peak_min_val_0_5_method_max_filter,./analysis_output/P_crassipes_FEG190213_003b_02_head-image.logs_paraphronima_corneas_without_random_scale_lightning_logs_version_3_checkpoints_last_ckptx_3_y_3_z_3_average_threshold_0_25_prediction_peak_min_val_0_5_method_max_filter.resampled_space_peaks_results.pickle
P_robisoni_FEG200205_105-image.logs_paraphronima_corneas_without_random_scale_lightning_logs_version_3_checkpoints_last_x_3_y_3_z_3_average_threshold_0.5_prediction_peak_min_val_0_5_method_center_of_mass,./analysis_output/P_robisoni_FEG200205_105-image.logs_paraphronima_corneas_without_random_scale_lightning_logs_version_3_checkpoints_last_x_3_y_3_z_3_average_threshold_0.5_prediction_peak_min_val_0_5_method_center_of_mass.resampled_space_peaks_results.pickle
P_robisoni_FEG200205_105-image.logs_paraphronima_corneas_without_random_scale_lightning_logs_version_3_checkpoints_last_ckptx_3_y_3_z_3_average_threshold_None_prediction_peak_min_val_0_5_method_center_of_mass,./analysis_output/P_robisoni_FEG200205_105-image.logs_paraphronima_corneas_without_random_scale_lightning_logs_version_3_checkpoints_last_ckptx_3_y_3_z_3_average_threshold_None_prediction_peak_min_val_0_5_method_center_of_mass.resampled_space_peaks_results.pickle
P_robisoni_FEG200205_105-image.logs_paraphronima_corneas_without_random_scale_lightning_logs_version_3_checkpoints_last_x_3_y_3_z_3_average_threshold_0.5_prediction_peak_min_val_0_5_method_max_filter,./analysis_output/P_robisoni_FEG200205_105-image.logs_paraphronima_corneas_without_random_scale_lightning_logs_version_3_checkpoints_last_x_3_y_3_z_3_average_threshold_0.5_prediction_peak_min_val_0_5_method_max_filter.resampled_space_peaks_results.pickle
P_gracilis_FEG190213_003a_head-image.logs_paraphronima_corneas_without_random_scale_lightning_logs_version_3_checkpoints_last_ckptx_3_y_3_z_3_average_threshold_0_5_prediction_peak_min_val_0_25_method_max_filter,./analysis_output/P_gracilis_FEG190213_003a_head-image.logs_paraphronima_corneas_without_random_scale_lightning_logs_version_3_checkpoints_last_ckptx_3_y_3_z_3_average_threshold_0_5_prediction_peak_min_val_0_25_method_max_filter.resampled_space_peaks_results.pickle
P_gracilis_FEG190213_003a_head-image.logs_paraphronima_corneas_without_random_scale_lightning_logs_version_3_checkpoints_last_x_3_y_3_z_3_average_threshold_0.5_prediction_peak_min_val_0_25_method_center_of_mass,./analysis_output/P_gracilis_FEG190213_003a_head-image.logs_paraphronima_corneas_without_random_scale_lightning_logs_version_3_checkpoints_last_x_3_y_3_z_3_average_threshold_0.5_prediction_peak_min_val_0_25_method_center_of_mass.resampled_space_peaks_results.pickle
P_crassipes_FEG190801_034_00001_new-image.logs_paraphronima_corneas_without_random_scale_lightning_logs_version_3_checkpoints_last_ckptx_3_y_3_z_3_average_threshold_None_prediction_peak_min_val_0_5_method_max_filter,./analysis_output/P_crassipes_FEG190801_034_00001_new-image.logs_paraphronima_corneas_without_random_scale_lightning_logs_version_3_checkpoints_last_ckptx_3_y_3_z_3_average_threshold_None_prediction_peak_min_val_0_5_method_max_filter.resampled_space_peaks_results.pickle
P_gracilis_FEG190213_003a_head-image.logs_paraphronima_corneas_without_random_scale_lightning_logs_version_3_checkpoints_last_x_3_y_3_z_3_average_threshold_None_prediction_peak_min_val_0_5_method_center_of_mass,./analysis_output/P_gracilis_FEG190213_003a_head-image.logs_paraphronima_corneas_without_random_scale_lightning_logs_version_3_checkpoints_last_x_3_y_3_z_3_average_threshold_None_prediction_peak_min_val_0_5_method_center_of_mass.resampled_space_peaks_results.pickle
Paraphronima_FEG181024_head_sp_8_1423158-image.logs_paraphronima_corneas_without_random_scale_lightning_logs_version_3_checkpoints_last_ckptx_3_y_3_z_3_average_threshold_None_prediction_peak_min_val_0_5_method_max_filter,./analysis_output/Paraphronima_FEG181024_head_sp_8_1423158-image.logs_paraphronima_corneas_without_random_scale_lightning_logs_version_3_checkpoints_last_ckptx_3_y_3_z_3_average_threshold_None_prediction_peak_min_val_0_5_method_max_filter.resampled_space_pea_results.pickle
P_crassipes_FEG190801_034_00001_new-image.logs_paraphronima_corneas_without_random_scale_lightning_logs_version_3_checkpoints_last_ckptx_3_y_3_z_3_average_threshold_0_5_prediction_peak_min_val_0_5_method_max_filter,./analysis_output/P_crassipes_FEG190801_034_00001_new-image.logs_paraphronima_corneas_without_random_scale_lightning_logs_version_3_checkpoints_last_ckptx_3_y_3_z_3_average_threshold_0_5_prediction_peak_min_val_0_5_method_max_filter.resampled_space_peaks_results.pickle
Paraphronima_FEG181024_head_sp_8_1423158-image.logs_paraphronima_corneas_without_random_scale_lightning_logs_version_3_checkpoints_last_ckptx_3_y_3_z_3_average_threshold_0_5_prediction_peak_min_val_0_5_method_max_filter,./analysis_output/Paraphronima_FEG181024_head_sp_8_1423158-image.logs_paraphronima_corneas_without_random_scale_lightning_logs_version_3_checkpoints_last_ckptx_3_y_3_z_3_average_threshold_0_5_prediction_peak_min_val_0_5_method_max_filter.resampled_space_peak_results.pickle
Paraphronima_FEG181024_head_sp_8_1423158-image.logs_paraphronima_corneas_without_random_scale_lightning_logs_version_3_checkpoints_last_ckptx_3_y_3_z_3_average_threshold_None_prediction_peak_min_val_0_25_method_max_filter,./analysis_output/Paraphronima_FEG181024_head_sp_8_1423158-image.logs_paraphronima_corneas_without_random_scale_lightning_logs_version_3_checkpoints_last_ckptx_3_y_3_z_3_average_threshold_None_prediction_peak_min_val_0_25_method_max_filter.resampled_space_pe_results.pickle
P_gracilis_FEG190213_003a_head-image.logs_paraphronima_corneas_without_random_rotation_lightning_logs_version_1_checkpoints_last_x_3_y_3_z_3_average_threshold_0.5_prediction_peak_min_val_0_5_method_max_filter,./analysis_output/P_gracilis_FEG190213_003a_head-image.logs_paraphronima_corneas_without_random_rotation_lightning_logs_version_1_checkpoints_last_x_3_y_3_z_3_average_threshold_0.5_prediction_peak_min_val_0_5_method_max_filter.resampled_space_peaks_results.pickle
P_gracilis_FEG190213_003a_head-image.logs_paraphronima_corneas_without_random_rotation_lightning_logs_version_1_checkpoints_last_x_3_y_3_z_3_average_threshold_0.5_prediction_peak_min_val_0_25_method_center_of_mass,./analysis_output/P_gracilis_FEG190213_003a_head-image.logs_paraphronima_corneas_without_random_rotation_lightning_logs_version_1_checkpoints_last_x_3_y_3_z_3_average_threshold_0.5_prediction_peak_min_val_0_25_method_center_of_mass.resampled_space_peaks_results.pickle
P_robisoni_FEG200205_105-image.logs_paraphronima_corneas_without_random_rotation_lightning_logs_version_1_checkpoints_last_ckptx_3_y_3_z_3_average_threshold_None_prediction_peak_min_val_0_5_method_max_filter,./analysis_output/P_robisoni_FEG200205_105-image.logs_paraphronima_corneas_without_random_rotation_lightning_logs_version_1_checkpoints_last_ckptx_3_y_3_z_3_average_threshold_None_prediction_peak_min_val_0_5_method_max_filter.resampled_space_peaks_results.pickle
Paraphronima_FEG181024_head_sp_8_1423158-image.logs_paraphronima_corneas_without_random_rotation_lightning_logs_version_1_checkpoints_last_x_3_y_3_z_3_average_threshold_0.5_prediction_peak_min_val_0_5_method_center_of_mass,./analysis_output/Paraphronima_FEG181024_head_sp_8_1423158-image.logs_paraphronima_corneas_without_random_rotation_lightning_logs_version_1_checkpoints_last_x_3_y_3_z_3_average_threshold_0.5_prediction_peak_min_val_0_5_method_center_of_mass.resampled_space_p_results.pickle
P_robisoni_FEG200205_105-image.logs_paraphronima_corneas_without_random_rotation_lightning_logs_version_1_checkpoints_last_x_3_y_3_z_3_average_threshold_0.25_prediction_peak_min_val_0_5_method_center_of_mass,./analysis_output/P_robisoni_FEG200205_105-image.logs_paraphronima_corneas_without_random_rotation_lightning_logs_version_1_checkpoints_last_x_3_y_3_z_3_average_threshold_0.25_prediction_peak_min_val_0_5_method_center_of_mass.resampled_space_peaks_results.pickle
Paraphronima_FEG181024_head_sp_8_1423158-image.logs_paraphronima_corneas_without_random_rotation_lightning_logs_version_1_checkpoints_last_ckptx_3_y_3_z_3_average_threshold_0_25_prediction_peak_min_val_0_25_method_center_of_mass,./analysis_output/Paraphronima_FEG181024_head_sp_8_1423158-image.logs_paraphronima_corneas_without_random_rotation_lightning_logs_version_1_checkpoints_last_ckptx_3_y_3_z_3_average_threshold_0_25_prediction_peak_min_val_0_25_method_center_of_mass.resampled_s_results.pickle
P_crassipes_FEG190801_034_00001_new-image.logs_paraphronima_corneas_without_random_rotation_lightning_logs_version_1_checkpoints_last_x_3_y_3_z_3_average_threshold_None_prediction_peak_min_val_0_5_method_center_of_mass,./analysis_output/P_crassipes_FEG190801_034_00001_new-image.logs_paraphronima_corneas_without_random_rotation_lightning_logs_version_1_checkpoints_last_x_3_y_3_z_3_average_threshold_None_prediction_peak_min_val_0_5_method_center_of_mass.resampled_space_peaks_results.pickle
P_gracilis_FEG190213_003a_head-image.logs_paraphronima_corneas_without_random_rotation_lightning_logs_version_1_checkpoints_last_ckptx_3_y_3_z_3_average_threshold_0_25_prediction_peak_min_val_0_5_method_center_of_mass,./analysis_output/P_gracilis_FEG190213_003a_head-image.logs_paraphronima_corneas_without_random_rotation_lightning_logs_version_1_checkpoints_last_ckptx_3_y_3_z_3_average_threshold_0_25_prediction_peak_min_val_0_5_method_center_of_mass.resampled_space_peaks_results.pickle
P_crassipes_FEG190213_003b_02_head-image.logs_paraphronima_corneas_without_random_rotation_lightning_logs_version_1_checkpoints_last_ckptx_3_y_3_z_3_average_threshold_0_25_prediction_peak_min_val_0_25_method_center_of_mass,./analysis_output/P_crassipes_FEG190213_003b_02_head-image.logs_paraphronima_corneas_without_random_rotation_lightning_logs_version_1_checkpoints_last_ckptx_3_y_3_z_3_average_threshold_0_25_prediction_peak_min_val_0_25_method_center_of_mass.resampled_space_p_results.pickle
P_crassipes_FEG190801_034_00001_new-image.logs_paraphronima_corneas_without_random_rotation_lightning_logs_version_1_checkpoints_last_x_3_y_3_z_3_average_threshold_0.25_prediction_peak_min_val_0_25_method_max_filter,./analysis_output/P_crassipes_FEG190801_034_00001_new-image.logs_paraphronima_corneas_without_random_rotation_lightning_logs_version_1_checkpoints_last_x_3_y_3_z_3_average_threshold_0.25_prediction_peak_min_val_0_25_method_max_filter.resampled_space_peaks_results.pickle
P_robisoni_FEG200205_105-image.logs_paraphronima_corneas_without_random_rotation_lightning_logs_version_1_checkpoints_last_ckptx_3_y_3_z_3_average_threshold_0_25_prediction_peak_min_val_0_25_method_center_of_mass,./analysis_output/P_robisoni_FEG200205_105-image.logs_paraphronima_corneas_without_random_rotation_lightning_logs_version_1_checkpoints_last_ckptx_3_y_3_z_3_average_threshold_0_25_prediction_peak_min_val_0_25_method_center_of_mass.resampled_space_peaks_results.pickle
P_crassipes_FEG190801_034_00001_new-image.logs_paraphronima_corneas_without_random_rotation_lightning_logs_version_1_checkpoints_last_x_3_y_3_z_3_average_threshold_0.25_prediction_peak_min_val_0_5_method_max_filter,./analysis_output/P_crassipes_FEG190801_034_00001_new-image.logs_paraphronima_corneas_without_random_rotation_lightning_logs_version_1_checkpoints_last_x_3_y_3_z_3_average_threshold_0.25_prediction_peak_min_val_0_5_method_max_filter.resampled_space_peaks_results.pickle
P_robisoni_FEG200205_105-image.logs_paraphronima_corneas_without_random_rotation_lightning_logs_version_1_checkpoints_last_ckptx_3_y_3_z_3_average_threshold_0_25_prediction_peak_min_val_0_5_method_center_of_mass,./analysis_output/P_robisoni_FEG200205_105-image.logs_paraphronima_corneas_without_random_rotation_lightning_logs_version_1_checkpoints_last_ckptx_3_y_3_z_3_average_threshold_0_25_prediction_peak_min_val_0_5_method_center_of_mass.resampled_space_peaks_results.pickle
P_crassipes_FEG190213_003b_02_head-image.logs_paraphronima_corneas_without_random_rotation_lightning_logs_version_1_checkpoints_last_ckptx_3_y_3_z_3_average_threshold_0_5_prediction_peak_min_val_0_25_method_center_of_mass,./analysis_output/P_crassipes_FEG190213_003b_02_head-image.logs_paraphronima_corneas_without_random_rotation_lightning_logs_version_1_checkpoints_last_ckptx_3_y_3_z_3_average_threshold_0_5_prediction_peak_min_val_0_25_method_center_of_mass.resampled_space_pe_results.pickle
P_gracilis_FEG190213_003a_head-image.logs_paraphronima_corneas_without_random_rotation_lightning_logs_version_1_checkpoints_last_ckptx_3_y_3_z_3_average_threshold_0_5_prediction_peak_min_val_0_5_method_max_filter,./analysis_output/P_gracilis_FEG190213_003a_head-image.logs_paraphronima_corneas_without_random_rotation_lightning_logs_version_1_checkpoints_last_ckptx_3_y_3_z_3_average_threshold_0_5_prediction_peak_min_val_0_5_method_max_filter.resampled_space_peaks_results.pickle
Paraphronima_FEG181024_head_sp_8_1423158-image.logs_paraphronima_corneas_without_random_rotation_lightning_logs_version_1_checkpoints_last_x_3_y_3_z_3_average_threshold_0.5_prediction_peak_min_val_0_25_method_center_of_mass,./analysis_output/Paraphronima_FEG181024_head_sp_8_1423158-image.logs_paraphronima_corneas_without_random_rotation_lightning_logs_version_1_checkpoints_last_x_3_y_3_z_3_average_threshold_0.5_prediction_peak_min_val_0_25_method_center_of_mass.resampled_space__results.pickle
Paraphronima_FEG181024_head_sp_8_1423158-image.logs_paraphronima_corneas_without_random_rotation_lightning_logs_version_1_checkpoints_last_x_3_y_3_z_3_average_threshold_None_prediction_peak_min_val_0_5_method_center_of_mass,./analysis_output/Paraphronima_FEG181024_head_sp_8_1423158-image.logs_paraphronima_corneas_without_random_rotation_lightning_logs_version_1_checkpoints_last_x_3_y_3_z_3_average_threshold_None_prediction_peak_min_val_0_5_method_center_of_mass.resampled_space__results.pickle
P_crassipes_FEG190801_034_00001_new-image.logs_paraphronima_corneas_without_random_rotation_lightning_logs_version_1_checkpoints_last_x_3_y_3_z_3_average_threshold_0.5_prediction_peak_min_val_0_5_method_center_of_mass,./analysis_output/P_crassipes_FEG190801_034_00001_new-image.logs_paraphronima_corneas_without_random_rotation_lightning_logs_version_1_checkpoints_last_x_3_y_3_z_3_average_threshold_0.5_prediction_peak_min_val_0_5_method_center_of_mass.resampled_space_peaks_results.pickle
P_crassipes_FEG190213_003b_02_head-image.logs_paraphronima_corneas_without_random_rotation_lightning_logs_version_1_checkpoints_last_x_3_y_3_z_3_average_threshold_0.25_prediction_peak_min_val_0_5_method_center_of_mass,./analysis_output/P_crassipes_FEG190213_003b_02_head-image.logs_paraphronima_corneas_without_random_rotation_lightning_logs_version_1_checkpoints_last_x_3_y_3_z_3_average_threshold_0.25_prediction_peak_min_val_0_5_method_center_of_mass.resampled_space_peaks_results.pickle
P_crassipes_FEG191022_077A-image.logs_paraphronima_rhabdoms_without_random_rotation_lightning_logs_version_2_checkpoints_last_x_3_y_3_z_3_average_threshold_0.25_prediction_peak_min_val_0_5_method_max_filter,./analysis_output/P_crassipes_FEG191022_077A-image.logs_paraphronima_rhabdoms_without_random_rotation_lightning_logs_version_2_checkpoints_last_x_3_y_3_z_3_average_threshold_0.25_prediction_peak_min_val_0_5_method_max_filter.resampled_space_peaks_results.pickle
FEG200205_108_crop-image.logs_paraphronima_rhabdoms_without_random_scale_lightning_logs_version_3_checkpoints_last_x_3_y_3_z_3_average_threshold_0.5_prediction_peak_min_val_0_25_method_max_filter,./analysis_output/FEG200205_108_crop-image.logs_paraphronima_rhabdoms_without_random_scale_lightning_logs_version_3_checkpoints_last_x_3_y_3_z_3_average_threshold_0.5_prediction_peak_min_val_0_25_method_max_filter.resampled_space_peaks_results.pickle
flammula_20190925_male_left-image.logs_fiddlercrab_rhabdoms_hist_std_lightning_logs_version_0_checkpoints_last_x_3_y_3_z_3_average_threshold_None_prediction_peak_min_val_0_25_method_center_of_mass,./analysis_output/flammula_20190925_male_left-image.logs_fiddlercrab_rhabdoms_hist_std_lightning_logs_version_0_checkpoints_last_x_3_y_3_z_3_average_threshold_None_prediction_peak_min_val_0_25_method_center_of_mass.resampled_space_peaks_results.pickle
flammula_20190925_male_left-image.logs_fiddlercrab_rhabdoms_with_target_heatmap_masking_lightning_logs_version_2_checkpoints_last_x_3_y_3_z_3_average_threshold_0.5_prediction_peak_min_val_0_5_method_max_filter,./analysis_output/flammula_20190925_male_left-image.logs_fiddlercrab_rhabdoms_with_target_heatmap_masking_lightning_logs_version_2_checkpoints_last_x_3_y_3_z_3_average_threshold_0.5_prediction_peak_min_val_0_5_method_max_filter.resampled_space_peaks_results.pickle
P_crassipes_FEG200129_099-image.logs_paraphronima_rhabdoms_without_random_rotation_lightning_logs_version_2_checkpoints_last_x_3_y_3_z_3_average_threshold_0.5_prediction_peak_min_val_0_25_method_max_filter,./analysis_output/P_crassipes_FEG200129_099-image.logs_paraphronima_rhabdoms_without_random_rotation_lightning_logs_version_2_checkpoints_last_x_3_y_3_z_3_average_threshold_0.5_prediction_peak_min_val_0_25_method_max_filter.resampled_space_peaks_results.pickle
dampieri_male_16-image.logs_fiddlercrab_corneas_lightning_logs_version_26_checkpoints_last_x_3_y_3_z_3_average_threshold_None_prediction_peak_min_val_0_25_method_center_of_mass,./analysis_output/dampieri_male_16-image.logs_fiddlercrab_corneas_lightning_logs_version_26_checkpoints_last_x_3_y_3_z_3_average_threshold_None_prediction_peak_min_val_0_25_method_center_of_mass.resampled_space_peaks_results.pickle
P_crassipes_FEG191022_077A-image.logs_paraphronima_rhabdoms_without_random_rotation_lightning_logs_version_2_checkpoints_last_x_3_y_3_z_3_average_threshold_None_prediction_peak_min_val_0_5_method_max_filter,./analysis_output/P_crassipes_FEG191022_077A-image.logs_paraphronima_rhabdoms_without_random_rotation_lightning_logs_version_2_checkpoints_last_x_3_y_3_z_3_average_threshold_None_prediction_peak_min_val_0_5_method_max_filter.resampled_space_peaks_results.pickle
flammula_20190925_male_left-image.logs_fiddlercrab_corneas_without_elastic_deformation_lightning_logs_version_2_checkpoints_last_x_3_y_3_z_3_average_threshold_0.5_prediction_peak_min_val_0_5_method_center_of_mass,./analysis_output/flammula_20190925_male_left-image.logs_fiddlercrab_corneas_without_elastic_deformation_lightning_logs_version_2_checkpoints_last_x_3_y_3_z_3_average_threshold_0.5_prediction_peak_min_val_0_5_method_center_of_mass.resampled_space_peaks_results.pickle
dampieri_male_16-image.logs_fiddlercrab_corneas_hist_std_z_norm_lightning_logs_version_0_checkpoints_last_x_3_y_3_z_3_average_threshold_0.25_prediction_peak_min_val_0_25_method_center_of_mass,./analysis_output/dampieri_male_16-image.logs_fiddlercrab_corneas_hist_std_z_norm_lightning_logs_version_0_checkpoints_last_x_3_y_3_z_3_average_threshold_0.25_prediction_peak_min_val_0_25_method_center_of_mass.resampled_space_peaks_results.pickle
P_crassipes_FEG191022_077A-image.logs_paraphronima_rhabdoms_without_random_scale_lightning_logs_version_3_checkpoints_last_x_3_y_3_z_3_average_threshold_0.5_prediction_peak_min_val_0_25_method_max_filter,./analysis_output/P_crassipes_FEG191022_077A-image.logs_paraphronima_rhabdoms_without_random_scale_lightning_logs_version_3_checkpoints_last_x_3_y_3_z_3_average_threshold_0.5_prediction_peak_min_val_0_25_method_max_filter.resampled_space_peaks_results.pickle
P_crassipes_FEG191022_077A-image.logs_paraphronima_rhabdoms_without_random_scale_lightning_logs_version_3_checkpoints_last_x_3_y_3_z_3_average_threshold_None_prediction_peak_min_val_0_25_method_center_of_mass,./analysis_output/P_crassipes_FEG191022_077A-image.logs_paraphronima_rhabdoms_without_random_scale_lightning_logs_version_3_checkpoints_last_x_3_y_3_z_3_average_threshold_None_prediction_peak_min_val_0_25_method_center_of_mass.resampled_space_peaks_results.pickle
dampieri_male_16-image.logs_fiddlercrab_rhabdoms_hist_std_z_norm_lightning_logs_version_0_checkpoints_last_x_3_y_3_z_3_average_threshold_0.5_prediction_peak_min_val_0_5_method_center_of_mass,./analysis_output/dampieri_male_16-image.logs_fiddlercrab_rhabdoms_hist_std_z_norm_lightning_logs_version_0_checkpoints_last_x_3_y_3_z_3_average_threshold_0.5_prediction_peak_min_val_0_5_method_center_of_mass.resampled_space_peaks_results.pickle
P_crassipes_FEG191022_077A-image.logs_paraphronima_rhabdoms_lightning_logs_version_23_checkpoints_last_x_3_y_3_z_3_average_threshold_0.25_prediction_peak_min_val_0_5_method_center_of_mass,./analysis_output/P_crassipes_FEG191022_077A-image.logs_paraphronima_rhabdoms_lightning_logs_version_23_checkpoints_last_x_3_y_3_z_3_average_threshold_0.25_prediction_peak_min_val_0_5_method_center_of_mass.resampled_space_peaks_results.pickle
P_crassipes_FEG200129_099-image.logs_paraphronima_rhabdoms_without_target_heatmap_masking_lightning_logs_version_1_checkpoints_last_x_3_y_3_z_3_average_threshold_0.25_prediction_peak_min_val_0_25_method_max_filter,./analysis_output/P_crassipes_FEG200129_099-image.logs_paraphronima_rhabdoms_without_target_heatmap_masking_lightning_logs_version_1_checkpoints_last_x_3_y_3_z_3_average_threshold_0.25_prediction_peak_min_val_0_25_method_max_filter.resampled_space_peaks_results.pickle
dampieri_male_16-image.logs_fiddlercrab_rhabdoms_without_random_rotation_lightning_logs_version_0_checkpoints_last_x_3_y_3_z_3_average_threshold_0.25_prediction_peak_min_val_0_5_method_center_of_mass,./analysis_output/dampieri_male_16-image.logs_fiddlercrab_rhabdoms_without_random_rotation_lightning_logs_version_0_checkpoints_last_x_3_y_3_z_3_average_threshold_0.25_prediction_peak_min_val_0_5_method_center_of_mass.resampled_space_peaks_results.pickle
dampieri_male_16-image.logs_fiddlercrab_corneas_hist_std_lightning_logs_version_0_checkpoints_last_x_3_y_3_z_3_average_threshold_0.5_prediction_peak_min_val_0_25_method_center_of_mass,./analysis_output/dampieri_male_16-image.logs_fiddlercrab_corneas_hist_std_lightning_logs_version_0_checkpoints_last_x_3_y_3_z_3_average_threshold_0.5_prediction_peak_min_val_0_25_method_center_of_mass.resampled_space_peaks_results.pickle
flammula_20190925_male_left-image.logs_fiddlercrab_corneas_hist_std_z_norm_lightning_logs_version_0_checkpoints_last_x_3_y_3_z_3_average_threshold_None_prediction_peak_min_val_0_5_method_center_of_mass,./analysis_output/flammula_20190925_male_left-image.logs_fiddlercrab_corneas_hist_std_z_norm_lightning_logs_version_0_checkpoints_last_x_3_y_3_z_3_average_threshold_None_prediction_peak_min_val_0_5_method_center_of_mass.resampled_space_peaks_results.pickle
flammula_20190925_male_left-image.logs_fiddlercrab_corneas_without_random_rotation_lightning_logs_version_2_checkpoints_last_x_3_y_3_z_3_average_threshold_None_prediction_peak_min_val_0_25_method_center_of_mass,./analysis_output/flammula_20190925_male_left-image.logs_fiddlercrab_corneas_without_random_rotation_lightning_logs_version_2_checkpoints_last_x_3_y_3_z_3_average_threshold_None_prediction_peak_min_val_0_25_method_center_of_mass.resampled_space_peaks_results.pickle
P_crassipes_FEG191022_077A-image.logs_paraphronima_rhabdoms_lightning_logs_version_23_checkpoints_last_x_3_y_3_z_3_average_threshold_None_prediction_peak_min_val_0_5_method_max_filter,./analysis_output/P_crassipes_FEG191022_077A-image.logs_paraphronima_rhabdoms_lightning_logs_version_23_checkpoints_last_x_3_y_3_z_3_average_threshold_None_prediction_peak_min_val_0_5_method_max_filter.resampled_space_peaks_results.pickle
dampieri_male_16-image.logs_fiddlercrab_corneas_without_random_rotation_lightning_logs_version_2_checkpoints_last_x_3_y_3_z_3_average_threshold_None_prediction_peak_min_val_0_25_method_center_of_mass,./analysis_output/dampieri_male_16-image.logs_fiddlercrab_corneas_without_random_rotation_lightning_logs_version_2_checkpoints_last_x_3_y_3_z_3_average_threshold_None_prediction_peak_min_val_0_25_method_center_of_mass.resampled_space_peaks_results.pickle
P_crassipes_FEG190213_003b_02_head-image.logs_paraphronima_corneas_lightning_logs_version_11_checkpoints_last_x_3_y_3_z_3_average_threshold_0.25_prediction_peak_min_val_0_5_method_max_filter,./analysis_output/P_crassipes_FEG190213_003b_02_head-image.logs_paraphronima_corneas_lightning_logs_version_11_checkpoints_last_x_3_y_3_z_3_average_threshold_0.25_prediction_peak_min_val_0_5_method_max_filter.resampled_space_peaks_results.pickle
P_crassipes_FEG200129_099-image.logs_paraphronima_rhabdoms_without_elastic_deformation_lightning_logs_version_2_checkpoints_last_x_3_y_3_z_3_average_threshold_None_prediction_peak_min_val_0_5_method_center_of_mass,./analysis_output/P_crassipes_FEG200129_099-image.logs_paraphronima_rhabdoms_without_elastic_deformation_lightning_logs_version_2_checkpoints_last_x_3_y_3_z_3_average_threshold_None_prediction_peak_min_val_0_5_method_center_of_mass.resampled_space_peaks_results.pickle
P_crassipes_FEG200129_099-image.logs_paraphronima_rhabdoms_without_elastic_deformation_lightning_logs_version_2_checkpoints_last_x_3_y_3_z_3_average_threshold_0.25_prediction_peak_min_val_0_5_method_max_filter,./analysis_output/P_crassipes_FEG200129_099-image.logs_paraphronima_rhabdoms_without_elastic_deformation_lightning_logs_version_2_checkpoints_last_x_3_y_3_z_3_average_threshold_0.25_prediction_peak_min_val_0_5_method_max_filter.resampled_space_peaks_results.pickle
dampieri_male_16-image.logs_fiddlercrab_rhabdoms_hist_std_z_norm_lightning_logs_version_0_checkpoints_last_x_3_y_3_z_3_average_threshold_0.25_prediction_peak_min_val_0_25_method_max_filter,./analysis_output/dampieri_male_16-image.logs_fiddlercrab_rhabdoms_hist_std_z_norm_lightning_logs_version_0_checkpoints_last_x_3_y_3_z_3_average_threshold_0.25_prediction_peak_min_val_0_25_method_max_filter.resampled_space_peaks_results.pickle
dampieri_male_16-image.logs_fiddlercrab_corneas_hist_std_lightning_logs_version_0_checkpoints_last_x_3_y_3_z_3_average_threshold_0.5_prediction_peak_min_val_0_5_method_center_of_mass,./analysis_output/dampieri_male_16-image.logs_fiddlercrab_corneas_hist_std_lightning_logs_version_0_checkpoints_last_x_3_y_3_z_3_average_threshold_0.5_prediction_peak_min_val_0_5_method_center_of_mass.resampled_space_peaks_results.pickle
flammula_20190925_male_left-image.logs_fiddlercrab_corneas_lightning_logs_version_26_checkpoints_last_x_3_y_3_z_3_average_threshold_0.5_prediction_peak_min_val_0_25_method_center_of_mass,./analysis_output/flammula_20190925_male_left-image.logs_fiddlercrab_corneas_lightning_logs_version_26_checkpoints_last_x_3_y_3_z_3_average_threshold_0.5_prediction_peak_min_val_0_25_method_center_of_mass.resampled_space_peaks_results.pickle
dampieri_male_16-image.logs_fiddlercrab_rhabdoms_lightning_logs_version_10_checkpoints_last_x_3_y_3_z_3_average_threshold_0.25_prediction_peak_min_val_0_5_method_center_of_mass,./analysis_output/dampieri_male_16-image.logs_fiddlercrab_rhabdoms_lightning_logs_version_10_checkpoints_last_x_3_y_3_z_3_average_threshold_0.25_prediction_peak_min_val_0_5_method_center_of_mass.resampled_space_peaks_results.pickle
dampieri_male_16-image.logs_fiddlercrab_rhabdoms_without_random_rotation_lightning_logs_version_0_checkpoints_last_x_3_y_3_z_3_average_threshold_0.5_prediction_peak_min_val_0_5_method_max_filter,./analysis_output/dampieri_male_16-image.logs_fiddlercrab_rhabdoms_without_random_rotation_lightning_logs_version_0_checkpoints_last_x_3_y_3_z_3_average_threshold_0.5_prediction_peak_min_val_0_5_method_max_filter.resampled_space_peaks_results.pickle
P_crassipes_FEG191022_077A-image.logs_paraphronima_rhabdoms_without_random_rotation_lightning_logs_version_2_checkpoints_last_x_3_y_3_z_3_average_threshold_0.25_prediction_peak_min_val_0_5_method_center_of_mass,./analysis_output/P_crassipes_FEG191022_077A-image.logs_paraphronima_rhabdoms_without_random_rotation_lightning_logs_version_2_checkpoints_last_x_3_y_3_z_3_average_threshold_0.25_prediction_peak_min_val_0_5_method_center_of_mass.resampled_space_peaks_results.pickle
dampieri_male_16-image.logs_fiddlercrab_rhabdoms_lightning_logs_version_10_checkpoints_last_x_3_y_3_z_3_average_threshold_0.5_prediction_peak_min_val_0_5_method_max_filter,./analysis_output/dampieri_male_16-image.logs_fiddlercrab_rhabdoms_lightning_logs_version_10_checkpoints_last_x_3_y_3_z_3_average_threshold_0.5_prediction_peak_min_val_0_5_method_max_filter.resampled_space_peaks_results.pickle
dampieri_male_16-image.logs_fiddlercrab_corneas_lightning_logs_version_26_checkpoints_last_x_3_y_3_z_3_average_threshold_0.25_prediction_peak_min_val_0_25_method_max_filter,./analysis_output/dampieri_male_16-image.logs_fiddlercrab_corneas_lightning_logs_version_26_checkpoints_last_x_3_y_3_z_3_average_threshold_0.25_prediction_peak_min_val_0_25_method_max_filter.resampled_space_peaks_results.pickle
P_crassipes_FEG200129_099-image.logs_paraphronima_rhabdoms_without_elastic_deformation_lightning_logs_version_2_checkpoints_last_x_3_y_3_z_3_average_threshold_None_prediction_peak_min_val_0_5_method_max_filter,./analysis_output/P_crassipes_FEG200129_099-image.logs_paraphronima_rhabdoms_without_elastic_deformation_lightning_logs_version_2_checkpoints_last_x_3_y_3_z_3_average_threshold_None_prediction_peak_min_val_0_5_method_max_filter.resampled_space_peaks_results.pickle
dampieri_male_16-image.logs_fiddlercrab_corneas_hist_std_z_norm_lightning_logs_version_0_checkpoints_last_x_3_y_3_z_3_average_threshold_None_prediction_peak_min_val_0_25_method_center_of_mass,./analysis_output/dampieri_male_16-image.logs_fiddlercrab_corneas_hist_std_z_norm_lightning_logs_version_0_checkpoints_last_x_3_y_3_z_3_average_threshold_None_prediction_peak_min_val_0_25_method_center_of_mass.resampled_space_peaks_results.pickle
dampieri_male_16-image.logs_fiddlercrab_rhabdoms_with_target_heatmap_masking_lightning_logs_version_2_checkpoints_last_x_3_y_3_z_3_average_threshold_0.5_prediction_peak_min_val_0_5_method_max_filter,./analysis_output/dampieri_male_16-image.logs_fiddlercrab_rhabdoms_with_target_heatmap_masking_lightning_logs_version_2_checkpoints_last_x_3_y_3_z_3_average_threshold_0.5_prediction_peak_min_val_0_5_method_max_filter.resampled_space_peaks_results.pickle
P_crassipes_FEG191022_077A-image.logs_paraphronima_rhabdoms_without_target_heatmap_masking_lightning_logs_version_1_checkpoints_last_x_3_y_3_z_3_average_threshold_0.5_prediction_peak_min_val_0_25_method_center_of_mass,./analysis_output/P_crassipes_FEG191022_077A-image.logs_paraphronima_rhabdoms_without_target_heatmap_masking_lightning_logs_version_1_checkpoints_last_x_3_y_3_z_3_average_threshold_0.5_prediction_peak_min_val_0_25_method_center_of_mass.resampled_space_peaks_results.pickle
dampieri_male_16-image.logs_fiddlercrab_rhabdoms_without_random_rotation_lightning_logs_version_0_checkpoints_last_x_3_y_3_z_3_average_threshold_None_prediction_peak_min_val_0_25_method_max_filter,./analysis_output/dampieri_male_16-image.logs_fiddlercrab_rhabdoms_without_random_rotation_lightning_logs_version_0_checkpoints_last_x_3_y_3_z_3_average_threshold_None_prediction_peak_min_val_0_25_method_max_filter.resampled_space_peaks_results.pickle
dampieri_male_16-image.logs_fiddlercrab_rhabdoms_without_elastic_deformation_lightning_logs_version_3_checkpoints_last_x_3_y_3_z_3_average_threshold_0.5_prediction_peak_min_val_0_5_method_max_filter,./analysis_output/dampieri_male_16-image.logs_fiddlercrab_rhabdoms_without_elastic_deformation_lightning_logs_version_3_checkpoints_last_x_3_y_3_z_3_average_threshold_0.5_prediction_peak_min_val_0_5_method_max_filter.resampled_space_peaks_results.pickle
dampieri_male_16-image.logs_fiddlercrab_corneas_lightning_logs_version_26_checkpoints_last_x_3_y_3_z_3_average_threshold_0.25_prediction_peak_min_val_0_5_method_max_filter,./analysis_output/dampieri_male_16-image.logs_fiddlercrab_corneas_lightning_logs_version_26_checkpoints_last_x_3_y_3_z_3_average_threshold_0.25_prediction_peak_min_val_0_5_method_max_filter.resampled_space_peaks_results.pickle
flammula_20190925_male_left-image.logs_fiddlercrab_corneas_hist_std_lightning_logs_version_0_checkpoints_last_x_3_y_3_z_3_average_threshold_0.5_prediction_peak_min_val_0_25_method_max_filter,./analysis_output/flammula_20190925_male_left-image.logs_fiddlercrab_corneas_hist_std_lightning_logs_version_0_checkpoints_last_x_3_y_3_z_3_average_threshold_0.5_prediction_peak_min_val_0_25_method_max_filter.resampled_space_peaks_results.pickle
FEG200205_108_crop-image.logs_paraphronima_rhabdoms_without_random_scale_lightning_logs_version_3_checkpoints_last_x_3_y_3_z_3_average_threshold_0.25_prediction_peak_min_val_0_5_method_max_filter,./analysis_output/FEG200205_108_crop-image.logs_paraphronima_rhabdoms_without_random_scale_lightning_logs_version_3_checkpoints_last_x_3_y_3_z_3_average_threshold_0.25_prediction_peak_min_val_0_5_method_max_filter.resampled_space_peaks_results.pickle
FEG200205_108_crop-image.logs_paraphronima_rhabdoms_without_random_scale_lightning_logs_version_3_checkpoints_last_x_3_y_3_z_3_average_threshold_0.25_prediction_peak_min_val_0_25_method_center_of_mass,./analysis_output/FEG200205_108_crop-image.logs_paraphronima_rhabdoms_without_random_scale_lightning_logs_version_3_checkpoints_last_x_3_y_3_z_3_average_threshold_0.25_prediction_peak_min_val_0_25_method_center_of_mass.resampled_space_peaks_results.pickle
flammula_20190925_male_left-image.logs_fiddlercrab_rhabdoms_hist_std_lightning_logs_version_0_checkpoints_last_x_3_y_3_z_3_average_threshold_0.25_prediction_peak_min_val_0_25_method_center_of_mass,./analysis_output/flammula_20190925_male_left-image.logs_fiddlercrab_rhabdoms_hist_std_lightning_logs_version_0_checkpoints_last_x_3_y_3_z_3_average_threshold_0.25_prediction_peak_min_val_0_25_method_center_of_mass.resampled_space_peaks_results.pickle
P_crassipes_FEG191022_077A-image.logs_paraphronima_rhabdoms_without_random_rotation_lightning_logs_version_2_checkpoints_last_x_3_y_3_z_3_average_threshold_0.5_prediction_peak_min_val_0_25_method_max_filter,./analysis_output/P_crassipes_FEG191022_077A-image.logs_paraphronima_rhabdoms_without_random_rotation_lightning_logs_version_2_checkpoints_last_x_3_y_3_z_3_average_threshold_0.5_prediction_peak_min_val_0_25_method_max_filter.resampled_space_peaks_results.pickle
P_crassipes_FEG191022_077A-image.logs_paraphronima_rhabdoms_without_random_scale_lightning_logs_version_3_checkpoints_last_x_3_y_3_z_3_average_threshold_None_prediction_peak_min_val_0_5_method_max_filter,./analysis_output/P_crassipes_FEG191022_077A-image.logs_paraphronima_rhabdoms_without_random_scale_lightning_logs_version_3_checkpoints_last_x_3_y_3_z_3_average_threshold_None_prediction_peak_min_val_0_5_method_max_filter.resampled_space_peaks_results.pickle
flammula_20190925_male_left-image.logs_fiddlercrab_corneas_hist_std_z_norm_lightning_logs_version_0_checkpoints_last_x_3_y_3_z_3_average_threshold_0.5_prediction_peak_min_val_0_25_method_center_of_mass,./analysis_output/flammula_20190925_male_left-image.logs_fiddlercrab_corneas_hist_std_z_norm_lightning_logs_version_0_checkpoints_last_x_3_y_3_z_3_average_threshold_0.5_prediction_peak_min_val_0_25_method_center_of_mass.resampled_space_peaks_results.pickle
flammula_20190925_male_left-image.logs_fiddlercrab_rhabdoms_without_elastic_deformation_lightning_logs_version_3_checkpoints_last_x_3_y_3_z_3_average_threshold_0.25_prediction_peak_min_val_0_25_method_center_of_mass,./analysis_output/flammula_20190925_male_left-image.logs_fiddlercrab_rhabdoms_without_elastic_deformation_lightning_logs_version_3_checkpoints_last_x_3_y_3_z_3_average_threshold_0.25_prediction_peak_min_val_0_25_method_center_of_mass.resampled_space_peaks_results.pickle
dampieri_male_16-image.logs_fiddlercrab_corneas_lightning_logs_version_26_checkpoints_last_x_3_y_3_z_3_average_threshold_0.25_prediction_peak_min_val_0_25_method_center_of_mass,./analysis_output/dampieri_male_16-image.logs_fiddlercrab_corneas_lightning_logs_version_26_checkpoints_last_x_3_y_3_z_3_average_threshold_0.25_prediction_peak_min_val_0_25_method_center_of_mass.resampled_space_peaks_results.pickle
P_crassipes_FEG191022_077A-image.logs_paraphronima_rhabdoms_without_random_rotation_lightning_logs_version_2_checkpoints_last_x_3_y_3_z_3_average_threshold_0.25_prediction_peak_min_val_0_25_method_max_filter,./analysis_output/P_crassipes_FEG191022_077A-image.logs_paraphronima_rhabdoms_without_random_rotation_lightning_logs_version_2_checkpoints_last_x_3_y_3_z_3_average_threshold_0.25_prediction_peak_min_val_0_25_method_max_filter.resampled_space_peaks_results.pickle
flammula_20190925_male_left-image.logs_fiddlercrab_rhabdoms_hist_std_lightning_logs_version_0_checkpoints_last_x_3_y_3_z_3_average_threshold_0.5_prediction_peak_min_val_0_5_method_center_of_mass,./analysis_output/flammula_20190925_male_left-image.logs_fiddlercrab_rhabdoms_hist_std_lightning_logs_version_0_checkpoints_last_x_3_y_3_z_3_average_threshold_0.5_prediction_peak_min_val_0_5_method_center_of_mass.resampled_space_peaks_results.pickle
flammula_20190925_male_left-image.logs_fiddlercrab_rhabdoms_with_target_heatmap_masking_lightning_logs_version_2_checkpoints_last_x_3_y_3_z_3_average_threshold_None_prediction_peak_min_val_0_25_method_center_of_mass,./analysis_output/flammula_20190925_male_left-image.logs_fiddlercrab_rhabdoms_with_target_heatmap_masking_lightning_logs_version_2_checkpoints_last_x_3_y_3_z_3_average_threshold_None_prediction_peak_min_val_0_25_method_center_of_mass.resampled_space_peaks_results.pickle
P_crassipes_FEG191022_077A-image.logs_paraphronima_rhabdoms_lightning_logs_version_23_checkpoints_last_x_3_y_3_z_3_average_threshold_None_prediction_peak_min_val_0_25_method_center_of_mass,./analysis_output/P_crassipes_FEG191022_077A-image.logs_paraphronima_rhabdoms_lightning_logs_version_23_checkpoints_last_x_3_y_3_z_3_average_threshold_None_prediction_peak_min_val_0_25_method_center_of_mass.resampled_space_peaks_results.pickle
P_crassipes_FEG190213_003b_02_head-image.logs_paraphronima_corneas_without_elastic_deformation_lightning_logs_version_2_ckpts_last_x_3_y_3_z_3_average_threshold_None_prediction_peak_min_val_0_25_method_max_filter,./analysis_output/P_crassipes_FEG190213_003b_02_head-image.logs_paraphronima_corneas_without_elastic_deformation_lightning_logs_version_2_ckpts_last_x_3_y_3_z_3_average_threshold_None_prediction_peak_min_val_0_25_method_max_filter.resampled_space_peaks_results.pickle
P_crassipes_FEG190213_003b_02_head-image.logs_paraphronima_corneas_without_random_scale_lightning_logs_version_3_checkpoints_last_x_3_y_3_z_3_average_threshold_None_prediction_peak_min_val_0_25_method_max_filter,./analysis_output/P_crassipes_FEG190213_003b_02_head-image.logs_paraphronima_corneas_without_random_scale_lightning_logs_version_3_checkpoints_last_x_3_y_3_z_3_average_threshold_None_prediction_peak_min_val_0_25_method_max_filter.resampled_space_peaks_results.pickle
P_crassipes_FEG200129_099-image.logs_paraphronima_rhabdoms_without_elastic_deformation_lightning_logs_version_2_checkpoints_last_x_3_y_3_z_3_average_threshold_None_prediction_peak_min_val_0_25_method_center_of_mass,./analysis_output/P_crassipes_FEG200129_099-image.logs_paraphronima_rhabdoms_without_elastic_deformation_lightning_logs_version_2_checkpoints_last_x_3_y_3_z_3_average_threshold_None_prediction_peak_min_val_0_25_method_center_of_mass.resampled_space_peaks_results.pickle
flammula_20190925_male_left-image.logs_fiddlercrab_corneas_random_affine_prop_1_lightning_logs_version_0_checkpoints_last_x_3_y_3_z_3_average_threshold_None_prediction_peak_min_val_0_25_method_center_of_mass,./analysis_output/flammula_20190925_male_left-image.logs_fiddlercrab_corneas_random_affine_prop_1_lightning_logs_version_0_checkpoints_last_x_3_y_3_z_3_average_threshold_None_prediction_peak_min_val_0_25_method_center_of_mass.resampled_space_peaks_results.pickle
P_crassipes_FEG191022_077A-image.logs_paraphronima_rhabdoms_without_target_heatmap_masking_lightning_logs_version_1_checkpoints_last_x_3_y_3_z_3_average_threshold_0.5_prediction_peak_min_val_0_5_method_max_filter,./analysis_output/P_crassipes_FEG191022_077A-image.logs_paraphronima_rhabdoms_without_target_heatmap_masking_lightning_logs_version_1_checkpoints_last_x_3_y_3_z_3_average_threshold_0.5_prediction_peak_min_val_0_5_method_max_filter.resampled_space_peaks_results.pickle
P_crassipes_FEG200129_099-image.logs_paraphronima_rhabdoms_without_target_heatmap_masking_lightning_logs_version_1_checkpoints_last_x_3_y_3_z_3_average_threshold_0.25_prediction_peak_min_val_0_5_method_center_of_mass,./analysis_output/P_crassipes_FEG200129_099-image.logs_paraphronima_rhabdoms_without_target_heatmap_masking_lightning_logs_version_1_checkpoints_last_x_3_y_3_z_3_average_threshold_0.25_prediction_peak_min_val_0_5_method_center_of_mass.resampled_space_peaks_results.pickle
dampieri_male_16-image.logs_fiddlercrab_rhabdoms_lightning_logs_version_10_checkpoints_last_x_3_y_3_z_3_average_threshold_0.5_prediction_peak_min_val_0_25_method_center_of_mass,./analysis_output/dampieri_male_16-image.logs_fiddlercrab_rhabdoms_lightning_logs_version_10_checkpoints_last_x_3_y_3_z_3_average_threshold_0.5_prediction_peak_min_val_0_25_method_center_of_mass.resampled_space_peaks_results.pickle
dampieri_male_16-image.logs_fiddlercrab_rhabdoms_hist_std_z_norm_lightning_logs_version_0_checkpoints_last_x_3_y_3_z_3_average_threshold_0.25_prediction_peak_min_val_0_5_method_center_of_mass,./analysis_output/dampieri_male_16-image.logs_fiddlercrab_rhabdoms_hist_std_z_norm_lightning_logs_version_0_checkpoints_last_x_3_y_3_z_3_average_threshold_0.25_prediction_peak_min_val_0_5_method_center_of_mass.resampled_space_peaks_results.pickle
dampieri_male_16-image.logs_fiddlercrab_corneas_without_random_rotation_lightning_logs_version_2_checkpoints_last_x_3_y_3_z_3_average_threshold_0.25_prediction_peak_min_val_0_25_method_center_of_mass,./analysis_output/dampieri_male_16-image.logs_fiddlercrab_corneas_without_random_rotation_lightning_logs_version_2_checkpoints_last_x_3_y_3_z_3_average_threshold_0.25_prediction_peak_min_val_0_25_method_center_of_mass.resampled_space_peaks_results.pickle
P_crassipes_FEG191022_077A-image.logs_paraphronima_rhabdoms_without_elastic_deformation_lightning_logs_version_2_checkpoints_last_x_3_y_3_z_3_average_threshold_0.5_prediction_peak_min_val_0_5_method_max_filter,./analysis_output/P_crassipes_FEG191022_077A-image.logs_paraphronima_rhabdoms_without_elastic_deformation_lightning_logs_version_2_checkpoints_last_x_3_y_3_z_3_average_threshold_0.5_prediction_peak_min_val_0_5_method_max_filter.resampled_space_peaks_results.pickle
P_crassipes_FEG190213_003b_02_head-image.logs_paraphronima_corneas_without_random_scale_lightning_logs_version_3_checkpoints_last_x_3_y_3_z_3_average_threshold_0.25_prediction_peak_min_val_0_25_method_max_filter,./analysis_output/P_crassipes_FEG190213_003b_02_head-image.logs_paraphronima_corneas_without_random_scale_lightning_logs_version_3_checkpoints_last_x_3_y_3_z_3_average_threshold_0.25_prediction_peak_min_val_0_25_method_max_filter.resampled_space_peaks_results.pickle
dampieri_male_16-image.logs_fiddlercrab_rhabdoms_without_random_rotation_lightning_logs_version_0_checkpoints_last_x_3_y_3_z_3_average_threshold_0.25_prediction_peak_min_val_0_25_method_center_of_mass,./analysis_output/dampieri_male_16-image.logs_fiddlercrab_rhabdoms_without_random_rotation_lightning_logs_version_0_checkpoints_last_x_3_y_3_z_3_average_threshold_0.25_prediction_peak_min_val_0_25_method_center_of_mass.resampled_space_peaks_results.pickle
P_crassipes_FEG200129_099-image.logs_paraphronima_rhabdoms_without_target_heatmap_masking_lightning_logs_version_1_checkpoints_last_x_3_y_3_z_3_average_threshold_None_prediction_peak_min_val_0_25_method_center_of_mass,./analysis_output/P_crassipes_FEG200129_099-image.logs_paraphronima_rhabdoms_without_target_heatmap_masking_lightning_logs_version_1_checkpoints_last_x_3_y_3_z_3_average_threshold_None_prediction_peak_min_val_0_25_method_center_of_mass.resampled_space_peaks_results.pickle
P_crassipes_FEG190213_003b_02_head-image.logs_paraphronima_corneas_lightning_logs_version_11_checkpoints_last_x_3_y_3_z_3_average_threshold_None_prediction_peak_min_val_0_5_method_center_of_mass,./analysis_output/P_crassipes_FEG190213_003b_02_head-image.logs_paraphronima_corneas_lightning_logs_version_11_checkpoints_last_x_3_y_3_z_3_average_threshold_None_prediction_peak_min_val_0_5_method_center_of_mass.resampled_space_peaks_results.pickle
P_crassipes_FEG200129_099-image.logs_paraphronima_rhabdoms_without_random_rotation_lightning_logs_version_2_checkpoints_last_x_3_y_3_z_3_average_threshold_0.25_prediction_peak_min_val_0_25_method_max_filter,./analysis_output/P_crassipes_FEG200129_099-image.logs_paraphronima_rhabdoms_without_random_rotation_lightning_logs_version_2_checkpoints_last_x_3_y_3_z_3_average_threshold_0.25_prediction_peak_min_val_0_25_method_max_filter.resampled_space_peaks_results.pickle
flammula_20190925_male_left-image.logs_fiddlercrab_rhabdoms_without_elastic_deformation_lightning_logs_version_3_checkpoints_last_x_3_y_3_z_3_average_threshold_0.25_prediction_peak_min_val_0_5_method_max_filter,./analysis_output/flammula_20190925_male_left-image.logs_fiddlercrab_rhabdoms_without_elastic_deformation_lightning_logs_version_3_checkpoints_last_x_3_y_3_z_3_average_threshold_0.25_prediction_peak_min_val_0_5_method_max_filter.resampled_space_peaks_results.pickle
flammula_20190925_male_left-image.logs_fiddlercrab_corneas_lightning_logs_version_26_checkpoints_last_x_3_y_3_z_3_average_threshold_None_prediction_peak_min_val_0_25_method_center_of_mass,./analysis_output/flammula_20190925_male_left-image.logs_fiddlercrab_corneas_lightning_logs_version_26_checkpoints_last_x_3_y_3_z_3_average_threshold_None_prediction_peak_min_val_0_25_method_center_of_mass.resampled_space_peaks_results.pickle
flammula_20190925_male_left-image.logs_fiddlercrab_rhabdoms_without_random_rotation_lightning_logs_version_0_checkpoints_last_x_3_y_3_z_3_average_threshold_0.5_prediction_peak_min_val_0_5_method_max_filter,./analysis_output/flammula_20190925_male_left-image.logs_fiddlercrab_rhabdoms_without_random_rotation_lightning_logs_version_0_checkpoints_last_x_3_y_3_z_3_average_threshold_0.5_prediction_peak_min_val_0_5_method_max_filter.resampled_space_peaks_results.pickle
FEG200205_108_crop-image.logs_paraphronima_rhabdoms_lightning_logs_version_23_checkpoints_last_x_3_y_3_z_3_average_threshold_None_prediction_peak_min_val_0_25_method_max_filter,./analysis_output/FEG200205_108_crop-image.logs_paraphronima_rhabdoms_lightning_logs_version_23_checkpoints_last_x_3_y_3_z_3_average_threshold_None_prediction_peak_min_val_0_25_method_max_filter.resampled_space_peaks_results.pickle
dampieri_male_16-image.logs_fiddlercrab_corneas_without_elastic_deformation_lightning_logs_version_2_checkpoints_last_x_3_y_3_z_3_average_threshold_None_prediction_peak_min_val_0_25_method_max_filter,./analysis_output/dampieri_male_16-image.logs_fiddlercrab_corneas_without_elastic_deformation_lightning_logs_version_2_checkpoints_last_x_3_y_3_z_3_average_threshold_None_prediction_peak_min_val_0_25_method_max_filter.resampled_space_peaks_results.pickle
flammula_20190925_male_left-image.logs_fiddlercrab_rhabdoms_without_random_scale_lightning_logs_version_3_checkpoints_last_x_3_y_3_z_3_average_threshold_0.5_prediction_peak_min_val_0_5_method_center_of_mass,./analysis_output/flammula_20190925_male_left-image.logs_fiddlercrab_rhabdoms_without_random_scale_lightning_logs_version_3_checkpoints_last_x_3_y_3_z_3_average_threshold_0.5_prediction_peak_min_val_0_5_method_center_of_mass.resampled_space_peaks_results.pickle
FEG200205_108_crop-image.logs_paraphronima_rhabdoms_without_target_heatmap_masking_lightning_logs_version_1_checkpoints_last_x_3_y_3_z_3_average_threshold_0.5_prediction_peak_min_val_0_25_method_max_filter,./analysis_output/FEG200205_108_crop-image.logs_paraphronima_rhabdoms_without_target_heatmap_masking_lightning_logs_version_1_checkpoints_last_x_3_y_3_z_3_average_threshold_0.5_prediction_peak_min_val_0_25_method_max_filter.resampled_space_peaks_results.pickle
flammula_20190925_male_left-image.logs_fiddlercrab_rhabdoms_without_random_scale_lightning_logs_version_3_checkpoints_last_x_3_y_3_z_3_average_threshold_0.5_prediction_peak_min_val_0_25_method_max_filter,./analysis_output/flammula_20190925_male_left-image.logs_fiddlercrab_rhabdoms_without_random_scale_lightning_logs_version_3_checkpoints_last_x_3_y_3_z_3_average_threshold_0.5_prediction_peak_min_val_0_25_method_max_filter.resampled_space_peaks_results.pickle
flammula_20190925_male_left-image.logs_fiddlercrab_corneas_without_random_rotation_lightning_logs_version_2_checkpoints_last_x_3_y_3_z_3_average_threshold_None_prediction_peak_min_val_0_25_method_max_filter,./analysis_output/flammula_20190925_male_left-image.logs_fiddlercrab_corneas_without_random_rotation_lightning_logs_version_2_checkpoints_last_x_3_y_3_z_3_average_threshold_None_prediction_peak_min_val_0_25_method_max_filter.resampled_space_peaks_results.pickle
dampieri_male_16-image.logs_fiddlercrab_rhabdoms_without_random_rotation_lightning_logs_version_0_checkpoints_last_x_3_y_3_z_3_average_threshold_None_prediction_peak_min_val_0_5_method_max_filter,./analysis_output/dampieri_male_16-image.logs_fiddlercrab_rhabdoms_without_random_rotation_lightning_logs_version_0_checkpoints_last_x_3_y_3_z_3_average_threshold_None_prediction_peak_min_val_0_5_method_max_filter.resampled_space_peaks_results.pickle
flammula_20190925_male_left-image.logs_fiddlercrab_rhabdoms_hist_std_z_norm_lightning_logs_version_0_checkpoints_last_x_3_y_3_z_3_average_threshold_0.5_prediction_peak_min_val_0_25_method_max_filter,./analysis_output/flammula_20190925_male_left-image.logs_fiddlercrab_rhabdoms_hist_std_z_norm_lightning_logs_version_0_checkpoints_last_x_3_y_3_z_3_average_threshold_0.5_prediction_peak_min_val_0_25_method_max_filter.resampled_space_peaks_results.pickle
dampieri_male_16-image.logs_fiddlercrab_corneas_random_affine_prop_1_lightning_logs_version_0_checkpoints_last_x_3_y_3_z_3_average_threshold_0.25_prediction_peak_min_val_0_5_method_max_filter,./analysis_output/dampieri_male_16-image.logs_fiddlercrab_corneas_random_affine_prop_1_lightning_logs_version_0_checkpoints_last_x_3_y_3_z_3_average_threshold_0.25_prediction_peak_min_val_0_5_method_max_filter.resampled_space_peaks_results.pickle
flammula_20190925_male_left-image.logs_fiddlercrab_corneas_without_random_rotation_lightning_logs_version_2_checkpoints_last_x_3_y_3_z_3_average_threshold_None_prediction_peak_min_val_0_5_method_max_filter,./analysis_output/flammula_20190925_male_left-image.logs_fiddlercrab_corneas_without_random_rotation_lightning_logs_version_2_checkpoints_last_x_3_y_3_z_3_average_threshold_None_prediction_peak_min_val_0_5_method_max_filter.resampled_space_peaks_results.pickle
P_crassipes_FEG200129_099-image.logs_paraphronima_rhabdoms_lightning_logs_version_23_checkpoints_last_x_3_y_3_z_3_average_threshold_None_prediction_peak_min_val_0_5_method_max_filter,./analysis_output/P_crassipes_FEG200129_099-image.logs_paraphronima_rhabdoms_lightning_logs_version_23_checkpoints_last_x_3_y_3_z_3_average_threshold_None_prediction_peak_min_val_0_5_method_max_filter.resampled_space_peaks_results.pickle
dampieri_male_16-image.logs_fiddlercrab_corneas_random_affine_prop_1_lightning_logs_version_0_checkpoints_last_x_3_y_3_z_3_average_threshold_None_prediction_peak_min_val_0_25_method_max_filter,./analysis_output/dampieri_male_16-image.logs_fiddlercrab_corneas_random_affine_prop_1_lightning_logs_version_0_checkpoints_last_x_3_y_3_z_3_average_threshold_None_prediction_peak_min_val_0_25_method_max_filter.resampled_space_peaks_results.pickle
flammula_20190925_male_left-image.logs_fiddlercrab_corneas_hist_std_z_norm_lightning_logs_version_0_checkpoints_last_x_3_y_3_z_3_average_threshold_None_prediction_peak_min_val_0_25_method_center_of_mass,./analysis_output/flammula_20190925_male_left-image.logs_fiddlercrab_corneas_hist_std_z_norm_lightning_logs_version_0_checkpoints_last_x_3_y_3_z_3_average_threshold_None_prediction_peak_min_val_0_25_method_center_of_mass.resampled_space_peaks_results.pickle
flammula_20190925_male_left-image.logs_fiddlercrab_rhabdoms_hist_std_lightning_logs_version_0_checkpoints_last_x_3_y_3_z_3_average_threshold_None_prediction_peak_min_val_0_25_method_max_filter,./analysis_output/flammula_20190925_male_left-image.logs_fiddlercrab_rhabdoms_hist_std_lightning_logs_version_0_checkpoints_last_x_3_y_3_z_3_average_threshold_None_prediction_peak_min_val_0_25_method_max_filter.resampled_space_peaks_results.pickle
flammula_20190925_male_left-image.logs_fiddlercrab_corneas_without_elastic_deformation_lightning_logs_version_2_checkpoints_last_x_3_y_3_z_3_average_threshold_None_prediction_peak_min_val_0_5_method_max_filter,./analysis_output/flammula_20190925_male_left-image.logs_fiddlercrab_corneas_without_elastic_deformation_lightning_logs_version_2_checkpoints_last_x_3_y_3_z_3_average_threshold_None_prediction_peak_min_val_0_5_method_max_filter.resampled_space_peaks_results.pickle
flammula_20190925_male_left-image.logs_fiddlercrab_rhabdoms_without_elastic_deformation_lightning_logs_version_3_checkpoints_last_x_3_y_3_z_3_average_threshold_0.5_prediction_peak_min_val_0_25_method_center_of_mass,./analysis_output/flammula_20190925_male_left-image.logs_fiddlercrab_rhabdoms_without_elastic_deformation_lightning_logs_version_3_checkpoints_last_x_3_y_3_z_3_average_threshold_0.5_prediction_peak_min_val_0_25_method_center_of_mass.resampled_space_peaks_results.pickle
flammula_20190925_male_left-image.logs_fiddlercrab_corneas_random_affine_prop_1_lightning_logs_version_0_checkpoints_last_x_3_y_3_z_3_average_threshold_0.5_prediction_peak_min_val_0_25_method_center_of_mass,./analysis_output/flammula_20190925_male_left-image.logs_fiddlercrab_corneas_random_affine_prop_1_lightning_logs_version_0_checkpoints_last_x_3_y_3_z_3_average_threshold_0.5_prediction_peak_min_val_0_25_method_center_of_mass.resampled_space_peaks_results.pickle
flammula_20190925_male_left-image.logs_fiddlercrab_rhabdoms_without_elastic_deformation_lightning_logs_version_3_checkpoints_last_x_3_y_3_z_3_average_threshold_0.25_prediction_peak_min_val_0_25_method_max_filter,./analysis_output/flammula_20190925_male_left-image.logs_fiddlercrab_rhabdoms_without_elastic_deformation_lightning_logs_version_3_checkpoints_last_x_3_y_3_z_3_average_threshold_0.25_prediction_peak_min_val_0_25_method_max_filter.resampled_space_peaks_results.pickle
FEG200205_108_crop-image.logs_paraphronima_rhabdoms_without_target_heatmap_masking_lightning_logs_version_1_checkpoints_last_x_3_y_3_z_3_average_threshold_0.5_prediction_peak_min_val_0_5_method_max_filter,./analysis_output/FEG200205_108_crop-image.logs_paraphronima_rhabdoms_without_target_heatmap_masking_lightning_logs_version_1_checkpoints_last_x_3_y_3_z_3_average_threshold_0.5_prediction_peak_min_val_0_5_method_max_filter.resampled_space_peaks_results.pickle
flammula_20190925_male_left-image.logs_fiddlercrab_corneas_hist_std_lightning_logs_version_0_checkpoints_last_x_3_y_3_z_3_average_threshold_None_prediction_peak_min_val_0_25_method_center_of_mass,./analysis_output/flammula_20190925_male_left-image.logs_fiddlercrab_corneas_hist_std_lightning_logs_version_0_checkpoints_last_x_3_y_3_z_3_average_threshold_None_prediction_peak_min_val_0_25_method_center_of_mass.resampled_space_peaks_results.pickle
P_crassipes_FEG191022_077A-image.logs_paraphronima_rhabdoms_without_random_scale_lightning_logs_version_3_checkpoints_last_x_3_y_3_z_3_average_threshold_0.25_prediction_peak_min_val_0_5_method_center_of_mass,./analysis_output/P_crassipes_FEG191022_077A-image.logs_paraphronima_rhabdoms_without_random_scale_lightning_logs_version_3_checkpoints_last_x_3_y_3_z_3_average_threshold_0.25_prediction_peak_min_val_0_5_method_center_of_mass.resampled_space_peaks_results.pickle
flammula_20190925_male_left-image.logs_fiddlercrab_corneas_lightning_logs_version_26_checkpoints_last_x_3_y_3_z_3_average_threshold_0.5_prediction_peak_min_val_0_5_method_max_filter,./analysis_output/flammula_20190925_male_left-image.logs_fiddlercrab_corneas_lightning_logs_version_26_checkpoints_last_x_3_y_3_z_3_average_threshold_0.5_prediction_peak_min_val_0_5_method_max_filter.resampled_space_peaks_results.pickle
FEG200205_108_crop-image.logs_paraphronima_rhabdoms_without_target_heatmap_masking_lightning_logs_version_1_checkpoints_last_x_3_y_3_z_3_average_threshold_0.25_prediction_peak_min_val_0_5_method_max_filter,./analysis_output/FEG200205_108_crop-image.logs_paraphronima_rhabdoms_without_target_heatmap_masking_lightning_logs_version_1_checkpoints_last_x_3_y_3_z_3_average_threshold_0.25_prediction_peak_min_val_0_5_method_max_filter.resampled_space_peaks_results.pickle
flammula_20190925_male_left-image.logs_fiddlercrab_rhabdoms_without_random_scale_lightning_logs_version_3_checkpoints_last_x_3_y_3_z_3_average_threshold_0.25_prediction_peak_min_val_0_5_method_max_filter,./analysis_output/flammula_20190925_male_left-image.logs_fiddlercrab_rhabdoms_without_random_scale_lightning_logs_version_3_checkpoints_last_x_3_y_3_z_3_average_threshold_0.25_prediction_peak_min_val_0_5_method_max_filter.resampled_space_peaks_results.pickle
P_crassipes_FEG190213_003b_02_head-image.logs_paraphronima_corneas_without_random_rotation_lightning_logs_version_1_checkpoints_last_x_3_y_3_z_3_average_threshold_0.25_prediction_peak_min_val_0_25_method_max_filter,./analysis_output/P_crassipes_FEG190213_003b_02_head-image.logs_paraphronima_corneas_without_random_rotation_lightning_logs_version_1_checkpoints_last_x_3_y_3_z_3_average_threshold_0.25_prediction_peak_min_val_0_25_method_max_filter.resampled_space_peaks_results.pickle
FEG200205_108_crop-image.logs_paraphronima_rhabdoms_without_elastic_deformation_lightning_logs_version_2_checkpoints_last_x_3_y_3_z_3_average_threshold_None_prediction_peak_min_val_0_5_method_max_filter,./analysis_output/FEG200205_108_crop-image.logs_paraphronima_rhabdoms_without_elastic_deformation_lightning_logs_version_2_checkpoints_last_x_3_y_3_z_3_average_threshold_None_prediction_peak_min_val_0_5_method_max_filter.resampled_space_peaks_results.pickle
flammula_20190925_male_left-image.logs_fiddlercrab_rhabdoms_with_target_heatmap_masking_lightning_logs_version_2_checkpoints_last_x_3_y_3_z_3_average_threshold_0.25_prediction_peak_min_val_0_25_method_max_filter,./analysis_output/flammula_20190925_male_left-image.logs_fiddlercrab_rhabdoms_with_target_heatmap_masking_lightning_logs_version_2_checkpoints_last_x_3_y_3_z_3_average_threshold_0.25_prediction_peak_min_val_0_25_method_max_filter.resampled_space_peaks_results.pickle
FEG200205_108_crop-image.logs_paraphronima_rhabdoms_without_random_scale_lightning_logs_version_3_checkpoints_last_x_3_y_3_z_3_average_threshold_None_prediction_peak_min_val_0_25_method_max_filter,./analysis_output/FEG200205_108_crop-image.logs_paraphronima_rhabdoms_without_random_scale_lightning_logs_version_3_checkpoints_last_x_3_y_3_z_3_average_threshold_None_prediction_peak_min_val_0_25_method_max_filter.resampled_space_peaks_results.pickle
dampieri_male_16-image.logs_fiddlercrab_rhabdoms_hist_std_lightning_logs_version_0_checkpoints_last_x_3_y_3_z_3_average_threshold_0.25_prediction_peak_min_val_0_5_method_max_filter,./analysis_output/dampieri_male_16-image.logs_fiddlercrab_rhabdoms_hist_std_lightning_logs_version_0_checkpoints_last_x_3_y_3_z_3_average_threshold_0.25_prediction_peak_min_val_0_5_method_max_filter.resampled_space_peaks_results.pickle
P_crassipes_FEG200129_099-image.logs_paraphronima_rhabdoms_lightning_logs_version_23_checkpoints_last_x_3_y_3_z_3_average_threshold_0.25_prediction_peak_min_val_0_5_method_center_of_mass,./analysis_output/P_crassipes_FEG200129_099-image.logs_paraphronima_rhabdoms_lightning_logs_version_23_checkpoints_last_x_3_y_3_z_3_average_threshold_0.25_prediction_peak_min_val_0_5_method_center_of_mass.resampled_space_peaks_results.pickle
flammula_20190925_male_left-image.logs_fiddlercrab_corneas_hist_std_lightning_logs_version_0_checkpoints_last_x_3_y_3_z_3_average_threshold_0.5_prediction_peak_min_val_0_5_method_max_filter,./analysis_output/flammula_20190925_male_left-image.logs_fiddlercrab_corneas_hist_std_lightning_logs_version_0_checkpoints_last_x_3_y_3_z_3_average_threshold_0.5_prediction_peak_min_val_0_5_method_max_filter.resampled_space_peaks_results.pickle
flammula_20190925_male_left-image.logs_fiddlercrab_rhabdoms_hist_std_z_norm_lightning_logs_version_0_checkpoints_last_x_3_y_3_z_3_average_threshold_0.5_prediction_peak_min_val_0_5_method_center_of_mass,./analysis_output/flammula_20190925_male_left-image.logs_fiddlercrab_rhabdoms_hist_std_z_norm_lightning_logs_version_0_checkpoints_last_x_3_y_3_z_3_average_threshold_0.5_prediction_peak_min_val_0_5_method_center_of_mass.resampled_space_peaks_results.pickle
P_crassipes_FEG191022_077A-image.logs_paraphronima_rhabdoms_without_random_scale_lightning_logs_version_3_checkpoints_last_x_3_y_3_z_3_average_threshold_None_prediction_peak_min_val_0_5_method_center_of_mass,./analysis_output/P_crassipes_FEG191022_077A-image.logs_paraphronima_rhabdoms_without_random_scale_lightning_logs_version_3_checkpoints_last_x_3_y_3_z_3_average_threshold_None_prediction_peak_min_val_0_5_method_center_of_mass.resampled_space_peaks_results.pickle
dampieri_male_16-image.logs_fiddlercrab_rhabdoms_without_elastic_deformation_lightning_logs_version_3_checkpoints_last_x_3_y_3_z_3_average_threshold_None_prediction_peak_min_val_0_25_method_center_of_mass,./analysis_output/dampieri_male_16-image.logs_fiddlercrab_rhabdoms_without_elastic_deformation_lightning_logs_version_3_checkpoints_last_x_3_y_3_z_3_average_threshold_None_prediction_peak_min_val_0_25_method_center_of_mass.resampled_space_peaks_results.pickle
flammula_20190925_male_left-image.logs_fiddlercrab_corneas_random_affine_prop_1_lightning_logs_version_0_checkpoints_last_x_3_y_3_z_3_average_threshold_0.25_prediction_peak_min_val_0_25_method_max_filter,./analysis_output/flammula_20190925_male_left-image.logs_fiddlercrab_corneas_random_affine_prop_1_lightning_logs_version_0_checkpoints_last_x_3_y_3_z_3_average_threshold_0.25_prediction_peak_min_val_0_25_method_max_filter.resampled_space_peaks_results.pickle
flammula_20190925_male_left-image.logs_fiddlercrab_corneas_without_random_rotation_lightning_logs_version_2_checkpoints_last_x_3_y_3_z_3_average_threshold_None_prediction_peak_min_val_0_5_method_center_of_mass,./analysis_output/flammula_20190925_male_left-image.logs_fiddlercrab_corneas_without_random_rotation_lightning_logs_version_2_checkpoints_last_x_3_y_3_z_3_average_threshold_None_prediction_peak_min_val_0_5_method_center_of_mass.resampled_space_peaks_results.pickle
P_crassipes_FEG200129_099-image.logs_paraphronima_rhabdoms_lightning_logs_version_24_checkpoints_last_x_3_y_3_z_3_average_threshold_0.5_prediction_peak_min_val_0_25_method_center_of_mass,./analysis_output/P_crassipes_FEG200129_099-image.logs_paraphronima_rhabdoms_lightning_logs_version_24_checkpoints_last_x_3_y_3_z_3_average_threshold_0.5_prediction_peak_min_val_0_25_method_center_of_mass.resampled_space_peaks_results.pickle
P_crassipes_FEG200129_099-image.logs_paraphronima_rhabdoms_lightning_logs_version_24_checkpoints_last_x_3_y_3_z_3_average_threshold_0.5_prediction_peak_min_val_0_5_method_center_of_mass,./analysis_output/P_crassipes_FEG200129_099-image.logs_paraphronima_rhabdoms_lightning_logs_version_24_checkpoints_last_x_3_y_3_z_3_average_threshold_0.5_prediction_peak_min_val_0_5_method_center_of_mass.resampled_space_peaks_results.pickle
FEG200205_108_crop-image.logs_paraphronima_rhabdoms_lightning_logs_version_24_checkpoints_last_ckptx_3_y_3_z_3_average_threshold_None_prediction_peak_min_val_0_25_method_max_filter,./analysis_output/FEG200205_108_crop-image.logs_paraphronima_rhabdoms_lightning_logs_version_24_checkpoints_last_ckptx_3_y_3_z_3_average_threshold_None_prediction_peak_min_val_0_25_method_max_filter.resampled_space_peaks_results.pickle
P_crassipes_FEG200129_099-image.logs_paraphronima_rhabdoms_lightning_logs_version_24_checkpoints_last_ckptx_3_y_3_z_3_average_threshold_None_prediction_peak_min_val_0_5_method_center_of_mass,./analysis_output/P_crassipes_FEG200129_099-image.logs_paraphronima_rhabdoms_lightning_logs_version_24_checkpoints_last_ckptx_3_y_3_z_3_average_threshold_None_prediction_peak_min_val_0_5_method_center_of_mass.resampled_space_peaks_results.pickle
P_crassipes_FEG191022_077A-image.logs_paraphronima_rhabdoms_lightning_logs_version_24_checkpoints_last_ckptx_3_y_3_z_3_average_threshold_None_prediction_peak_min_val_0_5_method_center_of_mass,./analysis_output/P_crassipes_FEG191022_077A-image.logs_paraphronima_rhabdoms_lightning_logs_version_24_checkpoints_last_ckptx_3_y_3_z_3_average_threshold_None_prediction_peak_min_val_0_5_method_center_of_mass.resampled_space_peaks_results.pickle
P_crassipes_FEG200129_099-image.logs_paraphronima_rhabdoms_lightning_logs_version_24_checkpoints_last_x_3_y_3_z_3_average_threshold_None_prediction_peak_min_val_0_5_method_center_of_mass,./analysis_output/P_crassipes_FEG200129_099-image.logs_paraphronima_rhabdoms_lightning_logs_version_24_checkpoints_last_x_3_y_3_z_3_average_threshold_None_prediction_peak_min_val_0_5_method_center_of_mass.resampled_space_peaks_results.pickle
P_crassipes_FEG191022_077A-image.logs_paraphronima_rhabdoms_lightning_logs_version_24_checkpoints_last_ckptx_3_y_3_z_3_average_threshold_0_25_prediction_peak_min_val_0_5_method_max_filter,./analysis_output/P_crassipes_FEG191022_077A-image.logs_paraphronima_rhabdoms_lightning_logs_version_24_checkpoints_last_ckptx_3_y_3_z_3_average_threshold_0_25_prediction_peak_min_val_0_5_method_max_filter.resampled_space_peaks_results.pickle
FEG200205_108_crop-image.logs_paraphronima_rhabdoms_lightning_logs_version_24_checkpoints_last_x_3_y_3_z_3_average_threshold_None_prediction_peak_min_val_0_5_method_center_of_mass,./analysis_output/FEG200205_108_crop-image.logs_paraphronima_rhabdoms_lightning_logs_version_24_checkpoints_last_x_3_y_3_z_3_average_threshold_None_prediction_peak_min_val_0_5_method_center_of_mass.resampled_space_peaks_results.pickle
FEG200205_108_crop-image.logs_paraphronima_rhabdoms_lightning_logs_version_24_checkpoints_last_ckptx_3_y_3_z_3_average_threshold_None_prediction_peak_min_val_0_5_method_max_filter,./analysis_output/FEG200205_108_crop-image.logs_paraphronima_rhabdoms_lightning_logs_version_24_checkpoints_last_ckptx_3_y_3_z_3_average_threshold_None_prediction_peak_min_val_0_5_method_max_filter.resampled_space_peaks_results.pickle
FEG200205_108_crop-image.logs_paraphronima_rhabdoms_lightning_logs_version_24_checkpoints_last_ckptx_3_y_3_z_3_average_threshold_None_prediction_peak_min_val_0_25_method_center_of_mass,./analysis_output/FEG200205_108_crop-image.logs_paraphronima_rhabdoms_lightning_logs_version_24_checkpoints_last_ckptx_3_y_3_z_3_average_threshold_None_prediction_peak_min_val_0_25_method_center_of_mass.resampled_space_peaks_results.pickle
P_crassipes_FEG200129_099-image.logs_paraphronima_rhabdoms_lightning_logs_version_24_checkpoints_last_ckptx_3_y_3_z_3_average_threshold_0_5_prediction_peak_min_val_0_5_method_center_of_mass,./analysis_output/P_crassipes_FEG200129_099-image.logs_paraphronima_rhabdoms_lightning_logs_version_24_checkpoints_last_ckptx_3_y_3_z_3_average_threshold_0_5_prediction_peak_min_val_0_5_method_center_of_mass.resampled_space_peaks_results.pickle
FEG200205_108_crop-image.logs_paraphronima_rhabdoms_lightning_logs_version_24_checkpoints_last_ckptx_3_y_3_z_3_average_threshold_None_prediction_peak_min_val_0_5_method_center_of_mass,./analysis_output/FEG200205_108_crop-image.logs_paraphronima_rhabdoms_lightning_logs_version_24_checkpoints_last_ckptx_3_y_3_z_3_average_threshold_None_prediction_peak_min_val_0_5_method_center_of_mass.resampled_space_peaks_results.pickle
P_crassipes_FEG200129_099-image.logs_paraphronima_rhabdoms_lightning_logs_version_24_checkpoints_last_ckptx_3_y_3_z_3_average_threshold_None_prediction_peak_min_val_0_25_method_max_filter,./analysis_output/P_crassipes_FEG200129_099-image.logs_paraphronima_rhabdoms_lightning_logs_version_24_checkpoints_last_ckptx_3_y_3_z_3_average_threshold_None_prediction_peak_min_val_0_25_method_max_filter.resampled_space_peaks_results.pickle
P_crassipes_FEG200129_099-image.logs_paraphronima_rhabdoms_lightning_logs_version_25_checkpoints_last_ckptx_3_y_3_z_3_average_threshold_0_25_prediction_peak_min_val_0_5_method_max_filter,./analysis_output/P_crassipes_FEG200129_099-image.logs_paraphronima_rhabdoms_lightning_logs_version_25_checkpoints_last_ckptx_3_y_3_z_3_average_threshold_0_25_prediction_peak_min_val_0_5_method_max_filter.resampled_space_peaks_results.pickle
P_crassipes_FEG191022_077A-image.logs_paraphronima_rhabdoms_lightning_logs_version_25_checkpoints_last_ckptx_3_y_3_z_3_average_threshold_None_prediction_peak_min_val_0_5_method_center_of_mass,./analysis_output/P_crassipes_FEG191022_077A-image.logs_paraphronima_rhabdoms_lightning_logs_version_25_checkpoints_last_ckptx_3_y_3_z_3_average_threshold_None_prediction_peak_min_val_0_5_method_center_of_mass.resampled_space_peaks_results.pickle
P_crassipes_FEG191022_077A-image.logs_paraphronima_rhabdoms_lightning_logs_version_25_checkpoints_last_ckptx_3_y_3_z_3_average_threshold_0_25_prediction_peak_min_val_0_25_method_center_of_mass,./analysis_output/P_crassipes_FEG191022_077A-image.logs_paraphronima_rhabdoms_lightning_logs_version_25_checkpoints_last_ckptx_3_y_3_z_3_average_threshold_0_25_prediction_peak_min_val_0_25_method_center_of_mass.resampled_space_peaks_results.pickle
FEG200205_108_crop-image.logs_paraphronima_rhabdoms_lightning_logs_version_25_checkpoints_last_ckptx_3_y_3_z_3_average_threshold_0_5_prediction_peak_min_val_0_25_method_center_of_mass,./analysis_output/FEG200205_108_crop-image.logs_paraphronima_rhabdoms_lightning_logs_version_25_checkpoints_last_ckptx_3_y_3_z_3_average_threshold_0_5_prediction_peak_min_val_0_25_method_center_of_mass.resampled_space_peaks_results.pickle
P_crassipes_FEG191022_077A-image.logs_paraphronima_rhabdoms_thresholded_heatmaps_lightning_logs_version_15_checkpoints_last_ckptx_3_y_3_z_3_average_threshold_0_25_prediction_peak_min_val_0_5_method_center_of_mass,./analysis_output/P_crassipes_FEG191022_077A-image.logs_paraphronima_rhabdoms_thresholded_heatmaps_lightning_logs_version_15_checkpoints_last_ckptx_3_y_3_z_3_average_threshold_0_25_prediction_peak_min_val_0_5_method_center_of_mass.resampled_space_peaks_results.pickle
P_crassipes_FEG191022_077A-image.logs_paraphronima_rhabdoms_thresholded_heatmaps_lightning_logs_version_15_checkpoints_last_ckptx_3_y_3_z_3_average_threshold_0_5_prediction_peak_min_val_0_5_method_center_of_mass,./analysis_output/P_crassipes_FEG191022_077A-image.logs_paraphronima_rhabdoms_thresholded_heatmaps_lightning_logs_version_15_checkpoints_last_ckptx_3_y_3_z_3_average_threshold_0_5_prediction_peak_min_val_0_5_method_center_of_mass.resampled_space_peaks_results.pickle
FEG200205_108_crop-image.logs_paraphronima_rhabdoms_thresholded_heatmaps_lightning_logs_version_15_checkpoints_last_ckptx_3_y_3_z_3_average_threshold_0_5_prediction_peak_min_val_0_5_method_max_filter,./analysis_output/FEG200205_108_crop-image.logs_paraphronima_rhabdoms_thresholded_heatmaps_lightning_logs_version_15_checkpoints_last_ckptx_3_y_3_z_3_average_threshold_0_5_prediction_peak_min_val_0_5_method_max_filter.resampled_space_peaks_results.pickle
FEG200205_108_crop-image.logs_paraphronima_rhabdoms_thresholded_heatmaps_lightning_logs_version_15_checkpoints_last_ckptx_3_y_3_z_3_average_threshold_None_prediction_peak_min_val_0_25_method_center_of_mass,./analysis_output/FEG200205_108_crop-image.logs_paraphronima_rhabdoms_thresholded_heatmaps_lightning_logs_version_15_checkpoints_last_ckptx_3_y_3_z_3_average_threshold_None_prediction_peak_min_val_0_25_method_center_of_mass.resampled_space_peaks_results.pickle
FEG200205_108_crop-image.logs_paraphronima_rhabdoms_thresholded_heatmaps_lightning_logs_version_15_checkpoints_last_ckptx_3_y_3_z_3_average_threshold_0_25_prediction_peak_min_val_0_5_method_max_filter,./analysis_output/FEG200205_108_crop-image.logs_paraphronima_rhabdoms_thresholded_heatmaps_lightning_logs_version_15_checkpoints_last_ckptx_3_y_3_z_3_average_threshold_0_25_prediction_peak_min_val_0_5_method_max_filter.resampled_space_peaks_results.pickle
P_crassipes_FEG190213_003b_02_head-image.logs_paraphronima_corneas_lightning_logs_version_11_checkpoints_last_ckptx_3_y_3_z_3_average_threshold_None_prediction_peak_min_val_0_25_method_max_filter,./analysis_output/P_crassipes_FEG190213_003b_02_head-image.logs_paraphronima_corneas_lightning_logs_version_11_checkpoints_last_ckptx_3_y_3_z_3_average_threshold_None_prediction_peak_min_val_0_25_method_max_filter.resampled_space_peaks_results.pickle
P_crassipes_FEG190213_003b_02_head-image.logs_paraphronima_corneas_lightning_logs_version_11_checkpoints_last_ckptx_3_y_3_z_3_average_threshold_0_25_prediction_peak_min_val_0_5_method_max_filter,./analysis_output/P_crassipes_FEG190213_003b_02_head-image.logs_paraphronima_corneas_lightning_logs_version_11_checkpoints_last_ckptx_3_y_3_z_3_average_threshold_0_25_prediction_peak_min_val_0_5_method_max_filter.resampled_space_peaks_results.pickle
P_robisoni_FEG200205_105-image.logs_paraphronima_corneas_lightning_logs_version_11_checkpoints_last_x_3_y_3_z_3_average_threshold_None_prediction_peak_min_val_0_5_method_max_filter,./analysis_output/P_robisoni_FEG200205_105-image.logs_paraphronima_corneas_lightning_logs_version_11_checkpoints_last_x_3_y_3_z_3_average_threshold_None_prediction_peak_min_val_0_5_method_max_filter.resampled_space_peaks_results.pickle
Paraphronima_FEG181024_head_sp_8_1423158-image.logs_paraphronima_corneas_lightning_logs_version_11_checkpoints_last_x_3_y_3_z_3_average_threshold_None_prediction_peak_min_val_0_5_method_max_filter,./analysis_output/Paraphronima_FEG181024_head_sp_8_1423158-image.logs_paraphronima_corneas_lightning_logs_version_11_checkpoints_last_x_3_y_3_z_3_average_threshold_None_prediction_peak_min_val_0_5_method_max_filter.resampled_space_peaks_results.pickle
P_robisoni_FEG200205_105-image.logs_paraphronima_corneas_lightning_logs_version_11_checkpoints_last_x_3_y_3_z_3_average_threshold_0.25_prediction_peak_min_val_0_25_method_center_of_mass,./analysis_output/P_robisoni_FEG200205_105-image.logs_paraphronima_corneas_lightning_logs_version_11_checkpoints_last_x_3_y_3_z_3_average_threshold_0.25_prediction_peak_min_val_0_25_method_center_of_mass.resampled_space_peaks_results.pickle
P_gracilis_FEG190213_003a_head-image.logs_paraphronima_corneas_lightning_logs_version_11_checkpoints_last_ckptx_3_y_3_z_3_average_threshold_0_5_prediction_peak_min_val_0_5_method_center_of_mass,./analysis_output/P_gracilis_FEG190213_003a_head-image.logs_paraphronima_corneas_lightning_logs_version_11_checkpoints_last_ckptx_3_y_3_z_3_average_threshold_0_5_prediction_peak_min_val_0_5_method_center_of_mass.resampled_space_peaks_results.pickle
Paraphronima_FEG181024_head_sp_8_1423158-image.logs_paraphronima_corneas_lightning_logs_version_11_checkpoints_last_ckptx_3_y_3_z_3_average_threshold_0_25_prediction_peak_min_val_0_25_method_center_of_mass,./analysis_output/Paraphronima_FEG181024_head_sp_8_1423158-image.logs_paraphronima_corneas_lightning_logs_version_11_checkpoints_last_ckptx_3_y_3_z_3_average_threshold_0_25_prediction_peak_min_val_0_25_method_center_of_mass.resampled_space_peaks_results.pickle
Paraphronima_FEG181024_head_sp_8_1423158-image.logs_paraphronima_corneas_lightning_logs_version_11_checkpoints_last_ckptx_3_y_3_z_3_average_threshold_0_25_prediction_peak_min_val_0_5_method_center_of_mass,./analysis_output/Paraphronima_FEG181024_head_sp_8_1423158-image.logs_paraphronima_corneas_lightning_logs_version_11_checkpoints_last_ckptx_3_y_3_z_3_average_threshold_0_25_prediction_peak_min_val_0_5_method_center_of_mass.resampled_space_peaks_results.pickle
P_crassipes_FEG190801_034_00001_new-image.logs_paraphronima_corneas_lightning_logs_version_11_checkpoints_last_ckptx_3_y_3_z_3_average_threshold_None_prediction_peak_min_val_0_25_method_center_of_mass,./analysis_output/P_crassipes_FEG190801_034_00001_new-image.logs_paraphronima_corneas_lightning_logs_version_11_checkpoints_last_ckptx_3_y_3_z_3_average_threshold_None_prediction_peak_min_val_0_25_method_center_of_mass.resampled_space_peaks_results.pickle
P_robisoni_FEG200205_105-image.logs_paraphronima_corneas_lightning_logs_version_11_checkpoints_last_x_3_y_3_z_3_average_threshold_0.25_prediction_peak_min_val_0_5_method_center_of_mass,./analysis_output/P_robisoni_FEG200205_105-image.logs_paraphronima_corneas_lightning_logs_version_11_checkpoints_last_x_3_y_3_z_3_average_threshold_0.25_prediction_peak_min_val_0_5_method_center_of_mass.resampled_space_peaks_results.pickle
P_robisoni_FEG200205_105-image.logs_paraphronima_corneas_lightning_logs_version_11_checkpoints_last_ckptx_3_y_3_z_3_average_threshold_0_5_prediction_peak_min_val_0_5_method_max_filter,./analysis_output/P_robisoni_FEG200205_105-image.logs_paraphronima_corneas_lightning_logs_version_11_checkpoints_last_ckptx_3_y_3_z_3_average_threshold_0_5_prediction_peak_min_val_0_5_method_max_filter.resampled_space_peaks_results.pickle
Paraphronima_FEG181024_head_sp_8_1423158-image.logs_paraphronima_corneas_lightning_logs_version_11_checkpoints_last_x_3_y_3_z_3_average_threshold_0.25_prediction_peak_min_val_0_25_method_max_filter,./analysis_output/Paraphronima_FEG181024_head_sp_8_1423158-image.logs_paraphronima_corneas_lightning_logs_version_11_checkpoints_last_x_3_y_3_z_3_average_threshold_0.25_prediction_peak_min_val_0_25_method_max_filter.resampled_space_peaks_results.pickle
P_gracilis_FEG190213_003a_head-image.logs_paraphronima_corneas_lightning_logs_version_11_checkpoints_last_ckptx_3_y_3_z_3_average_threshold_0_5_prediction_peak_min_val_0_5_method_max_filter,./analysis_output/P_gracilis_FEG190213_003a_head-image.logs_paraphronima_corneas_lightning_logs_version_11_checkpoints_last_ckptx_3_y_3_z_3_average_threshold_0_5_prediction_peak_min_val_0_5_method_max_filter.resampled_space_peaks_results.pickle
P_crassipes_FEG190801_034_00001_new-image.logs_paraphronima_corneas_lightning_logs_version_11_checkpoints_last_ckptx_3_y_3_z_3_average_threshold_None_prediction_peak_min_val_0_25_method_max_filter,./analysis_output/P_crassipes_FEG190801_034_00001_new-image.logs_paraphronima_corneas_lightning_logs_version_11_checkpoints_last_ckptx_3_y_3_z_3_average_threshold_None_prediction_peak_min_val_0_25_method_max_filter.resampled_space_peaks_results.pickle
P_gracilis_FEG190213_003a_head-image.logs_paraphronima_corneas_lightning_logs_version_11_checkpoints_last_x_3_y_3_z_3_average_threshold_None_prediction_peak_min_val_0_5_method_center_of_mass,./analysis_output/P_gracilis_FEG190213_003a_head-image.logs_paraphronima_corneas_lightning_logs_version_11_checkpoints_last_x_3_y_3_z_3_average_threshold_None_prediction_peak_min_val_0_5_method_center_of_mass.resampled_space_peaks_results.pickle
P_crassipes_FEG190801_034_00001_new-image.logs_paraphronima_corneas_lightning_logs_version_11_checkpoints_last_ckptx_3_y_3_z_3_average_threshold_0_25_prediction_peak_min_val_0_5_method_max_filter,./analysis_output/P_crassipes_FEG190801_034_00001_new-image.logs_paraphronima_corneas_lightning_logs_version_11_checkpoints_last_ckptx_3_y_3_z_3_average_threshold_0_25_prediction_peak_min_val_0_5_method_max_filter.resampled_space_peaks_results.pickle
P_robisoni_FEG200205_105-image.logs_paraphronima_corneas_lightning_logs_version_11_checkpoints_last_ckptx_3_y_3_z_3_average_threshold_0_25_prediction_peak_min_val_0_25_method_max_filter,./analysis_output/P_robisoni_FEG200205_105-image.logs_paraphronima_corneas_lightning_logs_version_11_checkpoints_last_ckptx_3_y_3_z_3_average_threshold_0_25_prediction_peak_min_val_0_25_method_max_filter.resampled_space_peaks_results.pickle
P_gracilis_FEG190213_003a_head-image.logs_paraphronima_corneas_lightning_logs_version_11_checkpoints_last_ckptx_3_y_3_z_3_average_threshold_0_25_prediction_peak_min_val_0_5_method_max_filter,./analysis_output/P_gracilis_FEG190213_003a_head-image.logs_paraphronima_corneas_lightning_logs_version_11_checkpoints_last_ckptx_3_y_3_z_3_average_threshold_0_25_prediction_peak_min_val_0_5_method_max_filter.resampled_space_peaks_results.pickle
P_robisoni_FEG200205_105-image.logs_paraphronima_corneas_lightning_logs_version_11_checkpoints_last_ckptx_3_y_3_z_3_average_threshold_0_5_prediction_peak_min_val_0_5_method_center_of_mass,./analysis_output/P_robisoni_FEG200205_105-image.logs_paraphronima_corneas_lightning_logs_version_11_checkpoints_last_ckptx_3_y_3_z_3_average_threshold_0_5_prediction_peak_min_val_0_5_method_center_of_mass.resampled_space_peaks_results.pickle
P_crassipes_FEG190213_003b_02_head-image.logs_paraphronima_corneas_lightning_logs_version_11_checkpoints_last_ckptx_3_y_3_z_3_average_threshold_None_prediction_peak_min_val_0_5_method_center_of_mass,./analysis_output/P_crassipes_FEG190213_003b_02_head-image.logs_paraphronima_corneas_lightning_logs_version_11_checkpoints_last_ckptx_3_y_3_z_3_average_threshold_None_prediction_peak_min_val_0_5_method_center_of_mass.resampled_space_peaks_results.pickle
P_gracilis_FEG190213_003a_head-image.logs_paraphronima_corneas_lightning_logs_version_11_checkpoints_last_ckptx_3_y_3_z_3_average_threshold_0_25_prediction_peak_min_val_0_25_method_center_of_mass,./analysis_output/P_gracilis_FEG190213_003a_head-image.logs_paraphronima_corneas_lightning_logs_version_11_checkpoints_last_ckptx_3_y_3_z_3_average_threshold_0_25_prediction_peak_min_val_0_25_method_center_of_mass.resampled_space_peaks_results.pickle
Paraphronima_FEG181024_head_sp_8_1423158-image.logs_paraphronima_corneas_lightning_logs_version_12_checkpoints_last_ckptx_3_y_3_z_3_average_threshold_None_prediction_peak_min_val_0_5_method_max_filter,./analysis_output/Paraphronima_FEG181024_head_sp_8_1423158-image.logs_paraphronima_corneas_lightning_logs_version_12_checkpoints_last_ckptx_3_y_3_z_3_average_threshold_None_prediction_peak_min_val_0_5_method_max_filter.resampled_space_peaks_results.pickle
P_crassipes_FEG190801_034_00001_new-image.logs_paraphronima_corneas_lightning_logs_version_12_checkpoints_last_ckptx_3_y_3_z_3_average_threshold_0_25_prediction_peak_min_val_0_5_method_max_filter,./analysis_output/P_crassipes_FEG190801_034_00001_new-image.logs_paraphronima_corneas_lightning_logs_version_12_checkpoints_last_ckptx_3_y_3_z_3_average_threshold_0_25_prediction_peak_min_val_0_5_method_max_filter.resampled_space_peaks_results.pickle
P_crassipes_FEG190801_034_00001_new-image.logs_paraphronima_corneas_lightning_logs_version_12_checkpoints_last_ckptx_3_y_3_z_3_average_threshold_0_25_prediction_peak_min_val_0_5_method_center_of_mass,./analysis_output/P_crassipes_FEG190801_034_00001_new-image.logs_paraphronima_corneas_lightning_logs_version_12_checkpoints_last_ckptx_3_y_3_z_3_average_threshold_0_25_prediction_peak_min_val_0_5_method_center_of_mass.resampled_space_peaks_results.pickle
P_crassipes_FEG190213_003b_02_head-image.logs_paraphronima_corneas_lightning_logs_version_12_checkpoints_last_ckptx_3_y_3_z_3_average_threshold_0_25_prediction_peak_min_val_0_25_method_center_of_mass,./analysis_output/P_crassipes_FEG190213_003b_02_head-image.logs_paraphronima_corneas_lightning_logs_version_12_checkpoints_last_ckptx_3_y_3_z_3_average_threshold_0_25_prediction_peak_min_val_0_25_method_center_of_mass.resampled_space_peaks_results.pickle
P_crassipes_FEG190801_034_00001_new-image.logs_paraphronima_corneas_lightning_logs_version_12_checkpoints_last_ckptx_3_y_3_z_3_average_threshold_0_25_prediction_peak_min_val_0_25_method_max_filter,./analysis_output/P_crassipes_FEG190801_034_00001_new-image.logs_paraphronima_corneas_lightning_logs_version_12_checkpoints_last_ckptx_3_y_3_z_3_average_threshold_0_25_prediction_peak_min_val_0_25_method_max_filter.resampled_space_peaks_results.pickle
Paraphronima_FEG181024_head_sp_8_1423158-image.logs_paraphronima_corneas_lightning_logs_version_12_checkpoints_last_ckptx_3_y_3_z_3_average_threshold_0_5_prediction_peak_min_val_0_5_method_max_filter,./analysis_output/Paraphronima_FEG181024_head_sp_8_1423158-image.logs_paraphronima_corneas_lightning_logs_version_12_checkpoints_last_ckptx_3_y_3_z_3_average_threshold_0_5_prediction_peak_min_val_0_5_method_max_filter.resampled_space_peaks_results.pickle
P_crassipes_FEG190213_003b_02_head-image.logs_paraphronima_corneas_lightning_logs_version_12_checkpoints_last_ckptx_3_y_3_z_3_average_threshold_None_prediction_peak_min_val_0_25_method_center_of_mass,./analysis_output/P_crassipes_FEG190213_003b_02_head-image.logs_paraphronima_corneas_lightning_logs_version_12_checkpoints_last_ckptx_3_y_3_z_3_average_threshold_None_prediction_peak_min_val_0_25_method_center_of_mass.resampled_space_peaks_results.pickle
P_gracilis_FEG190213_003a_head-image.logs_paraphronima_corneas_lightning_logs_version_12_checkpoints_last_ckptx_3_y_3_z_3_average_threshold_0_25_prediction_peak_min_val_0_5_method_center_of_mass,./analysis_output/P_gracilis_FEG190213_003a_head-image.logs_paraphronima_corneas_lightning_logs_version_12_checkpoints_last_ckptx_3_y_3_z_3_average_threshold_0_25_prediction_peak_min_val_0_5_method_center_of_mass.resampled_space_peaks_results.pickle
P_crassipes_FEG190213_003b_02_head-image.logs_paraphronima_corneas_lightning_logs_version_12_checkpoints_last_ckptx_3_y_3_z_3_average_threshold_0_5_prediction_peak_min_val_0_25_method_max_filter,./analysis_output/P_crassipes_FEG190213_003b_02_head-image.logs_paraphronima_corneas_lightning_logs_version_12_checkpoints_last_ckptx_3_y_3_z_3_average_threshold_0_5_prediction_peak_min_val_0_25_method_max_filter.resampled_space_peaks_results.pickle
P_crassipes_FEG190801_034_00001_new-image.logs_paraphronima_corneas_lightning_logs_version_12_checkpoints_last_ckptx_3_y_3_z_3_average_threshold_0_5_prediction_peak_min_val_0_5_method_max_filter,./analysis_output/P_crassipes_FEG190801_034_00001_new-image.logs_paraphronima_corneas_lightning_logs_version_12_checkpoints_last_ckptx_3_y_3_z_3_average_threshold_0_5_prediction_peak_min_val_0_5_method_max_filter.resampled_space_peaks_results.pickle
P_gracilis_FEG190213_003a_head-image.logs_paraphronima_corneas_lightning_logs_version_12_checkpoints_last_ckptx_3_y_3_z_3_average_threshold_0_25_prediction_peak_min_val_0_25_method_max_filter,./analysis_output/P_gracilis_FEG190213_003a_head-image.logs_paraphronima_corneas_lightning_logs_version_12_checkpoints_last_ckptx_3_y_3_z_3_average_threshold_0_25_prediction_peak_min_val_0_25_method_max_filter.resampled_space_peaks_results.pickle
Paraphronima_FEG181024_head_sp_8_1423158-image.logs_paraphronima_corneas_lightning_logs_version_12_checkpoints_last_ckptx_3_y_3_z_3_average_threshold_0_25_prediction_peak_min_val_0_5_method_max_filter,./analysis_output/Paraphronima_FEG181024_head_sp_8_1423158-image.logs_paraphronima_corneas_lightning_logs_version_12_checkpoints_last_ckptx_3_y_3_z_3_average_threshold_0_25_prediction_peak_min_val_0_5_method_max_filter.resampled_space_peaks_results.pickle
P_crassipes_FEG190801_034_00001_new-image.logs_paraphronima_corneas_lightning_logs_version_12_checkpoints_last_ckptx_3_y_3_z_3_average_threshold_None_prediction_peak_min_val_0_5_method_max_filter,./analysis_output/P_crassipes_FEG190801_034_00001_new-image.logs_paraphronima_corneas_lightning_logs_version_12_checkpoints_last_ckptx_3_y_3_z_3_average_threshold_None_prediction_peak_min_val_0_5_method_max_filter.resampled_space_peaks_results.pickle
P_gracilis_FEG190213_003a_head-image.logs_paraphronima_corneas_lightning_logs_version_12_checkpoints_last_ckptx_3_y_3_z_3_average_threshold_None_prediction_peak_min_val_0_25_method_max_filter,./analysis_output/P_gracilis_FEG190213_003a_head-image.logs_paraphronima_corneas_lightning_logs_version_12_checkpoints_last_ckptx_3_y_3_z_3_average_threshold_None_prediction_peak_min_val_0_25_method_max_filter.resampled_space_peaks_results.pickle
P_gracilis_FEG190213_003a_head-image.logs_paraphronima_corneas_lightning_logs_version_12_checkpoints_last_ckptx_3_y_3_z_3_average_threshold_None_prediction_peak_min_val_0_5_method_max_filter,./analysis_output/P_gracilis_FEG190213_003a_head-image.logs_paraphronima_corneas_lightning_logs_version_12_checkpoints_last_ckptx_3_y_3_z_3_average_threshold_None_prediction_peak_min_val_0_5_method_max_filter.resampled_space_peaks_results.pickle
P_crassipes_FEG190213_003b_02_head-image.logs_paraphronima_corneas_lightning_logs_version_13_checkpoints_last_ckptx_3_y_3_z_3_average_threshold_0_5_prediction_peak_min_val_0_5_method_max_filter,./analysis_output/P_crassipes_FEG190213_003b_02_head-image.logs_paraphronima_corneas_lightning_logs_version_13_checkpoints_last_ckptx_3_y_3_z_3_average_threshold_0_5_prediction_peak_min_val_0_5_method_max_filter.resampled_space_peaks_results.pickle
P_robisoni_FEG200205_105-image.logs_paraphronima_corneas_lightning_logs_version_13_checkpoints_last_ckptx_3_y_3_z_3_average_threshold_0_5_prediction_peak_min_val_0_5_method_center_of_mass,./analysis_output/P_robisoni_FEG200205_105-image.logs_paraphronima_corneas_lightning_logs_version_13_checkpoints_last_ckptx_3_y_3_z_3_average_threshold_0_5_prediction_peak_min_val_0_5_method_center_of_mass.resampled_space_peaks_results.pickle
P_gracilis_FEG190213_003a_head-image.logs_paraphronima_corneas_lightning_logs_version_13_checkpoints_last_ckptx_3_y_3_z_3_average_threshold_None_prediction_peak_min_val_0_5_method_max_filter,./analysis_output/P_gracilis_FEG190213_003a_head-image.logs_paraphronima_corneas_lightning_logs_version_13_checkpoints_last_ckptx_3_y_3_z_3_average_threshold_None_prediction_peak_min_val_0_5_method_max_filter.resampled_space_peaks_results.pickle
P_gracilis_FEG190213_003a_head-image.logs_paraphronima_corneas_lightning_logs_version_13_checkpoints_last_ckptx_3_y_3_z_3_average_threshold_None_prediction_peak_min_val_0_5_method_center_of_mass,./analysis_output/P_gracilis_FEG190213_003a_head-image.logs_paraphronima_corneas_lightning_logs_version_13_checkpoints_last_ckptx_3_y_3_z_3_average_threshold_None_prediction_peak_min_val_0_5_method_center_of_mass.resampled_space_peaks_results.pickle
P_crassipes_FEG190801_034_00001_new-image.logs_paraphronima_corneas_lightning_logs_version_13_checkpoints_last_ckptx_3_y_3_z_3_average_threshold_0_25_prediction_peak_min_val_0_25_method_max_filter,./analysis_output/P_crassipes_FEG190801_034_00001_new-image.logs_paraphronima_corneas_lightning_logs_version_13_checkpoints_last_ckptx_3_y_3_z_3_average_threshold_0_25_prediction_peak_min_val_0_25_method_max_filter.resampled_space_peaks_results.pickle
Paraphronima_FEG181024_head_sp_8_1423158-image.logs_paraphronima_corneas_lightning_logs_version_13_checkpoints_last_ckptx_3_y_3_z_3_average_threshold_None_prediction_peak_min_val_0_5_method_center_of_mass,./analysis_output/Paraphronima_FEG181024_head_sp_8_1423158-image.logs_paraphronima_corneas_lightning_logs_version_13_checkpoints_last_ckptx_3_y_3_z_3_average_threshold_None_prediction_peak_min_val_0_5_method_center_of_mass.resampled_space_peaks_results.pickle
P_crassipes_FEG190213_003b_02_head-image.logs_paraphronima_corneas_lightning_logs_version_13_checkpoints_last_ckptx_3_y_3_z_3_average_threshold_0_5_prediction_peak_min_val_0_5_method_center_of_mass,./analysis_output/P_crassipes_FEG190213_003b_02_head-image.logs_paraphronima_corneas_lightning_logs_version_13_checkpoints_last_ckptx_3_y_3_z_3_average_threshold_0_5_prediction_peak_min_val_0_5_method_center_of_mass.resampled_space_peaks_results.pickle
P_gracilis_FEG190213_003a_head-image.logs_paraphronima_corneas_lightning_logs_version_13_checkpoints_last_ckptx_3_y_3_z_3_average_threshold_0_5_prediction_peak_min_val_0_5_method_center_of_mass,./analysis_output/P_gracilis_FEG190213_003a_head-image.logs_paraphronima_corneas_lightning_logs_version_13_checkpoints_last_ckptx_3_y_3_z_3_average_threshold_0_5_prediction_peak_min_val_0_5_method_center_of_mass.resampled_space_peaks_results.pickle
P_gracilis_FEG190213_003a_head-image.logs_paraphronima_corneas_lightning_logs_version_13_checkpoints_last_ckptx_3_y_3_z_3_average_threshold_0_25_prediction_peak_min_val_0_5_method_max_filter,./analysis_output/P_gracilis_FEG190213_003a_head-image.logs_paraphronima_corneas_lightning_logs_version_13_checkpoints_last_ckptx_3_y_3_z_3_average_threshold_0_25_prediction_peak_min_val_0_5_method_max_filter.resampled_space_peaks_results.pickle
P_gracilis_FEG190213_003a_head-image.logs_paraphronima_corneas_lightning_logs_version_13_checkpoints_last_ckptx_3_y_3_z_3_average_threshold_0_25_prediction_peak_min_val_0_25_method_max_filter,./analysis_output/P_gracilis_FEG190213_003a_head-image.logs_paraphronima_corneas_lightning_logs_version_13_checkpoints_last_ckptx_3_y_3_z_3_average_threshold_0_25_prediction_peak_min_val_0_25_method_max_filter.resampled_space_peaks_results.pickle
P_crassipes_FEG191022_077A-image.logs_paraphronima_rhabdoms_lightning_logs_version_26_checkpoints_last_ckptx_3_y_3_z_3_average_threshold_0_5_prediction_peak_min_val_0_25_method_max_filter,./analysis_output/P_crassipes_FEG191022_077A-image.logs_paraphronima_rhabdoms_lightning_logs_version_26_checkpoints_last_ckptx_3_y_3_z_3_average_threshold_0_5_prediction_peak_min_val_0_25_method_max_filter.resampled_space_peaks_results.pickle
FEG200205_108_crop-image.logs_paraphronima_rhabdoms_lightning_logs_version_26_checkpoints_last_ckptx_3_y_3_z_3_average_threshold_0_5_prediction_peak_min_val_0_25_method_max_filter,./analysis_output/FEG200205_108_crop-image.logs_paraphronima_rhabdoms_lightning_logs_version_26_checkpoints_last_ckptx_3_y_3_z_3_average_threshold_0_5_prediction_peak_min_val_0_25_method_max_filter.resampled_space_peaks_results.pickle
P_crassipes_FEG200129_099-image.logs_paraphronima_rhabdoms_lightning_logs_version_26_checkpoints_last_ckptx_3_y_3_z_3_average_threshold_0_25_prediction_peak_min_val_0_25_method_max_filter,./analysis_output/P_crassipes_FEG200129_099-image.logs_paraphronima_rhabdoms_lightning_logs_version_26_checkpoints_last_ckptx_3_y_3_z_3_average_threshold_0_25_prediction_peak_min_val_0_25_method_max_filter.resampled_space_peaks_results.pickle
FEG200205_108_crop-image.logs_paraphronima_rhabdoms_lightning_logs_version_26_checkpoints_last_ckptx_3_y_3_z_3_average_threshold_0_5_prediction_peak_min_val_0_5_method_max_filter,./analysis_output/FEG200205_108_crop-image.logs_paraphronima_rhabdoms_lightning_logs_version_26_checkpoints_last_ckptx_3_y_3_z_3_average_threshold_0_5_prediction_peak_min_val_0_5_method_max_filter.resampled_space_peaks_results.pickle
FEG200205_108_crop-image.logs_paraphronima_rhabdoms_lightning_logs_version_26_checkpoints_last_ckptx_3_y_3_z_3_average_threshold_0_25_prediction_peak_min_val_0_25_method_max_filter,./analysis_output/FEG200205_108_crop-image.logs_paraphronima_rhabdoms_lightning_logs_version_26_checkpoints_last_ckptx_3_y_3_z_3_average_threshold_0_25_prediction_peak_min_val_0_25_method_max_filter.resampled_space_peaks_results.pickle
P_crassipes_FEG200129_099-image.logs_paraphronima_rhabdoms_lightning_logs_version_26_checkpoints_last_ckptx_3_y_3_z_3_average_threshold_0_25_prediction_peak_min_val_0_5_method_max_filter,./analysis_output/P_crassipes_FEG200129_099-image.logs_paraphronima_rhabdoms_lightning_logs_version_26_checkpoints_last_ckptx_3_y_3_z_3_average_threshold_0_25_prediction_peak_min_val_0_5_method_max_filter.resampled_space_peaks_results.pickle
P_crassipes_FEG191022_077A-image.logs_paraphronima_rhabdoms_lightning_logs_version_26_checkpoints_last_ckptx_3_y_3_z_3_average_threshold_None_prediction_peak_min_val_0_5_method_max_filter,./analysis_output/P_crassipes_FEG191022_077A-image.logs_paraphronima_rhabdoms_lightning_logs_version_26_checkpoints_last_ckptx_3_y_3_z_3_average_threshold_None_prediction_peak_min_val_0_5_method_max_filter.resampled_space_peaks_results.pickle
P_crassipes_FEG200129_099-image.logs_paraphronima_rhabdoms_whole_scans_lightning_logs_version_1_checkpoints_last_ckptx_3_y_3_z_3_average_threshold_0_5_prediction_peak_min_val_0_5_method_center_of_mass,./analysis_output/P_crassipes_FEG200129_099-image.logs_paraphronima_rhabdoms_whole_scans_lightning_logs_version_1_checkpoints_last_ckptx_3_y_3_z_3_average_threshold_0_5_prediction_peak_min_val_0_5_method_center_of_mass.resampled_space_peaks_results.pickle
P_crassipes_FEG191022_077A-image.logs_paraphronima_rhabdoms_whole_scans_lightning_logs_version_1_checkpoints_last_ckptx_3_y_3_z_3_average_threshold_None_prediction_peak_min_val_0_25_method_center_of_mass,./analysis_output/P_crassipes_FEG191022_077A-image.logs_paraphronima_rhabdoms_whole_scans_lightning_logs_version_1_checkpoints_last_ckptx_3_y_3_z_3_average_threshold_None_prediction_peak_min_val_0_25_method_center_of_mass.resampled_space_peaks_results.pickle
FEG200205_108_crop-image.logs_paraphronima_rhabdoms_whole_scans_lightning_logs_version_1_checkpoints_last_ckptx_3_y_3_z_3_average_threshold_None_prediction_peak_min_val_0_5_method_max_filter,./analysis_output/FEG200205_108_crop-image.logs_paraphronima_rhabdoms_whole_scans_lightning_logs_version_1_checkpoints_last_ckptx_3_y_3_z_3_average_threshold_None_prediction_peak_min_val_0_5_method_max_filter.resampled_space_peaks_results.pickle
FEG200205_108_crop-image.logs_paraphronima_rhabdoms_whole_scans_lightning_logs_version_1_checkpoints_last_ckptx_3_y_3_z_3_average_threshold_0_25_prediction_peak_min_val_0_25_method_max_filter,./analysis_output/FEG200205_108_crop-image.logs_paraphronima_rhabdoms_whole_scans_lightning_logs_version_1_checkpoints_last_ckptx_3_y_3_z_3_average_threshold_0_25_prediction_peak_min_val_0_25_method_max_filter.resampled_space_peaks_results.pickle
P_crassipes_FEG190801_034_00001_new-image.logs_paraphronima_corneas_without_elastic_deformation_lightning_logs_version_2_checkpoints_last_x_3_y_3_z_3_average_threshold_0.25_prediction_peak_min_val_0_5_method_max_filter,./analysis_output/P_crassipes_FEG190801_034_00001_new-image.logs_paraphronima_corneas_without_elastic_deformation_lightning_logs_version_2_checkpoints_last_x_3_y_3_z_3_average_threshold_0.25_prediction_peak_min_val_0_5_method_max_filter.resampled_space_peaks_results.pickle
P_crassipes_FEG190213_003b_02_head-image.logs_paraphronima_corneas_without_elastic_deformation_lightning_logs_version_2_checkpoints_last_x_3_y_3_z_3_average_threshold_0.5_prediction_peak_min_val_0_5_method_center_of_mass,./analysis_output/P_crassipes_FEG190213_003b_02_head-image.logs_paraphronima_corneas_without_elastic_deformation_lightning_logs_version_2_checkpoints_last_x_3_y_3_z_3_average_threshold_0.5_prediction_peak_min_val_0_5_method_center_of_mass.resampled_space_pea_results.pickle
P_crassipes_FEG190801_034_00001_new-image.logs_paraphronima_corneas_without_elastic_deformation_lightning_logs_version_2_checkpoints_last_ckptx_3_y_3_z_3_average_threshold_0_25_prediction_peak_min_val_0_25_method_center_of_mass,./analysis_output/P_crassipes_FEG190801_034_00001_new-image.logs_paraphronima_corneas_without_elastic_deformation_lightning_logs_version_2_checkpoints_last_ckptx_3_y_3_z_3_average_threshold_0_25_prediction_peak_min_val_0_25_method_center_of_mass.resampled_sp_results.pickle
P_crassipes_FEG190801_034_00001_new-image.logs_paraphronima_corneas_without_elastic_deformation_lightning_logs_version_2_checkpoints_last_ckptx_3_y_3_z_3_average_threshold_None_prediction_peak_min_val_0_25_method_center_of_mass,./analysis_output/P_crassipes_FEG190801_034_00001_new-image.logs_paraphronima_corneas_without_elastic_deformation_lightning_logs_version_2_checkpoints_last_ckptx_3_y_3_z_3_average_threshold_None_prediction_peak_min_val_0_25_method_center_of_mass.resampled_sp_results.pickle
P_robisoni_FEG200205_105-image.logs_paraphronima_corneas_without_elastic_deformation_lightning_logs_version_2_checkpoints_last_ckptx_3_y_3_z_3_average_threshold_0_25_prediction_peak_min_val_0_25_method_max_filter,./analysis_output/P_robisoni_FEG200205_105-image.logs_paraphronima_corneas_without_elastic_deformation_lightning_logs_version_2_checkpoints_last_ckptx_3_y_3_z_3_average_threshold_0_25_prediction_peak_min_val_0_25_method_max_filter.resampled_space_peaks_results.pickle
P_crassipes_FEG190801_034_00001_new-image.logs_paraphronima_corneas_without_elastic_deformation_lightning_logs_version_2_checkpoints_last_ckptx_3_y_3_z_3_average_threshold_0_25_prediction_peak_min_val_0_25_method_max_filter,./analysis_output/P_crassipes_FEG190801_034_00001_new-image.logs_paraphronima_corneas_without_elastic_deformation_lightning_logs_version_2_checkpoints_last_ckptx_3_y_3_z_3_average_threshold_0_25_prediction_peak_min_val_0_25_method_max_filter.resampled_space__results.pickle
P_robisoni_FEG200205_105-image.logs_paraphronima_corneas_without_elastic_deformation_lightning_logs_version_2_checkpoints_last_x_3_y_3_z_3_average_threshold_None_prediction_peak_min_val_0_25_method_max_filter,./analysis_output/P_robisoni_FEG200205_105-image.logs_paraphronima_corneas_without_elastic_deformation_lightning_logs_version_2_checkpoints_last_x_3_y_3_z_3_average_threshold_None_prediction_peak_min_val_0_25_method_max_filter.resampled_space_peaks_results.pickle
P_gracilis_FEG190213_003a_head-image.logs_paraphronima_corneas_without_elastic_deformation_lightning_logs_version_2_checkpoints_last_x_3_y_3_z_3_average_threshold_None_prediction_peak_min_val_0_25_method_max_filter,./analysis_output/P_gracilis_FEG190213_003a_head-image.logs_paraphronima_corneas_without_elastic_deformation_lightning_logs_version_2_checkpoints_last_x_3_y_3_z_3_average_threshold_None_prediction_peak_min_val_0_25_method_max_filter.resampled_space_peaks_results.pickle
P_crassipes_FEG190801_034_00001_new-image.logs_paraphronima_corneas_without_elastic_deformation_lightning_logs_version_2_checkpoints_last_ckptx_3_y_3_z_3_average_threshold_0_5_prediction_peak_min_val_0_5_method_max_filter,./analysis_output/P_crassipes_FEG190801_034_00001_new-image.logs_paraphronima_corneas_without_elastic_deformation_lightning_logs_version_2_checkpoints_last_ckptx_3_y_3_z_3_average_threshold_0_5_prediction_peak_min_val_0_5_method_max_filter.resampled_space_pe_results.pickle
P_crassipes_FEG190213_003b_02_head-image.logs_paraphronima_corneas_without_elastic_deformation_lightning_logs_version_2_checkpoints_last_ckptx_3_y_3_z_3_average_threshold_None_prediction_peak_min_val_0_25_method_max_filter,./analysis_output/P_crassipes_FEG190213_003b_02_head-image.logs_paraphronima_corneas_without_elastic_deformation_lightning_logs_version_2_checkpoints_last_ckptx_3_y_3_z_3_average_threshold_None_prediction_peak_min_val_0_25_method_max_filter.resampled_space_p_results.pickle
P_crassipes_FEG190213_003b_02_head-image.logs_paraphronima_corneas_without_elastic_deformation_lightning_logs_version_2_checkpoints_last_ckptx_3_y_3_z_3_average_threshold_None_prediction_peak_min_val_0_25_method_center_of_mass,./analysis_output/P_crassipes_FEG190213_003b_02_head-image.logs_paraphronima_corneas_without_elastic_deformation_lightning_logs_version_2_checkpoints_last_ckptx_3_y_3_z_3_average_threshold_None_prediction_peak_min_val_0_25_method_center_of_mass.resampled_spa_results.pickle
P_robisoni_FEG200205_105-image.logs_paraphronima_corneas_without_elastic_deformation_lightning_logs_version_2_checkpoints_last_x_3_y_3_z_3_average_threshold_0.25_prediction_peak_min_val_0_25_method_center_of_mass,./analysis_output/P_robisoni_FEG200205_105-image.logs_paraphronima_corneas_without_elastic_deformation_lightning_logs_version_2_checkpoints_last_x_3_y_3_z_3_average_threshold_0.25_prediction_peak_min_val_0_25_method_center_of_mass.resampled_space_peaks_results.pickle
P_crassipes_FEG190801_034_00001_new-image.logs_paraphronima_corneas_without_elastic_deformation_lightning_logs_version_2_checkpoints_last_x_3_y_3_z_3_average_threshold_0.5_prediction_peak_min_val_0_25_method_max_filter,./analysis_output/P_crassipes_FEG190801_034_00001_new-image.logs_paraphronima_corneas_without_elastic_deformation_lightning_logs_version_2_checkpoints_last_x_3_y_3_z_3_average_threshold_0.5_prediction_peak_min_val_0_25_method_max_filter.resampled_space_peaks_results.pickle
P_gracilis_FEG190213_003a_head-image.logs_paraphronima_corneas_without_elastic_deformation_lightning_logs_version_2_checkpoints_last_x_3_y_3_z_3_average_threshold_None_prediction_peak_min_val_0_5_method_max_filter,./analysis_output/P_gracilis_FEG190213_003a_head-image.logs_paraphronima_corneas_without_elastic_deformation_lightning_logs_version_2_checkpoints_last_x_3_y_3_z_3_average_threshold_None_prediction_peak_min_val_0_5_method_max_filter.resampled_space_peaks_results.pickle
P_crassipes_FEG190801_034_00001_new-image.logs_paraphronima_corneas_without_elastic_deformation_lightning_logs_version_2_checkpoints_last_ckptx_3_y_3_z_3_average_threshold_None_prediction_peak_min_val_0_25_method_max_filter,./analysis_output/P_crassipes_FEG190801_034_00001_new-image.logs_paraphronima_corneas_without_elastic_deformation_lightning_logs_version_2_checkpoints_last_ckptx_3_y_3_z_3_average_threshold_None_prediction_peak_min_val_0_25_method_max_filter.resampled_space__results.pickle
P_gracilis_FEG190213_003a_head-image.logs_paraphronima_corneas_without_elastic_deformation_lightning_logs_version_2_checkpoints_last_x_3_y_3_z_3_average_threshold_None_prediction_peak_min_val_0_5_method_center_of_mass,./analysis_output/P_gracilis_FEG190213_003a_head-image.logs_paraphronima_corneas_without_elastic_deformation_lightning_logs_version_2_checkpoints_last_x_3_y_3_z_3_average_threshold_None_prediction_peak_min_val_0_5_method_center_of_mass.resampled_space_peaks_results.pickle
P_crassipes_FEG190213_003b_02_head-image.logs_paraphronima_corneas_without_random_scale_lightning_logs_version_3_checkpoints_last_ckptx_3_y_3_z_3_average_threshold_0_5_prediction_peak_min_val_0_5_method_center_of_mass,./analysis_output/P_crassipes_FEG190213_003b_02_head-image.logs_paraphronima_corneas_without_random_scale_lightning_logs_version_3_checkpoints_last_ckptx_3_y_3_z_3_average_threshold_0_5_prediction_peak_min_val_0_5_method_center_of_mass.resampled_space_peaks_results.pickle
P_crassipes_FEG190801_034_00001_new-image.logs_paraphronima_corneas_without_random_scale_lightning_logs_version_3_checkpoints_last_x_3_y_3_z_3_average_threshold_None_prediction_peak_min_val_0_25_method_center_of_mass,./analysis_output/P_crassipes_FEG190801_034_00001_new-image.logs_paraphronima_corneas_without_random_scale_lightning_logs_version_3_checkpoints_last_x_3_y_3_z_3_average_threshold_None_prediction_peak_min_val_0_25_method_center_of_mass.resampled_space_peaks_results.pickle
P_gracilis_FEG190213_003a_head-image.logs_paraphronima_corneas_without_random_scale_lightning_logs_version_3_checkpoints_last_ckptx_3_y_3_z_3_average_threshold_0_25_prediction_peak_min_val_0_25_method_center_of_mass,./analysis_output/P_gracilis_FEG190213_003a_head-image.logs_paraphronima_corneas_without_random_scale_lightning_logs_version_3_checkpoints_last_ckptx_3_y_3_z_3_average_threshold_0_25_prediction_peak_min_val_0_25_method_center_of_mass.resampled_space_peaks_results.pickle
P_gracilis_FEG190213_003a_head-image.logs_paraphronima_corneas_without_random_scale_lightning_logs_version_3_checkpoints_last_x_3_y_3_z_3_average_threshold_0.5_prediction_peak_min_val_0_5_method_center_of_mass,./analysis_output/P_gracilis_FEG190213_003a_head-image.logs_paraphronima_corneas_without_random_scale_lightning_logs_version_3_checkpoints_last_x_3_y_3_z_3_average_threshold_0.5_prediction_peak_min_val_0_5_method_center_of_mass.resampled_space_peaks_results.pickle
Paraphronima_FEG181024_head_sp_8_1423158-image.logs_paraphronima_corneas_without_random_scale_lightning_logs_version_3_checkpoints_last_x_3_y_3_z_3_average_threshold_0.25_prediction_peak_min_val_0_25_method_max_filter,./analysis_output/Paraphronima_FEG181024_head_sp_8_1423158-image.logs_paraphronima_corneas_without_random_scale_lightning_logs_version_3_checkpoints_last_x_3_y_3_z_3_average_threshold_0.25_prediction_peak_min_val_0_25_method_max_filter.resampled_space_peaks_results.pickle
P_robisoni_FEG200205_105-image.logs_paraphronima_corneas_without_random_scale_lightning_logs_version_3_checkpoints_last_ckptx_3_y_3_z_3_average_threshold_0_25_prediction_peak_min_val_0_25_method_center_of_mass,./analysis_output/P_robisoni_FEG200205_105-image.logs_paraphronima_corneas_without_random_scale_lightning_logs_version_3_checkpoints_last_ckptx_3_y_3_z_3_average_threshold_0_25_prediction_peak_min_val_0_25_method_center_of_mass.resampled_space_peaks_results.pickle
P_crassipes_FEG190801_034_00001_new-image.logs_paraphronima_corneas_without_random_scale_lightning_logs_version_3_checkpoints_last_ckptx_3_y_3_z_3_average_threshold_0_25_prediction_peak_min_val_0_5_method_max_filter,./analysis_output/P_crassipes_FEG190801_034_00001_new-image.logs_paraphronima_corneas_without_random_scale_lightning_logs_version_3_checkpoints_last_ckptx_3_y_3_z_3_average_threshold_0_25_prediction_peak_min_val_0_5_method_max_filter.resampled_space_peaks_results.pickle
P_gracilis_FEG190213_003a_head-image.logs_paraphronima_corneas_without_random_scale_lightning_logs_version_3_checkpoints_last_x_3_y_3_z_3_average_threshold_0.25_prediction_peak_min_val_0_25_method_max_filter,./analysis_output/P_gracilis_FEG190213_003a_head-image.logs_paraphronima_corneas_without_random_scale_lightning_logs_version_3_checkpoints_last_x_3_y_3_z_3_average_threshold_0.25_prediction_peak_min_val_0_25_method_max_filter.resampled_space_peaks_results.pickle
P_robisoni_FEG200205_105-image.logs_paraphronima_corneas_without_random_scale_lightning_logs_version_3_checkpoints_last_ckptx_3_y_3_z_3_average_threshold_None_prediction_peak_min_val_0_25_method_max_filter,./analysis_output/P_robisoni_FEG200205_105-image.logs_paraphronima_corneas_without_random_scale_lightning_logs_version_3_checkpoints_last_ckptx_3_y_3_z_3_average_threshold_None_prediction_peak_min_val_0_25_method_max_filter.resampled_space_peaks_results.pickle
P_crassipes_FEG190801_034_00001_new-image.logs_paraphronima_corneas_without_random_scale_lightning_logs_version_3_checkpoints_last_x_3_y_3_z_3_average_threshold_0.25_prediction_peak_min_val_0_25_method_max_filter,./analysis_output/P_crassipes_FEG190801_034_00001_new-image.logs_paraphronima_corneas_without_random_scale_lightning_logs_version_3_checkpoints_last_x_3_y_3_z_3_average_threshold_0.25_prediction_peak_min_val_0_25_method_max_filter.resampled_space_peaks_results.pickle
Paraphronima_FEG181024_head_sp_8_1423158-image.logs_paraphronima_corneas_without_random_scale_lightning_logs_version_3_checkpoints_last_x_3_y_3_z_3_average_threshold_0.5_prediction_peak_min_val_0_25_method_center_of_mass,./analysis_output/Paraphronima_FEG181024_head_sp_8_1423158-image.logs_paraphronima_corneas_without_random_scale_lightning_logs_version_3_checkpoints_last_x_3_y_3_z_3_average_threshold_0.5_prediction_peak_min_val_0_25_method_center_of_mass.resampled_space_pea_results.pickle
P_gracilis_FEG190213_003a_head-image.logs_paraphronima_corneas_without_random_scale_lightning_logs_version_3_checkpoints_last_ckptx_3_y_3_z_3_average_threshold_0_25_prediction_peak_min_val_0_5_method_center_of_mass,./analysis_output/P_gracilis_FEG190213_003a_head-image.logs_paraphronima_corneas_without_random_scale_lightning_logs_version_3_checkpoints_last_ckptx_3_y_3_z_3_average_threshold_0_25_prediction_peak_min_val_0_5_method_center_of_mass.resampled_space_peaks_results.pickle
P_crassipes_FEG190213_003b_02_head-image.logs_paraphronima_corneas_without_random_scale_lightning_logs_version_3_checkpoints_last_ckptx_3_y_3_z_3_average_threshold_0_5_prediction_peak_min_val_0_5_method_max_filter,./analysis_output/P_crassipes_FEG190213_003b_02_head-image.logs_paraphronima_corneas_without_random_scale_lightning_logs_version_3_checkpoints_last_ckptx_3_y_3_z_3_average_threshold_0_5_prediction_peak_min_val_0_5_method_max_filter.resampled_space_peaks_results.pickle
P_gracilis_FEG190213_003a_head-image.logs_paraphronima_corneas_without_random_scale_lightning_logs_version_3_checkpoints_last_x_3_y_3_z_3_average_threshold_None_prediction_peak_min_val_0_25_method_max_filter,./analysis_output/P_gracilis_FEG190213_003a_head-image.logs_paraphronima_corneas_without_random_scale_lightning_logs_version_3_checkpoints_last_x_3_y_3_z_3_average_threshold_None_prediction_peak_min_val_0_25_method_max_filter.resampled_space_peaks_results.pickle
P_robisoni_FEG200205_105-image.logs_paraphronima_corneas_without_random_scale_lightning_logs_version_3_checkpoints_last_ckptx_3_y_3_z_3_average_threshold_None_prediction_peak_min_val_0_25_method_center_of_mass,./analysis_output/P_robisoni_FEG200205_105-image.logs_paraphronima_corneas_without_random_scale_lightning_logs_version_3_checkpoints_last_ckptx_3_y_3_z_3_average_threshold_None_prediction_peak_min_val_0_25_method_center_of_mass.resampled_space_peaks_results.pickle
P_gracilis_FEG190213_003a_head-image.logs_paraphronima_corneas_without_random_scale_lightning_logs_version_3_checkpoints_last_x_3_y_3_z_3_average_threshold_None_prediction_peak_min_val_0_25_method_center_of_mass,./analysis_output/P_gracilis_FEG190213_003a_head-image.logs_paraphronima_corneas_without_random_scale_lightning_logs_version_3_checkpoints_last_x_3_y_3_z_3_average_threshold_None_prediction_peak_min_val_0_25_method_center_of_mass.resampled_space_peaks_results.pickle
P_gracilis_FEG190213_003a_head-image.logs_paraphronima_corneas_without_random_scale_lightning_logs_version_3_checkpoints_last_x_3_y_3_z_3_average_threshold_0.25_prediction_peak_min_val_0_5_method_max_filter,./analysis_output/P_gracilis_FEG190213_003a_head-image.logs_paraphronima_corneas_without_random_scale_lightning_logs_version_3_checkpoints_last_x_3_y_3_z_3_average_threshold_0.25_prediction_peak_min_val_0_5_method_max_filter.resampled_space_peaks_results.pickle
P_crassipes_FEG190801_034_00001_new-image.logs_paraphronima_corneas_without_random_scale_lightning_logs_version_3_checkpoints_last_ckptx_3_y_3_z_3_average_threshold_0_5_prediction_peak_min_val_0_5_method_center_of_mass,./analysis_output/P_crassipes_FEG190801_034_00001_new-image.logs_paraphronima_corneas_without_random_scale_lightning_logs_version_3_checkpoints_last_ckptx_3_y_3_z_3_average_threshold_0_5_prediction_peak_min_val_0_5_method_center_of_mass.resampled_space_peaks_results.pickle
P_crassipes_FEG190801_034_00001_new-image.logs_paraphronima_corneas_without_random_scale_lightning_logs_version_3_checkpoints_last_ckptx_3_y_3_z_3_average_threshold_0_25_prediction_peak_min_val_0_5_method_center_of_mass,./analysis_output/P_crassipes_FEG190801_034_00001_new-image.logs_paraphronima_corneas_without_random_scale_lightning_logs_version_3_checkpoints_last_ckptx_3_y_3_z_3_average_threshold_0_25_prediction_peak_min_val_0_5_method_center_of_mass.resampled_space_peak_results.pickle
P_robisoni_FEG200205_105-image.logs_paraphronima_corneas_without_random_rotation_lightning_logs_version_1_checkpoints_last_ckptx_3_y_3_z_3_average_threshold_0_5_prediction_peak_min_val_0_5_method_center_of_mass,./analysis_output/P_robisoni_FEG200205_105-image.logs_paraphronima_corneas_without_random_rotation_lightning_logs_version_1_checkpoints_last_ckptx_3_y_3_z_3_average_threshold_0_5_prediction_peak_min_val_0_5_method_center_of_mass.resampled_space_peaks_results.pickle
P_crassipes_FEG190213_003b_02_head-image.logs_paraphronima_corneas_without_random_rotation_lightning_logs_version_1_checkpoints_last_ckptx_3_y_3_z_3_average_threshold_0_5_prediction_peak_min_val_0_5_method_center_of_mass,./analysis_output/P_crassipes_FEG190213_003b_02_head-image.logs_paraphronima_corneas_without_random_rotation_lightning_logs_version_1_checkpoints_last_ckptx_3_y_3_z_3_average_threshold_0_5_prediction_peak_min_val_0_5_method_center_of_mass.resampled_space_pea_results.pickle
P_gracilis_FEG190213_003a_head-image.logs_paraphronima_corneas_without_random_rotation_lightning_logs_version_1_checkpoints_last_x_3_y_3_z_3_average_threshold_None_prediction_peak_min_val_0_25_method_center_of_mass,./analysis_output/P_gracilis_FEG190213_003a_head-image.logs_paraphronima_corneas_without_random_rotation_lightning_logs_version_1_checkpoints_last_x_3_y_3_z_3_average_threshold_None_prediction_peak_min_val_0_25_method_center_of_mass.resampled_space_peaks_results.pickle
P_crassipes_FEG190801_034_00001_new-image.logs_paraphronima_corneas_without_random_rotation_lightning_logs_version_1_checkpoints_last_ckptx_3_y_3_z_3_average_threshold_0_25_prediction_peak_min_val_0_5_method_center_of_mass,./analysis_output/P_crassipes_FEG190801_034_00001_new-image.logs_paraphronima_corneas_without_random_rotation_lightning_logs_version_1_checkpoints_last_ckptx_3_y_3_z_3_average_threshold_0_25_prediction_peak_min_val_0_5_method_center_of_mass.resampled_space_p_results.pickle
P_gracilis_FEG190213_003a_head-image.logs_paraphronima_corneas_without_random_rotation_lightning_logs_version_1_checkpoints_last_x_3_y_3_z_3_average_threshold_None_prediction_peak_min_val_0_25_method_max_filter,./analysis_output/P_gracilis_FEG190213_003a_head-image.logs_paraphronima_corneas_without_random_rotation_lightning_logs_version_1_checkpoints_last_x_3_y_3_z_3_average_threshold_None_prediction_peak_min_val_0_25_method_max_filter.resampled_space_peaks_results.pickle
Paraphronima_FEG181024_head_sp_8_1423158-image.logs_paraphronima_corneas_without_random_rotation_lightning_logs_version_1_checkpoints_last_ckptx_3_y_3_z_3_average_threshold_None_prediction_peak_min_val_0_5_method_max_filter,./analysis_output/Paraphronima_FEG181024_head_sp_8_1423158-image.logs_paraphronima_corneas_without_random_rotation_lightning_logs_version_1_checkpoints_last_ckptx_3_y_3_z_3_average_threshold_None_prediction_peak_min_val_0_5_method_max_filter.resampled_space__results.pickle
Paraphronima_FEG181024_head_sp_8_1423158-image.logs_paraphronima_corneas_without_random_rotation_lightning_logs_version_1_checkpoints_last_x_3_y_3_z_3_average_threshold_0.25_prediction_peak_min_val_0_5_method_center_of_mass,./analysis_output/Paraphronima_FEG181024_head_sp_8_1423158-image.logs_paraphronima_corneas_without_random_rotation_lightning_logs_version_1_checkpoints_last_x_3_y_3_z_3_average_threshold_0.25_prediction_peak_min_val_0_5_method_center_of_mass.resampled_space__results.pickle
P_gracilis_FEG190213_003a_head-image.logs_paraphronima_corneas_without_random_rotation_lightning_logs_version_1_checkpoints_last_x_3_y_3_z_3_average_threshold_None_prediction_peak_min_val_0_5_method_center_of_mass,./analysis_output/P_gracilis_FEG190213_003a_head-image.logs_paraphronima_corneas_without_random_rotation_lightning_logs_version_1_checkpoints_last_x_3_y_3_z_3_average_threshold_None_prediction_peak_min_val_0_5_method_center_of_mass.resampled_space_peaks_results.pickle
P_crassipes_FEG190213_003b_02_head-image.logs_paraphronima_corneas_without_random_rotation_lightning_logs_version_1_checkpoints_last_ckptx_3_y_3_z_3_average_threshold_0_5_prediction_peak_min_val_0_25_method_max_filter,./analysis_output/P_crassipes_FEG190213_003b_02_head-image.logs_paraphronima_corneas_without_random_rotation_lightning_logs_version_1_checkpoints_last_ckptx_3_y_3_z_3_average_threshold_0_5_prediction_peak_min_val_0_25_method_max_filter.resampled_space_peaks_results.pickle
P_gracilis_FEG190213_003a_head-image.logs_paraphronima_corneas_without_random_rotation_lightning_logs_version_1_checkpoints_last_ckptx_3_y_3_z_3_average_threshold_None_prediction_peak_min_val_0_5_method_max_filter,./analysis_output/P_gracilis_FEG190213_003a_head-image.logs_paraphronima_corneas_without_random_rotation_lightning_logs_version_1_checkpoints_last_ckptx_3_y_3_z_3_average_threshold_None_prediction_peak_min_val_0_5_method_max_filter.resampled_space_peaks_results.pickle
P_robisoni_FEG200205_105-image.logs_paraphronima_corneas_without_random_rotation_lightning_logs_version_1_checkpoints_last_x_3_y_3_z_3_average_threshold_None_prediction_peak_min_val_0_25_method_center_of_mass,./analysis_output/P_robisoni_FEG200205_105-image.logs_paraphronima_corneas_without_random_rotation_lightning_logs_version_1_checkpoints_last_x_3_y_3_z_3_average_threshold_None_prediction_peak_min_val_0_25_method_center_of_mass.resampled_space_peaks_results.pickle
Paraphronima_FEG181024_head_sp_8_1423158-image.logs_paraphronima_corneas_without_random_rotation_lightning_logs_version_1_checkpoints_last_x_3_y_3_z_3_average_threshold_0.5_prediction_peak_min_val_0_25_method_max_filter,./analysis_output/Paraphronima_FEG181024_head_sp_8_1423158-image.logs_paraphronima_corneas_without_random_rotation_lightning_logs_version_1_checkpoints_last_x_3_y_3_z_3_average_threshold_0.5_prediction_peak_min_val_0_25_method_max_filter.resampled_space_peak_results.pickle
P_robisoni_FEG200205_105-image.logs_paraphronima_corneas_without_random_rotation_lightning_logs_version_1_checkpoints_last_x_3_y_3_z_3_average_threshold_0.5_prediction_peak_min_val_0_5_method_center_of_mass,./analysis_output/P_robisoni_FEG200205_105-image.logs_paraphronima_corneas_without_random_rotation_lightning_logs_version_1_checkpoints_last_x_3_y_3_z_3_average_threshold_0.5_prediction_peak_min_val_0_5_method_center_of_mass.resampled_space_peaks_results.pickle
FEG200205_108_crop-image.logs_paraphronima_rhabdoms_without_target_heatmap_masking_lightning_logs_version_1_checkpoints_last_x_3_y_3_z_3_average_threshold_0.25_prediction_peak_min_val_0_25_method_max_filter,./analysis_output/FEG200205_108_crop-image.logs_paraphronima_rhabdoms_without_target_heatmap_masking_lightning_logs_version_1_checkpoints_last_x_3_y_3_z_3_average_threshold_0.25_prediction_peak_min_val_0_25_method_max_filter.resampled_space_peaks_results.pickle
dampieri_male_16-image.logs_fiddlercrab_rhabdoms_lightning_logs_version_10_checkpoints_last_x_3_y_3_z_3_average_threshold_None_prediction_peak_min_val_0_5_method_center_of_mass,./analysis_output/dampieri_male_16-image.logs_fiddlercrab_rhabdoms_lightning_logs_version_10_checkpoints_last_x_3_y_3_z_3_average_threshold_None_prediction_peak_min_val_0_5_method_center_of_mass.resampled_space_peaks_results.pickle
P_crassipes_FEG200129_099-image.logs_paraphronima_rhabdoms_without_random_scale_lightning_logs_version_3_checkpoints_last_x_3_y_3_z_3_average_threshold_0.25_prediction_peak_min_val_0_5_method_center_of_mass,./analysis_output/P_crassipes_FEG200129_099-image.logs_paraphronima_rhabdoms_without_random_scale_lightning_logs_version_3_checkpoints_last_x_3_y_3_z_3_average_threshold_0.25_prediction_peak_min_val_0_5_method_center_of_mass.resampled_space_peaks_results.pickle
P_crassipes_FEG191022_077A-image.logs_paraphronima_rhabdoms_without_elastic_deformation_lightning_logs_version_2_checkpoints_last_x_3_y_3_z_3_average_threshold_0.5_prediction_peak_min_val_0_25_method_max_filter,./analysis_output/P_crassipes_FEG191022_077A-image.logs_paraphronima_rhabdoms_without_elastic_deformation_lightning_logs_version_2_checkpoints_last_x_3_y_3_z_3_average_threshold_0.5_prediction_peak_min_val_0_25_method_max_filter.resampled_space_peaks_results.pickle
FEG200205_108_crop-image.logs_paraphronima_rhabdoms_without_elastic_deformation_lightning_logs_version_2_checkpoints_last_x_3_y_3_z_3_average_threshold_None_prediction_peak_min_val_0_5_method_center_of_mass,./analysis_output/FEG200205_108_crop-image.logs_paraphronima_rhabdoms_without_elastic_deformation_lightning_logs_version_2_checkpoints_last_x_3_y_3_z_3_average_threshold_None_prediction_peak_min_val_0_5_method_center_of_mass.resampled_space_peaks_results.pickle
flammula_20190925_male_left-image.logs_fiddlercrab_rhabdoms_without_random_scale_lightning_logs_version_3_checkpoints_last_x_3_y_3_z_3_average_threshold_None_prediction_peak_min_val_0_25_method_center_of_mass,./analysis_output/flammula_20190925_male_left-image.logs_fiddlercrab_rhabdoms_without_random_scale_lightning_logs_version_3_checkpoints_last_x_3_y_3_z_3_average_threshold_None_prediction_peak_min_val_0_25_method_center_of_mass.resampled_space_peaks_results.pickle
dampieri_male_16-image.logs_fiddlercrab_corneas_lightning_logs_version_26_checkpoints_last_x_3_y_3_z_3_average_threshold_0.5_prediction_peak_min_val_0_25_method_max_filter,./analysis_output/dampieri_male_16-image.logs_fiddlercrab_corneas_lightning_logs_version_26_checkpoints_last_x_3_y_3_z_3_average_threshold_0.5_prediction_peak_min_val_0_25_method_max_filter.resampled_space_peaks_results.pickle
flammula_20190925_male_left-image.logs_fiddlercrab_corneas_lightning_logs_version_26_checkpoints_last_x_3_y_3_z_3_average_threshold_0.25_prediction_peak_min_val_0_5_method_max_filter,./analysis_output/flammula_20190925_male_left-image.logs_fiddlercrab_corneas_lightning_logs_version_26_checkpoints_last_x_3_y_3_z_3_average_threshold_0.25_prediction_peak_min_val_0_5_method_max_filter.resampled_space_peaks_results.pickle
dampieri_male_16-image.logs_fiddlercrab_rhabdoms_with_target_heatmap_masking_lightning_logs_version_2_checkpoints_last_x_3_y_3_z_3_average_threshold_0.5_prediction_peak_min_val_0_25_method_center_of_mass,./analysis_output/dampieri_male_16-image.logs_fiddlercrab_rhabdoms_with_target_heatmap_masking_lightning_logs_version_2_checkpoints_last_x_3_y_3_z_3_average_threshold_0.5_prediction_peak_min_val_0_25_method_center_of_mass.resampled_space_peaks_results.pickle
P_crassipes_FEG200129_099-image.logs_paraphronima_rhabdoms_without_target_heatmap_masking_lightning_logs_version_1_checkpoints_last_x_3_y_3_z_3_average_threshold_0.5_prediction_peak_min_val_0_25_method_center_of_mass,./analysis_output/P_crassipes_FEG200129_099-image.logs_paraphronima_rhabdoms_without_target_heatmap_masking_lightning_logs_version_1_checkpoints_last_x_3_y_3_z_3_average_threshold_0.5_prediction_peak_min_val_0_25_method_center_of_mass.resampled_space_peaks_results.pickle
P_crassipes_FEG191022_077A-image.logs_paraphronima_rhabdoms_lightning_logs_version_23_checkpoints_last_x_3_y_3_z_3_average_threshold_0.25_prediction_peak_min_val_0_5_method_max_filter,./analysis_output/P_crassipes_FEG191022_077A-image.logs_paraphronima_rhabdoms_lightning_logs_version_23_checkpoints_last_x_3_y_3_z_3_average_threshold_0.25_prediction_peak_min_val_0_5_method_max_filter.resampled_space_peaks_results.pickle
P_crassipes_FEG190213_003b_02_head-image.logs_paraphronima_corneas_without_random_scale_lightning_logs_version_3_checkpoints_last_x_3_y_3_z_3_average_threshold_0.5_prediction_peak_min_val_0_5_method_center_of_mass,./analysis_output/P_crassipes_FEG190213_003b_02_head-image.logs_paraphronima_corneas_without_random_scale_lightning_logs_version_3_checkpoints_last_x_3_y_3_z_3_average_threshold_0.5_prediction_peak_min_val_0_5_method_center_of_mass.resampled_space_peaks_results.pickle
flammula_20190925_male_left-image.logs_fiddlercrab_corneas_hist_std_z_norm_lightning_logs_version_0_checkpoints_last_x_3_y_3_z_3_average_threshold_0.5_prediction_peak_min_val_0_5_method_center_of_mass,./analysis_output/flammula_20190925_male_left-image.logs_fiddlercrab_corneas_hist_std_z_norm_lightning_logs_version_0_checkpoints_last_x_3_y_3_z_3_average_threshold_0.5_prediction_peak_min_val_0_5_method_center_of_mass.resampled_space_peaks_results.pickle
flammula_20190925_male_left-image.logs_fiddlercrab_rhabdoms_hist_std_lightning_logs_version_0_checkpoints_last_x_3_y_3_z_3_average_threshold_0.5_prediction_peak_min_val_0_25_method_max_filter,./analysis_output/flammula_20190925_male_left-image.logs_fiddlercrab_rhabdoms_hist_std_lightning_logs_version_0_checkpoints_last_x_3_y_3_z_3_average_threshold_0.5_prediction_peak_min_val_0_25_method_max_filter.resampled_space_peaks_results.pickle
flammula_20190925_male_left-image.logs_fiddlercrab_rhabdoms_hist_std_lightning_logs_version_0_checkpoints_last_x_3_y_3_z_3_average_threshold_0.25_prediction_peak_min_val_0_25_method_max_filter,./analysis_output/flammula_20190925_male_left-image.logs_fiddlercrab_rhabdoms_hist_std_lightning_logs_version_0_checkpoints_last_x_3_y_3_z_3_average_threshold_0.25_prediction_peak_min_val_0_25_method_max_filter.resampled_space_peaks_results.pickle
dampieri_male_16-image.logs_fiddlercrab_corneas_hist_std_lightning_logs_version_0_checkpoints_last_x_3_y_3_z_3_average_threshold_None_prediction_peak_min_val_0_5_method_center_of_mass,./analysis_output/dampieri_male_16-image.logs_fiddlercrab_corneas_hist_std_lightning_logs_version_0_checkpoints_last_x_3_y_3_z_3_average_threshold_None_prediction_peak_min_val_0_5_method_center_of_mass.resampled_space_peaks_results.pickle
P_crassipes_FEG191022_077A-image.logs_paraphronima_rhabdoms_without_elastic_deformation_lightning_logs_version_2_checkpoints_last_x_3_y_3_z_3_average_threshold_0.25_prediction_peak_min_val_0_5_method_max_filter,./analysis_output/P_crassipes_FEG191022_077A-image.logs_paraphronima_rhabdoms_without_elastic_deformation_lightning_logs_version_2_checkpoints_last_x_3_y_3_z_3_average_threshold_0.25_prediction_peak_min_val_0_5_method_max_filter.resampled_space_peaks_results.pickle
FEG200205_108_crop-image.logs_paraphronima_rhabdoms_without_random_scale_lightning_logs_version_3_checkpoints_last_x_3_y_3_z_3_average_threshold_None_prediction_peak_min_val_0_5_method_center_of_mass,./analysis_output/FEG200205_108_crop-image.logs_paraphronima_rhabdoms_without_random_scale_lightning_logs_version_3_checkpoints_last_x_3_y_3_z_3_average_threshold_None_prediction_peak_min_val_0_5_method_center_of_mass.resampled_space_peaks_results.pickle
flammula_20190925_male_left-image.logs_fiddlercrab_rhabdoms_hist_std_z_norm_lightning_logs_version_0_checkpoints_last_x_3_y_3_z_3_average_threshold_0.5_prediction_peak_min_val_0_5_method_max_filter,./analysis_output/flammula_20190925_male_left-image.logs_fiddlercrab_rhabdoms_hist_std_z_norm_lightning_logs_version_0_checkpoints_last_x_3_y_3_z_3_average_threshold_0.5_prediction_peak_min_val_0_5_method_max_filter.resampled_space_peaks_results.pickle
flammula_20190925_male_left-image.logs_fiddlercrab_rhabdoms_without_random_rotation_lightning_logs_version_0_checkpoints_last_x_3_y_3_z_3_average_threshold_0.5_prediction_peak_min_val_0_25_method_center_of_mass,./analysis_output/flammula_20190925_male_left-image.logs_fiddlercrab_rhabdoms_without_random_rotation_lightning_logs_version_0_checkpoints_last_x_3_y_3_z_3_average_threshold_0.5_prediction_peak_min_val_0_25_method_center_of_mass.resampled_space_peaks_results.pickle
dampieri_male_16-image.logs_fiddlercrab_rhabdoms_hist_std_lightning_logs_version_0_checkpoints_last_x_3_y_3_z_3_average_threshold_0.25_prediction_peak_min_val_0_5_method_center_of_mass,./analysis_output/dampieri_male_16-image.logs_fiddlercrab_rhabdoms_hist_std_lightning_logs_version_0_checkpoints_last_x_3_y_3_z_3_average_threshold_0.25_prediction_peak_min_val_0_5_method_center_of_mass.resampled_space_peaks_results.pickle
dampieri_male_16-image.logs_fiddlercrab_rhabdoms_with_target_heatmap_masking_lightning_logs_version_2_checkpoints_last_x_3_y_3_z_3_average_threshold_0.25_prediction_peak_min_val_0_5_method_center_of_mass,./analysis_output/dampieri_male_16-image.logs_fiddlercrab_rhabdoms_with_target_heatmap_masking_lightning_logs_version_2_checkpoints_last_x_3_y_3_z_3_average_threshold_0.25_prediction_peak_min_val_0_5_method_center_of_mass.resampled_space_peaks_results.pickle
flammula_20190925_male_left-image.logs_fiddlercrab_corneas_hist_std_z_norm_lightning_logs_version_0_checkpoints_last_x_3_y_3_z_3_average_threshold_0.5_prediction_peak_min_val_0_5_method_max_filter,./analysis_output/flammula_20190925_male_left-image.logs_fiddlercrab_corneas_hist_std_z_norm_lightning_logs_version_0_checkpoints_last_x_3_y_3_z_3_average_threshold_0.5_prediction_peak_min_val_0_5_method_max_filter.resampled_space_peaks_results.pickle
flammula_20190925_male_left-image.logs_fiddlercrab_corneas_lightning_logs_version_26_checkpoints_last_x_3_y_3_z_3_average_threshold_0.25_prediction_peak_min_val_0_5_method_center_of_mass,./analysis_output/flammula_20190925_male_left-image.logs_fiddlercrab_corneas_lightning_logs_version_26_checkpoints_last_x_3_y_3_z_3_average_threshold_0.25_prediction_peak_min_val_0_5_method_center_of_mass.resampled_space_peaks_results.pickle
flammula_20190925_male_left-image.logs_fiddlercrab_rhabdoms_hist_std_z_norm_lightning_logs_version_0_checkpoints_last_x_3_y_3_z_3_average_threshold_None_prediction_peak_min_val_0_25_method_center_of_mass,./analysis_output/flammula_20190925_male_left-image.logs_fiddlercrab_rhabdoms_hist_std_z_norm_lightning_logs_version_0_checkpoints_last_x_3_y_3_z_3_average_threshold_None_prediction_peak_min_val_0_25_method_center_of_mass.resampled_space_peaks_results.pickle
FEG200205_108_crop-image.logs_paraphronima_rhabdoms_lightning_logs_version_23_checkpoints_last_x_3_y_3_z_3_average_threshold_0.25_prediction_peak_min_val_0_25_method_max_filter,./analysis_output/FEG200205_108_crop-image.logs_paraphronima_rhabdoms_lightning_logs_version_23_checkpoints_last_x_3_y_3_z_3_average_threshold_0.25_prediction_peak_min_val_0_25_method_max_filter.resampled_space_peaks_results.pickle
dampieri_male_16-image.logs_fiddlercrab_rhabdoms_lightning_logs_version_10_checkpoints_last_x_3_y_3_z_3_average_threshold_None_prediction_peak_min_val_0_5_method_max_filter,./analysis_output/dampieri_male_16-image.logs_fiddlercrab_rhabdoms_lightning_logs_version_10_checkpoints_last_x_3_y_3_z_3_average_threshold_None_prediction_peak_min_val_0_5_method_max_filter.resampled_space_peaks_results.pickle
P_crassipes_FEG200129_099-image.logs_paraphronima_rhabdoms_without_elastic_deformation_lightning_logs_version_2_checkpoints_last_x_3_y_3_z_3_average_threshold_0.5_prediction_peak_min_val_0_5_method_center_of_mass,./analysis_output/P_crassipes_FEG200129_099-image.logs_paraphronima_rhabdoms_without_elastic_deformation_lightning_logs_version_2_checkpoints_last_x_3_y_3_z_3_average_threshold_0.5_prediction_peak_min_val_0_5_method_center_of_mass.resampled_space_peaks_results.pickle
P_crassipes_FEG191022_077A-image.logs_paraphronima_rhabdoms_lightning_logs_version_23_checkpoints_last_x_3_y_3_z_3_average_threshold_None_prediction_peak_min_val_0_25_method_max_filter,./analysis_output/P_crassipes_FEG191022_077A-image.logs_paraphronima_rhabdoms_lightning_logs_version_23_checkpoints_last_x_3_y_3_z_3_average_threshold_None_prediction_peak_min_val_0_25_method_max_filter.resampled_space_peaks_results.pickle
dampieri_male_16-image.logs_fiddlercrab_rhabdoms_lightning_logs_version_10_checkpoints_last_x_3_y_3_z_3_average_threshold_0.25_prediction_peak_min_val_0_5_method_max_filter,./analysis_output/dampieri_male_16-image.logs_fiddlercrab_rhabdoms_lightning_logs_version_10_checkpoints_last_x_3_y_3_z_3_average_threshold_0.25_prediction_peak_min_val_0_5_method_max_filter.resampled_space_peaks_results.pickle
P_crassipes_FEG191022_077A-image.logs_paraphronima_rhabdoms_lightning_logs_version_23_checkpoints_last_x_3_y_3_z_3_average_threshold_0.5_prediction_peak_min_val_0_5_method_center_of_mass,./analysis_output/P_crassipes_FEG191022_077A-image.logs_paraphronima_rhabdoms_lightning_logs_version_23_checkpoints_last_x_3_y_3_z_3_average_threshold_0.5_prediction_peak_min_val_0_5_method_center_of_mass.resampled_space_peaks_results.pickle
P_crassipes_FEG200129_099-image.logs_paraphronima_rhabdoms_lightning_logs_version_23_checkpoints_last_x_3_y_3_z_3_average_threshold_0.5_prediction_peak_min_val_0_5_method_max_filter,./analysis_output/P_crassipes_FEG200129_099-image.logs_paraphronima_rhabdoms_lightning_logs_version_23_checkpoints_last_x_3_y_3_z_3_average_threshold_0.5_prediction_peak_min_val_0_5_method_max_filter.resampled_space_peaks_results.pickle
flammula_20190925_male_left-image.logs_fiddlercrab_corneas_random_affine_prop_1_lightning_logs_version_0_checkpoints_last_x_3_y_3_z_3_average_threshold_0.5_prediction_peak_min_val_0_5_method_center_of_mass,./analysis_output/flammula_20190925_male_left-image.logs_fiddlercrab_corneas_random_affine_prop_1_lightning_logs_version_0_checkpoints_last_x_3_y_3_z_3_average_threshold_0.5_prediction_peak_min_val_0_5_method_center_of_mass.resampled_space_peaks_results.pickle
dampieri_male_16-image.logs_fiddlercrab_rhabdoms_without_elastic_deformation_lightning_logs_version_3_checkpoints_last_x_3_y_3_z_3_average_threshold_0.25_prediction_peak_min_val_0_5_method_max_filter,./analysis_output/dampieri_male_16-image.logs_fiddlercrab_rhabdoms_without_elastic_deformation_lightning_logs_version_3_checkpoints_last_x_3_y_3_z_3_average_threshold_0.25_prediction_peak_min_val_0_5_method_max_filter.resampled_space_peaks_results.pickle
P_crassipes_FEG190213_003b_02_head-image.logs_paraphronima_corneas_without_random_scale_lightning_logs_version_3_checkpoints_last_x_3_y_3_z_3_average_threshold_0.25_prediction_peak_min_val_0_25_method_center_of_mass,./analysis_output/P_crassipes_FEG190213_003b_02_head-image.logs_paraphronima_corneas_without_random_scale_lightning_logs_version_3_checkpoints_last_x_3_y_3_z_3_average_threshold_0.25_prediction_peak_min_val_0_25_method_center_of_mass.resampled_space_peaks_results.pickle
dampieri_male_16-image.logs_fiddlercrab_rhabdoms_without_elastic_deformation_lightning_logs_version_3_checkpoints_last_x_3_y_3_z_3_average_threshold_None_prediction_peak_min_val_0_25_method_max_filter,./analysis_output/dampieri_male_16-image.logs_fiddlercrab_rhabdoms_without_elastic_deformation_lightning_logs_version_3_checkpoints_last_x_3_y_3_z_3_average_threshold_None_prediction_peak_min_val_0_25_method_max_filter.resampled_space_peaks_results.pickle
P_crassipes_FEG191022_077A-image.logs_paraphronima_rhabdoms_without_random_rotation_lightning_logs_version_2_checkpoints_last_x_3_y_3_z_3_average_threshold_0.5_prediction_peak_min_val_0_5_method_center_of_mass,./analysis_output/P_crassipes_FEG191022_077A-image.logs_paraphronima_rhabdoms_without_random_rotation_lightning_logs_version_2_checkpoints_last_x_3_y_3_z_3_average_threshold_0.5_prediction_peak_min_val_0_5_method_center_of_mass.resampled_space_peaks_results.pickle
flammula_20190925_male_left-image.logs_fiddlercrab_corneas_without_elastic_deformation_lightning_logs_version_2_checkpoints_last_x_3_y_3_z_3_average_threshold_None_prediction_peak_min_val_0_25_method_center_of_mass,./analysis_output/flammula_20190925_male_left-image.logs_fiddlercrab_corneas_without_elastic_deformation_lightning_logs_version_2_checkpoints_last_x_3_y_3_z_3_average_threshold_None_prediction_peak_min_val_0_25_method_center_of_mass.resampled_space_peaks_results.pickle
flammula_20190925_male_left-image.logs_fiddlercrab_rhabdoms_without_random_scale_lightning_logs_version_3_checkpoints_last_x_3_y_3_z_3_average_threshold_0.5_prediction_peak_min_val_0_25_method_center_of_mass,./analysis_output/flammula_20190925_male_left-image.logs_fiddlercrab_rhabdoms_without_random_scale_lightning_logs_version_3_checkpoints_last_x_3_y_3_z_3_average_threshold_0.5_prediction_peak_min_val_0_25_method_center_of_mass.resampled_space_peaks_results.pickle
dampieri_male_16-image.logs_fiddlercrab_rhabdoms_hist_std_lightning_logs_version_0_checkpoints_last_x_3_y_3_z_3_average_threshold_None_prediction_peak_min_val_0_5_method_max_filter,./analysis_output/dampieri_male_16-image.logs_fiddlercrab_rhabdoms_hist_std_lightning_logs_version_0_checkpoints_last_x_3_y_3_z_3_average_threshold_None_prediction_peak_min_val_0_5_method_max_filter.resampled_space_peaks_results.pickle
dampieri_male_16-image.logs_fiddlercrab_rhabdoms_with_target_heatmap_masking_lightning_logs_version_2_checkpoints_last_x_3_y_3_z_3_average_threshold_None_prediction_peak_min_val_0_25_method_max_filter,./analysis_output/dampieri_male_16-image.logs_fiddlercrab_rhabdoms_with_target_heatmap_masking_lightning_logs_version_2_checkpoints_last_x_3_y_3_z_3_average_threshold_None_prediction_peak_min_val_0_25_method_max_filter.resampled_space_peaks_results.pickle
P_crassipes_FEG191022_077A-image.logs_paraphronima_rhabdoms_without_random_rotation_lightning_logs_version_2_checkpoints_last_x_3_y_3_z_3_average_threshold_0.5_prediction_peak_min_val_0_5_method_max_filter,./analysis_output/P_crassipes_FEG191022_077A-image.logs_paraphronima_rhabdoms_without_random_rotation_lightning_logs_version_2_checkpoints_last_x_3_y_3_z_3_average_threshold_0.5_prediction_peak_min_val_0_5_method_max_filter.resampled_space_peaks_results.pickle
P_crassipes_FEG200129_099-image.logs_paraphronima_rhabdoms_without_random_scale_lightning_logs_version_3_checkpoints_last_x_3_y_3_z_3_average_threshold_0.25_prediction_peak_min_val_0_25_method_max_filter,./analysis_output/P_crassipes_FEG200129_099-image.logs_paraphronima_rhabdoms_without_random_scale_lightning_logs_version_3_checkpoints_last_x_3_y_3_z_3_average_threshold_0.25_prediction_peak_min_val_0_25_method_max_filter.resampled_space_peaks_results.pickle
P_crassipes_FEG190213_003b_02_head-image.logs_paraphronima_corneas_without_elastic_deformation_lightning_logs_version_2_ckpts_last_x_3_y_3_z_3_average_threshold_0.5_prediction_peak_min_val_0_5_method_center_of_mass,./analysis_output/P_crassipes_FEG190213_003b_02_head-image.logs_paraphronima_corneas_without_elastic_deformation_lightning_logs_version_2_ckpts_last_x_3_y_3_z_3_average_threshold_0.5_prediction_peak_min_val_0_5_method_center_of_mass.resampled_space_peaks_results.pickle
FEG200205_108_crop-image.logs_paraphronima_rhabdoms_without_elastic_deformation_lightning_logs_version_2_checkpoints_last_x_3_y_3_z_3_average_threshold_0.25_prediction_peak_min_val_0_5_method_max_filter,./analysis_output/FEG200205_108_crop-image.logs_paraphronima_rhabdoms_without_elastic_deformation_lightning_logs_version_2_checkpoints_last_x_3_y_3_z_3_average_threshold_0.25_prediction_peak_min_val_0_5_method_max_filter.resampled_space_peaks_results.pickle
P_crassipes_FEG191022_077A-image.logs_paraphronima_rhabdoms_without_random_scale_lightning_logs_version_3_checkpoints_last_x_3_y_3_z_3_average_threshold_None_prediction_peak_min_val_0_25_method_max_filter,./analysis_output/P_crassipes_FEG191022_077A-image.logs_paraphronima_rhabdoms_without_random_scale_lightning_logs_version_3_checkpoints_last_x_3_y_3_z_3_average_threshold_None_prediction_peak_min_val_0_25_method_max_filter.resampled_space_peaks_results.pickle
flammula_20190925_male_left-image.logs_fiddlercrab_rhabdoms_lightning_logs_version_10_checkpoints_last_x_3_y_3_z_3_average_threshold_0.5_prediction_peak_min_val_0_25_method_center_of_mass,./analysis_output/flammula_20190925_male_left-image.logs_fiddlercrab_rhabdoms_lightning_logs_version_10_checkpoints_last_x_3_y_3_z_3_average_threshold_0.5_prediction_peak_min_val_0_25_method_center_of_mass.resampled_space_peaks_results.pickle
flammula_20190925_male_left-image.logs_fiddlercrab_corneas_without_elastic_deformation_lightning_logs_version_2_checkpoints_last_x_3_y_3_z_3_average_threshold_0.25_prediction_peak_min_val_0_25_method_center_of_mass,./analysis_output/flammula_20190925_male_left-image.logs_fiddlercrab_corneas_without_elastic_deformation_lightning_logs_version_2_checkpoints_last_x_3_y_3_z_3_average_threshold_0.25_prediction_peak_min_val_0_25_method_center_of_mass.resampled_space_peaks_results.pickle
P_crassipes_FEG200129_099-image.logs_paraphronima_rhabdoms_lightning_logs_version_24_checkpoints_last_ckptx_3_y_3_z_3_average_threshold_0_5_prediction_peak_min_val_0_25_method_max_filter,./analysis_output/P_crassipes_FEG200129_099-image.logs_paraphronima_rhabdoms_lightning_logs_version_24_checkpoints_last_ckptx_3_y_3_z_3_average_threshold_0_5_prediction_peak_min_val_0_25_method_max_filter.resampled_space_peaks_results.pickle
P_crassipes_FEG191022_077A-image.logs_paraphronima_rhabdoms_lightning_logs_version_24_checkpoints_last_x_3_y_3_z_3_average_threshold_0.25_prediction_peak_min_val_0_5_method_center_of_mass,./analysis_output/P_crassipes_FEG191022_077A-image.logs_paraphronima_rhabdoms_lightning_logs_version_24_checkpoints_last_x_3_y_3_z_3_average_threshold_0.25_prediction_peak_min_val_0_5_method_center_of_mass.resampled_space_peaks_results.pickle
P_crassipes_FEG191022_077A-image.logs_paraphronima_rhabdoms_lightning_logs_version_24_checkpoints_last_x_3_y_3_z_3_average_threshold_None_prediction_peak_min_val_0_25_method_center_of_mass,./analysis_output/P_crassipes_FEG191022_077A-image.logs_paraphronima_rhabdoms_lightning_logs_version_24_checkpoints_last_x_3_y_3_z_3_average_threshold_None_prediction_peak_min_val_0_25_method_center_of_mass.resampled_space_peaks_results.pickle
P_crassipes_FEG191022_077A-image.logs_paraphronima_rhabdoms_lightning_logs_version_24_checkpoints_last_ckptx_3_y_3_z_3_average_threshold_0_5_prediction_peak_min_val_0_25_method_max_filter,./analysis_output/P_crassipes_FEG191022_077A-image.logs_paraphronima_rhabdoms_lightning_logs_version_24_checkpoints_last_ckptx_3_y_3_z_3_average_threshold_0_5_prediction_peak_min_val_0_25_method_max_filter.resampled_space_peaks_results.pickle
FEG200205_108_crop-image.logs_paraphronima_rhabdoms_lightning_logs_version_25_checkpoints_last_ckptx_3_y_3_z_3_average_threshold_0_25_prediction_peak_min_val_0_25_method_center_of_mass,./analysis_output/FEG200205_108_crop-image.logs_paraphronima_rhabdoms_lightning_logs_version_25_checkpoints_last_ckptx_3_y_3_z_3_average_threshold_0_25_prediction_peak_min_val_0_25_method_center_of_mass.resampled_space_peaks_results.pickle
P_crassipes_FEG191022_077A-image.logs_paraphronima_rhabdoms_lightning_logs_version_25_checkpoints_last_ckptx_3_y_3_z_3_average_threshold_0_25_prediction_peak_min_val_0_25_method_max_filter,./analysis_output/P_crassipes_FEG191022_077A-image.logs_paraphronima_rhabdoms_lightning_logs_version_25_checkpoints_last_ckptx_3_y_3_z_3_average_threshold_0_25_prediction_peak_min_val_0_25_method_max_filter.resampled_space_peaks_results.pickle
P_crassipes_FEG191022_077A-image.logs_paraphronima_rhabdoms_lightning_logs_version_25_checkpoints_last_ckptx_3_y_3_z_3_average_threshold_None_prediction_peak_min_val_0_25_method_center_of_mass,./analysis_output/P_crassipes_FEG191022_077A-image.logs_paraphronima_rhabdoms_lightning_logs_version_25_checkpoints_last_ckptx_3_y_3_z_3_average_threshold_None_prediction_peak_min_val_0_25_method_center_of_mass.resampled_space_peaks_results.pickle
FEG200205_108_crop-image.logs_paraphronima_rhabdoms_thresholded_heatmaps_lightning_logs_version_15_checkpoints_last_ckptx_3_y_3_z_3_average_threshold_None_prediction_peak_min_val_0_5_method_max_filter,./analysis_output/FEG200205_108_crop-image.logs_paraphronima_rhabdoms_thresholded_heatmaps_lightning_logs_version_15_checkpoints_last_ckptx_3_y_3_z_3_average_threshold_None_prediction_peak_min_val_0_5_method_max_filter.resampled_space_peaks_results.pickle
P_crassipes_FEG191022_077A-image.logs_paraphronima_rhabdoms_thresholded_heatmaps_lightning_logs_version_15_checkpoints_last_ckptx_3_y_3_z_3_average_threshold_0_5_prediction_peak_min_val_0_25_method_max_filter,./analysis_output/P_crassipes_FEG191022_077A-image.logs_paraphronima_rhabdoms_thresholded_heatmaps_lightning_logs_version_15_checkpoints_last_ckptx_3_y_3_z_3_average_threshold_0_5_prediction_peak_min_val_0_25_method_max_filter.resampled_space_peaks_results.pickle
Paraphronima_FEG181024_head_sp_8_1423158-image.logs_paraphronima_corneas_lightning_logs_version_11_checkpoints_last_ckptx_3_y_3_z_3_average_threshold_None_prediction_peak_min_val_0_25_method_max_filter,./analysis_output/Paraphronima_FEG181024_head_sp_8_1423158-image.logs_paraphronima_corneas_lightning_logs_version_11_checkpoints_last_ckptx_3_y_3_z_3_average_threshold_None_prediction_peak_min_val_0_25_method_max_filter.resampled_space_peaks_results.pickle
Paraphronima_FEG181024_head_sp_8_1423158-image.logs_paraphronima_corneas_lightning_logs_version_11_checkpoints_last_x_3_y_3_z_3_average_threshold_None_prediction_peak_min_val_0_25_method_max_filter,./analysis_output/Paraphronima_FEG181024_head_sp_8_1423158-image.logs_paraphronima_corneas_lightning_logs_version_11_checkpoints_last_x_3_y_3_z_3_average_threshold_None_prediction_peak_min_val_0_25_method_max_filter.resampled_space_peaks_results.pickle
P_robisoni_FEG200205_105-image.logs_paraphronima_corneas_lightning_logs_version_11_checkpoints_last_ckptx_3_y_3_z_3_average_threshold_0_25_prediction_peak_min_val_0_5_method_max_filter,./analysis_output/P_robisoni_FEG200205_105-image.logs_paraphronima_corneas_lightning_logs_version_11_checkpoints_last_ckptx_3_y_3_z_3_average_threshold_0_25_prediction_peak_min_val_0_5_method_max_filter.resampled_space_peaks_results.pickle
Paraphronima_FEG181024_head_sp_8_1423158-image.logs_paraphronima_corneas_lightning_logs_version_11_checkpoints_last_ckptx_3_y_3_z_3_average_threshold_0_25_prediction_peak_min_val_0_25_method_max_filter,./analysis_output/Paraphronima_FEG181024_head_sp_8_1423158-image.logs_paraphronima_corneas_lightning_logs_version_11_checkpoints_last_ckptx_3_y_3_z_3_average_threshold_0_25_prediction_peak_min_val_0_25_method_max_filter.resampled_space_peaks_results.pickle
P_gracilis_FEG190213_003a_head-image.logs_paraphronima_corneas_lightning_logs_version_11_checkpoints_last_x_3_y_3_z_3_average_threshold_0.25_prediction_peak_min_val_0_5_method_max_filter,./analysis_output/P_gracilis_FEG190213_003a_head-image.logs_paraphronima_corneas_lightning_logs_version_11_checkpoints_last_x_3_y_3_z_3_average_threshold_0.25_prediction_peak_min_val_0_5_method_max_filter.resampled_space_peaks_results.pickle
P_crassipes_FEG190801_034_00001_new-image.logs_paraphronima_corneas_lightning_logs_version_11_checkpoints_last_x_3_y_3_z_3_average_threshold_None_prediction_peak_min_val_0_25_method_max_filter,./analysis_output/P_crassipes_FEG190801_034_00001_new-image.logs_paraphronima_corneas_lightning_logs_version_11_checkpoints_last_x_3_y_3_z_3_average_threshold_None_prediction_peak_min_val_0_25_method_max_filter.resampled_space_peaks_results.pickle
P_gracilis_FEG190213_003a_head-image.logs_paraphronima_corneas_lightning_logs_version_12_checkpoints_last_ckptx_3_y_3_z_3_average_threshold_0_5_prediction_peak_min_val_0_25_method_center_of_mass,./analysis_output/P_gracilis_FEG190213_003a_head-image.logs_paraphronima_corneas_lightning_logs_version_12_checkpoints_last_ckptx_3_y_3_z_3_average_threshold_0_5_prediction_peak_min_val_0_25_method_center_of_mass.resampled_space_peaks_results.pickle
P_gracilis_FEG190213_003a_head-image.logs_paraphronima_corneas_lightning_logs_version_13_checkpoints_last_ckptx_3_y_3_z_3_average_threshold_0_5_prediction_peak_min_val_0_25_method_max_filter,./analysis_output/P_gracilis_FEG190213_003a_head-image.logs_paraphronima_corneas_lightning_logs_version_13_checkpoints_last_ckptx_3_y_3_z_3_average_threshold_0_5_prediction_peak_min_val_0_25_method_max_filter.resampled_space_peaks_results.pickle
P_robisoni_FEG200205_105-image.logs_paraphronima_corneas_lightning_logs_version_13_checkpoints_last_ckptx_3_y_3_z_3_average_threshold_0_25_prediction_peak_min_val_0_25_method_center_of_mass,./analysis_output/P_robisoni_FEG200205_105-image.logs_paraphronima_corneas_lightning_logs_version_13_checkpoints_last_ckptx_3_y_3_z_3_average_threshold_0_25_prediction_peak_min_val_0_25_method_center_of_mass.resampled_space_peaks_results.pickle
Paraphronima_FEG181024_head_sp_8_1423158-image.logs_paraphronima_corneas_lightning_logs_version_13_checkpoints_last_ckptx_3_y_3_z_3_average_threshold_0_5_prediction_peak_min_val_0_5_method_max_filter,./analysis_output/Paraphronima_FEG181024_head_sp_8_1423158-image.logs_paraphronima_corneas_lightning_logs_version_13_checkpoints_last_ckptx_3_y_3_z_3_average_threshold_0_5_prediction_peak_min_val_0_5_method_max_filter.resampled_space_peaks_results.pickle
P_crassipes_FEG190801_034_00001_new-image.logs_paraphronima_corneas_lightning_logs_version_13_checkpoints_last_ckptx_3_y_3_z_3_average_threshold_0_5_prediction_peak_min_val_0_5_method_max_filter,./analysis_output/P_crassipes_FEG190801_034_00001_new-image.logs_paraphronima_corneas_lightning_logs_version_13_checkpoints_last_ckptx_3_y_3_z_3_average_threshold_0_5_prediction_peak_min_val_0_5_method_max_filter.resampled_space_peaks_results.pickle
P_gracilis_FEG190213_003a_head-image.logs_paraphronima_corneas_lightning_logs_version_13_checkpoints_last_ckptx_3_y_3_z_3_average_threshold_0_25_prediction_peak_min_val_0_5_method_center_of_mass,./analysis_output/P_gracilis_FEG190213_003a_head-image.logs_paraphronima_corneas_lightning_logs_version_13_checkpoints_last_ckptx_3_y_3_z_3_average_threshold_0_25_prediction_peak_min_val_0_5_method_center_of_mass.resampled_space_peaks_results.pickle
P_crassipes_FEG190213_003b_02_head-image.logs_paraphronima_corneas_lightning_logs_version_13_checkpoints_last_ckptx_3_y_3_z_3_average_threshold_0_5_prediction_peak_min_val_0_25_method_max_filter,./analysis_output/P_crassipes_FEG190213_003b_02_head-image.logs_paraphronima_corneas_lightning_logs_version_13_checkpoints_last_ckptx_3_y_3_z_3_average_threshold_0_5_prediction_peak_min_val_0_25_method_max_filter.resampled_space_peaks_results.pickle
FEG200205_108_crop-image.logs_paraphronima_rhabdoms_whole_scans_lightning_logs_version_1_checkpoints_last_ckptx_3_y_3_z_3_average_threshold_0_5_prediction_peak_min_val_0_5_method_max_filter,./analysis_output/FEG200205_108_crop-image.logs_paraphronima_rhabdoms_whole_scans_lightning_logs_version_1_checkpoints_last_ckptx_3_y_3_z_3_average_threshold_0_5_prediction_peak_min_val_0_5_method_max_filter.resampled_space_peaks_results.pickle
P_crassipes_FEG200129_099-image.logs_paraphronima_rhabdoms_whole_scans_lightning_logs_version_1_checkpoints_last_ckptx_3_y_3_z_3_average_threshold_0_25_prediction_peak_min_val_0_25_method_center_of_mass,./analysis_output/P_crassipes_FEG200129_099-image.logs_paraphronima_rhabdoms_whole_scans_lightning_logs_version_1_checkpoints_last_ckptx_3_y_3_z_3_average_threshold_0_25_prediction_peak_min_val_0_25_method_center_of_mass.resampled_space_peaks_results.pickle
P_crassipes_FEG190213_003b_02_head-image.logs_paraphronima_corneas_without_elastic_deformation_lightning_logs_version_2_checkpoints_last_ckptx_3_y_3_z_3_average_threshold_0_5_prediction_peak_min_val_0_5_method_max_filter,./analysis_output/P_crassipes_FEG190213_003b_02_head-image.logs_paraphronima_corneas_without_elastic_deformation_lightning_logs_version_2_checkpoints_last_ckptx_3_y_3_z_3_average_threshold_0_5_prediction_peak_min_val_0_5_method_max_filter.resampled_space_pea_results.pickle
P_gracilis_FEG190213_003a_head-image.logs_paraphronima_corneas_without_elastic_deformation_lightning_logs_version_2_checkpoints_last_ckptx_3_y_3_z_3_average_threshold_None_prediction_peak_min_val_0_5_method_max_filter,./analysis_output/P_gracilis_FEG190213_003a_head-image.logs_paraphronima_corneas_without_elastic_deformation_lightning_logs_version_2_checkpoints_last_ckptx_3_y_3_z_3_average_threshold_None_prediction_peak_min_val_0_5_method_max_filter.resampled_space_peaks_results.pickle
P_gracilis_FEG190213_003a_head-image.logs_paraphronima_corneas_without_elastic_deformation_lightning_logs_version_2_checkpoints_last_ckptx_3_y_3_z_3_average_threshold_None_prediction_peak_min_val_0_25_method_max_filter,./analysis_output/P_gracilis_FEG190213_003a_head-image.logs_paraphronima_corneas_without_elastic_deformation_lightning_logs_version_2_checkpoints_last_ckptx_3_y_3_z_3_average_threshold_None_prediction_peak_min_val_0_25_method_max_filter.resampled_space_peaks_results.pickle
P_crassipes_FEG190213_003b_02_head-image.logs_paraphronima_corneas_without_elastic_deformation_lightning_logs_version_2_checkpoints_last_ckptx_3_y_3_z_3_average_threshold_0_25_prediction_peak_min_val_0_5_method_center_of_mass,./analysis_output/P_crassipes_FEG190213_003b_02_head-image.logs_paraphronima_corneas_without_elastic_deformation_lightning_logs_version_2_checkpoints_last_ckptx_3_y_3_z_3_average_threshold_0_25_prediction_peak_min_val_0_5_method_center_of_mass.resampled_spac_results.pickle
P_robisoni_FEG200205_105-image.logs_paraphronima_corneas_without_elastic_deformation_lightning_logs_version_2_checkpoints_last_ckptx_3_y_3_z_3_average_threshold_None_prediction_peak_min_val_0_25_method_max_filter,./analysis_output/P_robisoni_FEG200205_105-image.logs_paraphronima_corneas_without_elastic_deformation_lightning_logs_version_2_checkpoints_last_ckptx_3_y_3_z_3_average_threshold_None_prediction_peak_min_val_0_25_method_max_filter.resampled_space_peaks_results.pickle
Paraphronima_FEG181024_head_sp_8_1423158-image.logs_paraphronima_corneas_without_elastic_deformation_lightning_logs_version_2_checkpoints_last_x_3_y_3_z_3_average_threshold_0.25_prediction_peak_min_val_0_5_method_max_filter,./analysis_output/Paraphronima_FEG181024_head_sp_8_1423158-image.logs_paraphronima_corneas_without_elastic_deformation_lightning_logs_version_2_checkpoints_last_x_3_y_3_z_3_average_threshold_0.25_prediction_peak_min_val_0_5_method_max_filter.resampled_space__results.pickle
P_crassipes_FEG190213_003b_02_head-image.logs_paraphronima_corneas_without_elastic_deformation_lightning_logs_version_2_checkpoints_last_ckptx_3_y_3_z_3_average_threshold_0_25_prediction_peak_min_val_0_25_method_center_of_mass,./analysis_output/P_crassipes_FEG190213_003b_02_head-image.logs_paraphronima_corneas_without_elastic_deformation_lightning_logs_version_2_checkpoints_last_ckptx_3_y_3_z_3_average_threshold_0_25_prediction_peak_min_val_0_25_method_center_of_mass.resampled_spa_results.pickle
P_crassipes_FEG190801_034_00001_new-image.logs_paraphronima_corneas_without_elastic_deformation_lightning_logs_version_2_checkpoints_last_ckptx_3_y_3_z_3_average_threshold_0_25_prediction_peak_min_val_0_5_method_center_of_mass,./analysis_output/P_crassipes_FEG190801_034_00001_new-image.logs_paraphronima_corneas_without_elastic_deformation_lightning_logs_version_2_checkpoints_last_ckptx_3_y_3_z_3_average_threshold_0_25_prediction_peak_min_val_0_5_method_center_of_mass.resampled_spa_results.pickle
P_robisoni_FEG200205_105-image.logs_paraphronima_corneas_without_elastic_deformation_lightning_logs_version_2_checkpoints_last_ckptx_3_y_3_z_3_average_threshold_0_5_prediction_peak_min_val_0_25_method_max_filter,./analysis_output/P_robisoni_FEG200205_105-image.logs_paraphronima_corneas_without_elastic_deformation_lightning_logs_version_2_checkpoints_last_ckptx_3_y_3_z_3_average_threshold_0_5_prediction_peak_min_val_0_25_method_max_filter.resampled_space_peaks_results.pickle
P_crassipes_FEG190801_034_00001_new-image.logs_paraphronima_corneas_without_random_scale_lightning_logs_version_3_checkpoints_last_ckptx_3_y_3_z_3_average_threshold_0_25_prediction_peak_min_val_0_25_method_max_filter,./analysis_output/P_crassipes_FEG190801_034_00001_new-image.logs_paraphronima_corneas_without_random_scale_lightning_logs_version_3_checkpoints_last_ckptx_3_y_3_z_3_average_threshold_0_25_prediction_peak_min_val_0_25_method_max_filter.resampled_space_peaks_results.pickle
Paraphronima_FEG181024_head_sp_8_1423158-image.logs_paraphronima_corneas_without_random_scale_lightning_logs_version_3_checkpoints_last_ckptx_3_y_3_z_3_average_threshold_0_25_prediction_peak_min_val_0_25_method_max_filter,./analysis_output/Paraphronima_FEG181024_head_sp_8_1423158-image.logs_paraphronima_corneas_without_random_scale_lightning_logs_version_3_checkpoints_last_ckptx_3_y_3_z_3_average_threshold_0_25_prediction_peak_min_val_0_25_method_max_filter.resampled_space_pe_results.pickle
P_crassipes_FEG190801_034_00001_new-image.logs_paraphronima_corneas_without_random_scale_lightning_logs_version_3_checkpoints_last_x_3_y_3_z_3_average_threshold_None_prediction_peak_min_val_0_5_method_center_of_mass,./analysis_output/P_crassipes_FEG190801_034_00001_new-image.logs_paraphronima_corneas_without_random_scale_lightning_logs_version_3_checkpoints_last_x_3_y_3_z_3_average_threshold_None_prediction_peak_min_val_0_5_method_center_of_mass.resampled_space_peaks_results.pickle
Paraphronima_FEG181024_head_sp_8_1423158-image.logs_paraphronima_corneas_without_random_scale_lightning_logs_version_3_checkpoints_last_x_3_y_3_z_3_average_threshold_0.5_prediction_peak_min_val_0_5_method_center_of_mass,./analysis_output/Paraphronima_FEG181024_head_sp_8_1423158-image.logs_paraphronima_corneas_without_random_scale_lightning_logs_version_3_checkpoints_last_x_3_y_3_z_3_average_threshold_0.5_prediction_peak_min_val_0_5_method_center_of_mass.resampled_space_peak_results.pickle
P_robisoni_FEG200205_105-image.logs_paraphronima_corneas_without_random_scale_lightning_logs_version_3_checkpoints_last_x_3_y_3_z_3_average_threshold_0.5_prediction_peak_min_val_0_25_method_max_filter,./analysis_output/P_robisoni_FEG200205_105-image.logs_paraphronima_corneas_without_random_scale_lightning_logs_version_3_checkpoints_last_x_3_y_3_z_3_average_threshold_0.5_prediction_peak_min_val_0_25_method_max_filter.resampled_space_peaks_results.pickle
P_robisoni_FEG200205_105-image.logs_paraphronima_corneas_without_random_scale_lightning_logs_version_3_checkpoints_last_x_3_y_3_z_3_average_threshold_0.25_prediction_peak_min_val_0_5_method_max_filter,./analysis_output/P_robisoni_FEG200205_105-image.logs_paraphronima_corneas_without_random_scale_lightning_logs_version_3_checkpoints_last_x_3_y_3_z_3_average_threshold_0.25_prediction_peak_min_val_0_5_method_max_filter.resampled_space_peaks_results.pickle
P_gracilis_FEG190213_003a_head-image.logs_paraphronima_corneas_without_random_scale_lightning_logs_version_3_checkpoints_last_x_3_y_3_z_3_average_threshold_0.25_prediction_peak_min_val_0_25_method_center_of_mass,./analysis_output/P_gracilis_FEG190213_003a_head-image.logs_paraphronima_corneas_without_random_scale_lightning_logs_version_3_checkpoints_last_x_3_y_3_z_3_average_threshold_0.25_prediction_peak_min_val_0_25_method_center_of_mass.resampled_space_peaks_results.pickle
Paraphronima_FEG181024_head_sp_8_1423158-image.logs_paraphronima_corneas_without_random_scale_lightning_logs_version_3_checkpoints_last_x_3_y_3_z_3_average_threshold_None_prediction_peak_min_val_0_25_method_center_of_mass,./analysis_output/Paraphronima_FEG181024_head_sp_8_1423158-image.logs_paraphronima_corneas_without_random_scale_lightning_logs_version_3_checkpoints_last_x_3_y_3_z_3_average_threshold_None_prediction_peak_min_val_0_25_method_center_of_mass.resampled_space_pe_results.pickle
P_robisoni_FEG200205_105-image.logs_paraphronima_corneas_without_random_scale_lightning_logs_version_3_checkpoints_last_ckptx_3_y_3_z_3_average_threshold_0_5_prediction_peak_min_val_0_25_method_center_of_mass,./analysis_output/P_robisoni_FEG200205_105-image.logs_paraphronima_corneas_without_random_scale_lightning_logs_version_3_checkpoints_last_ckptx_3_y_3_z_3_average_threshold_0_5_prediction_peak_min_val_0_25_method_center_of_mass.resampled_space_peaks_results.pickle
P_gracilis_FEG190213_003a_head-image.logs_paraphronima_corneas_without_random_rotation_lightning_logs_version_1_checkpoints_last_ckptx_3_y_3_z_3_average_threshold_0_5_prediction_peak_min_val_0_25_method_max_filter,./analysis_output/P_gracilis_FEG190213_003a_head-image.logs_paraphronima_corneas_without_random_rotation_lightning_logs_version_1_checkpoints_last_ckptx_3_y_3_z_3_average_threshold_0_5_prediction_peak_min_val_0_25_method_max_filter.resampled_space_peaks_results.pickle
P_crassipes_FEG190801_034_00001_new-image.logs_paraphronima_corneas_without_random_rotation_lightning_logs_version_1_checkpoints_last_x_3_y_3_z_3_average_threshold_None_prediction_peak_min_val_0_25_method_max_filter,./analysis_output/P_crassipes_FEG190801_034_00001_new-image.logs_paraphronima_corneas_without_random_rotation_lightning_logs_version_1_checkpoints_last_x_3_y_3_z_3_average_threshold_None_prediction_peak_min_val_0_25_method_max_filter.resampled_space_peaks_results.pickle
Paraphronima_FEG181024_head_sp_8_1423158-image.logs_paraphronima_corneas_without_random_rotation_lightning_logs_version_1_checkpoints_last_x_3_y_3_z_3_average_threshold_0.5_prediction_peak_min_val_0_5_method_max_filter,./analysis_output/Paraphronima_FEG181024_head_sp_8_1423158-image.logs_paraphronima_corneas_without_random_rotation_lightning_logs_version_1_checkpoints_last_x_3_y_3_z_3_average_threshold_0.5_prediction_peak_min_val_0_5_method_max_filter.resampled_space_peaks_results.pickle
Paraphronima_FEG181024_head_sp_8_1423158-image.logs_paraphronima_corneas_without_random_rotation_lightning_logs_version_1_checkpoints_last_ckptx_3_y_3_z_3_average_threshold_0_5_prediction_peak_min_val_0_5_method_center_of_mass,./analysis_output/Paraphronima_FEG181024_head_sp_8_1423158-image.logs_paraphronima_corneas_without_random_rotation_lightning_logs_version_1_checkpoints_last_ckptx_3_y_3_z_3_average_threshold_0_5_prediction_peak_min_val_0_5_method_center_of_mass.resampled_spa_results.pickle
P_crassipes_FEG190801_034_00001_new-image.logs_paraphronima_corneas_without_random_rotation_lightning_logs_version_1_checkpoints_last_ckptx_3_y_3_z_3_average_threshold_None_prediction_peak_min_val_0_5_method_center_of_mass,./analysis_output/P_crassipes_FEG190801_034_00001_new-image.logs_paraphronima_corneas_without_random_rotation_lightning_logs_version_1_checkpoints_last_ckptx_3_y_3_z_3_average_threshold_None_prediction_peak_min_val_0_5_method_center_of_mass.resampled_space_p_results.pickle
P_crassipes_FEG190801_034_00001_new-image.logs_paraphronima_corneas_without_random_rotation_lightning_logs_version_1_checkpoints_last_x_3_y_3_z_3_average_threshold_0.25_prediction_peak_min_val_0_5_method_center_of_mass,./analysis_output/P_crassipes_FEG190801_034_00001_new-image.logs_paraphronima_corneas_without_random_rotation_lightning_logs_version_1_checkpoints_last_x_3_y_3_z_3_average_threshold_0.25_prediction_peak_min_val_0_5_method_center_of_mass.resampled_space_peaks_results.pickle
P_robisoni_FEG200205_105-image.logs_paraphronima_corneas_without_random_rotation_lightning_logs_version_1_checkpoints_last_ckptx_3_y_3_z_3_average_threshold_0_25_prediction_peak_min_val_0_5_method_max_filter,./analysis_output/P_robisoni_FEG200205_105-image.logs_paraphronima_corneas_without_random_rotation_lightning_logs_version_1_checkpoints_last_ckptx_3_y_3_z_3_average_threshold_0_25_prediction_peak_min_val_0_5_method_max_filter.resampled_space_peaks_results.pickle
dampieri_male_16-image,./analysis_output/dampieri_male_16-image.logs_fi_897f23a5_results.pickle
,./analysis_output/flammula_20190925_male_left-im_46618520_results.pickle
FEG200205_108_crop-image,./analysis_output/FEG200205_108_crop-image.logs__c74eabe1_results.pickle
