index,axis-0,axis-1,axis-2,axis-3
0.0,0.0,598.0,463.398740966132,482.50429124635457
1.0,0.0,604.0,455.33198606207446,511.9169206657643
2.0,0.0,613.0,468.4870017517683,497.148553995259
3.0,0.0,593.0,442.30107429398157,528.9191579250855
4.0,0.0,589.0,448.00985468762224,497.64496968166253
5.0,0.0,607.0,475.8091331262205,468.9769637918581
